,url
0,"https://www.google.com/maps/place/MINISTOP+Tr%C6%B0%C6%A1ng+V%C4%A9nh+K%C3%BD/@10.7943632,106.6282749,17z/data=!3m1!4b1!4m6!3m5!1s0x317529000c47913d:0xcea0eca8bf9ddacd!8m2!3d10.7943579!4d106.6308498!16s%2Fg%2F11y0dy1gr9?entry=ttu&g_ep=EgoyMDI1MTAyOS4yIKXMDSoASAFQAw%3D%3D"
1,"https://www.google.com/maps/place/Ministop+-+318+Nguy%E1%BB%85n+Tr%C3%A3i/@10.7550554,106.6486337,14z/data=!4m10!1m2!2m1!1sMinistop+-++Nguy%E1%BB%85n+Tr%C3%A3i+2+!3m6!1s0x31752f0067d157b3:0xe0577ff0296c36cc!8m2!3d10.7560026!4d106.674836!15sCh1NaW5pc3RvcCAtICBOZ3V54buFbiBUcsOjaSAyICIDiAEBWhsiGW1pbmlzdG9wIG5ndXnhu4VuIHRyw6NpIDKSARFjb252ZW5pZW5jZV9zdG9yZZoBRENpOURRVWxSUVVOdlpFTm9kSGxqUmpsdlQyczFabFJWZEhwWU1EQXdXbGR2ZUZneVVUVlZNV1J1WVVWa2VtSXdSUkFC4AEA-gEECCkQFA!16s%2Fg%2F11xvtqltwj?entry=ttu&g_ep=EgoyMDI1MTAyOS4yIKXMDSoASAFQAw%3D%3D"
2,"https://www.google.com/maps/search/Ministop+-++L%C3%AA+V%C4%83n+S%E1%BB%B9+2+/@10.7890534,106.6731239,17z/data=!3m1!4b1?entry=ttu&g_ep=EgoyMDI1MTAyOS4yIKXMDSoASAFQAw%3D%3D"
3,"https://www.google.com/maps/place/MINISTOP+S268+-+SCENIC+VALLEY+2/@10.7313421,106.714723,17z/data=!3m1!4b1!4m6!3m5!1s0x31752f0051cd8381:0x85abd69c5c6fa519!8m2!3d10.7313368!4d106.7172979!16s%2Fg%2F11xz0js1mz?entry=ttu&g_ep=EgoyMDI1MTAyOS4yIKXMDSoASAFQAw%3D%3D"
4,"https://www.google.com/maps/place/S267+Ministop/@10.8047421,106.6925644,17z/data=!3m1!4b1!4m6!3m5!1s0x317529004adb0c1f:0xa9619d04899e2cb0!8m2!3d10.8047368!4d106.6951393!16s%2Fg%2F11zhzcwjt6?entry=ttu&g_ep=EgoyMDI1MTAyOS4yIKXMDSoASAFQAw%3D%3D"
5,"https://www.google.com/maps/place/MINISTOP+-+TR%E1%BA%A6N+QU%E1%BB%90C+HO%C3%80N/@10.8058881,106.6616727,17z/data=!3m1!4b1!4m6!3m5!1s0x317529002bc94a43:0x69381db8ded344c4!8m2!3d10.8058828!4d106.6642476!16s%2Fg%2F11xncrd93n?entry=ttu&g_ep=EgoyMDI1MTAyOS4yIKXMDSoASAFQAw%3D%3D"
6,"https://www.google.com/maps/place/Mini+Stop/@10.8046445,106.7125333,17z/data=!4m10!1m2!2m1!1sministop+vo+oanh!3m6!1s0x317529001c2dce5d:0xd88915627ded901a!8m2!3d10.8046445!4d106.714722!15sChBtaW5pc3RvcCB2byBvYW5oIgOIAQGSARFjb252ZW5pZW5jZV9zdG9yZeABAA!16s%2Fg%2F11yjhkkj6k?entry=ttu&g_ep=EgoyMDI1MTAyOS4yIKXMDSoASAFQAw%3D%3D"
7,"https://www.google.com/maps/place/MINISTOP+S264+-+T%C3%94+V%C4%A8NH+DI%E1%BB%86N/@10.8523976,106.7641949,17z/data=!3m1!4b1!4m6!3m5!1s0x3175270067c951e1:0x7c0e13de2d04a91!8m2!3d10.8523923!4d106.7667698!16s%2Fg%2F11xlpl0qd_?entry=ttu&g_ep=EgoyMDI1MTAyOS4yIKXMDSoASAFQAw%3D%3D"
8,"https://www.google.com/maps/place/Ministop+-+S263+-+Ho%C3%A0ng+Vi%E1%BB%87t/@10.7945186,106.652622,16z/data=!4m10!1m2!2m1!1sMinistop+-++Ho%C3%A0ng+Vi%E1%BB%87t+3+!3m6!1s0x317529007611b5d1:0x528700dbb7bb77e7!8m2!3d10.7953043!4d106.6590358!15sChxNaW5pc3RvcCAtICBIb8OgbmcgVmnhu4d0IDMgIgOIAQFaGiIYbWluaXN0b3AgaG_DoG5nIHZp4buHdCAzkgEMb3V0bGV0X3N0b3JlmgFEQ2k5RFFVbFJRVU52WkVOb2RIbGpSamx2VDJ3NE0wOVlSbkJqVldRelV6Sk9XbEl4YURCbGEwWlVXREo0UWxWclJSQULgAQD6AQQIABAi!16s%2Fg%2F11y7jz_j_q?entry=ttu&g_ep=EgoyMDI1MTAyOS4yIKXMDSoASAFQAw%3D%3D"
9,"https://www.google.com/maps/place/CHTL+-+MINISTOP+-+261+-+%C4%90%C6%B0%E1%BB%9Dng+s%E1%BB%91+20/@10.8277355,106.6528064,12z/data=!4m7!3m6!1s0x317529004175dbe3:0xe58865645e8ed5a0!8m2!3d10.8277355!4d106.7228442!15sCh5NaW5pc3RvcCAtICDEkMaw4budbmcgc-G7kSAyMCAiA4gBAVocIhptaW5pc3RvcCDEkcaw4budbmcgc-G7kSAyMJIBDG91dGxldF9zdG9yZZoBI0NoWkRTVWhOTUc5blMwVkpRMEZuU1VSSWRtVnFNbGRSRUFF4AEA-gEECG4QJQ!16s%2Fg%2F11wc4j87ry?entry=tts&g_ep=EgoyMDI1MTAyOS4yIPu8ASoASAFQAw%3D%3D&skid=109155eb-7ae1-47a5-b019-c170c15e3d54"
10,"https://www.google.com/maps/place/Ministop/@10.787163,106.645133,21z/data=!4m15!1m8!3m7!1s0x31752eb3ff857ae9:0x261b1eeb624d4d05!2zxJDGsOG7nW5nIHPhu5EgMSwgVGjDoG5oIHBo4buRIEjhu5MgQ2jDrSBNaW5oLCBWaWV0bmFt!3b1!8m2!3d10.7870767!4d106.6451745!16s%2Fg%2F1tm089f5!3m5!1s0x31752f005633d0f9:0xa361ed6dd69a4e5c!8m2!3d10.7871236!4d106.6452212!16s%2Fg%2F11w37p8lly?entry=ttu&g_ep=EgoyMDI1MTAyOS4yIKXMDSoASAFQAw%3D%3D"
11,"https://www.google.com/maps/place/CHTL+Ministop+-+S260+-+L%C3%BD+Ch%C3%ADnh+Th%E1%BA%AFng/@10.7789532,106.6792375,17z/data=!3m1!4b1!4m6!3m5!1s0x31752f006ffb8135:0xcd8bf4d969c7c31f!8m2!3d10.7789479!4d106.6818124!16s%2Fg%2F11w4cb_56h?entry=ttu&g_ep=EgoyMDI1MTAyOS4yIKXMDSoASAFQAw%3D%3D"
12,"https://www.google.com/maps/place/CHTL+-+MINISTOP+-+259+-+C%C6%B0+x%C3%A1+Ph%C3%BA+L%C3%A2m+D/@10.7377262,106.6272347,17z/data=!3m1!4b1!4m6!3m5!1s0x31752f0067a8de63:0x712161c761860643!8m2!3d10.7377209!4d106.6298096!16s%2Fg%2F11wc9lm7rc?entry=ttu&g_ep=EgoyMDI1MTAyOS4yIKXMDSoASAFQAw%3D%3D"
13,"https://www.google.com/maps/place/CHTL+-+MINISTOP+-+S258+-+L%C3%AA+Minh+Xu%C3%A2n/@10.7870904,106.6514923,17z/data=!3m1!4b1!4m6!3m5!1s0x31752f0078501f95:0x83a3d5ad6fab7638!8m2!3d10.7870851!4d106.6540672!16s%2Fg%2F11w3vbqzf9?entry=ttu&g_ep=EgoyMDI1MTAyOS4yIKXMDSoASAFQAw%3D%3D"
14,"https://www.google.com/maps/place/CHTL+-+MINISTOP+-+S257+-+%C4%90%C6%B0%E1%BB%9Dng+s%E1%BB%91+29/@10.7568198,106.6091531,17z/data=!3m1!4b1!4m6!3m5!1s0x31752d0009d9f3f5:0x7d10875e351a63b3!8m2!3d10.7568145!4d106.611728!16s%2Fg%2F11y6b46zks?entry=ttu&g_ep=EgoyMDI1MTAyOS4yIKXMDSoASAFQAw%3D%3D"
15,"https://www.google.com/maps/place/CHTL+Ministop+-+S256+-+T%C3%A2n+S%C6%A1n+Nh%C3%AC/@10.7990691,106.491807,11z/data=!4m10!1m2!2m1!1zTWluaXN0b3AgLSAgVMOibiBTxqFuIE5ow6wgMyA!3m6!1s0x3175290077e3f453:0x59a2d476e31264d7!8m2!3d10.7990691!4d106.6318827!15sCh1NaW5pc3RvcCAtICBUw6JuIFPGoW4gTmjDrCAzICIDiAEBWhsiGW1pbmlzdG9wIHTDom4gc8ahbiBuaMOsIDOSAQxvdXRsZXRfc3RvcmWaASRDaGREU1VoTk1HOW5TMFZNWVZjeVgxQTJNRTE1VVdkUlJSQULgAQD6AQQIABA8!16s%2Fg%2F11vxygdcwx?entry=ttu&g_ep=EgoyMDI1MTAyOS4yIKXMDSoASAFQAw%3D%3D"
16,"https://www.google.com/maps/place/MINISTOP+-+Tan+Ky+Tan+Quy/@10.803264,106.6221479,15z/data=!4m10!1m2!2m1!1zTWluaXN0b3AgLSAgVMOibiBL4buzIFTDom4gUXXDvSAzIA!3m6!1s0x317529000bfa0347:0x3c73f3c990def354!8m2!3d10.803264!4d106.6309026!15sCiJNaW5pc3RvcCAtICBUw6JuIEvhu7MgVMOibiBRdcO9IDMgIgOIAQFaICIebWluaXN0b3AgdMOibiBr4buzIHTDom4gcXXDvSAzkgERY29udmVuaWVuY2Vfc3RvcmWaASNDaFpEU1VoTk1HOW5TMFZKUTBGblNVTnlMVFZwWWxkM0VBReABAPoBBAgAECo!16s%2Fg%2F11v_4pv2c9?entry=ttu&g_ep=EgoyMDI1MTAyOS4yIKXMDSoASAFQAw%3D%3D"
17,"https://www.google.com/maps/place/CHTL+-+MINISTOP+-+S254+-+Celadon+City/@10.8042277,106.6142255,17z/data=!4m10!1m2!2m1!1sMinistop+-++Alnata+Plus+%E2%80%93+Celadon+City+!3m6!1s0x31752b005445caf1:0xb75d59c613fde84!8m2!3d10.8039193!4d106.6167408!15sCilNaW5pc3RvcCAtICBBbG5hdGEgUGx1cyDigJMgQ2VsYWRvbiBDaXR5ICIDiAEBkgEMb3V0bGV0X3N0b3Jl4AEA!16s%2Fg%2F11w3lspy4c?entry=ttu&g_ep=EgoyMDI1MTAyOS4yIKXMDSoASAFQAw%3D%3D"
18,"https://www.google.com/maps/place/Ministop+Topaz+Home+2/@10.8648534,106.8082382,17z/data=!3m1!4b1!4m6!3m5!1s0x3175270004299aa7:0x6027059844f6f3b1!8m2!3d10.8648481!4d106.8108131!16s%2Fg%2F11w3bv9qcq?entry=ttu&g_ep=EgoyMDI1MTAyOS4yIKXMDSoASAFQAw%3D%3D"
19,"https://www.google.com/maps/place/Ministop/@10.7805338,106.6665568,17z/data=!3m1!4b1!4m6!3m5!1s0x31752f0058cc8acd:0xe2388717e1b34937!8m2!3d10.7805285!4d106.6691317!16s%2Fg%2F11vzgg48fb?entry=ttu&g_ep=EgoyMDI1MTAyOS4yIKXMDSoASAFQAw%3D%3D"
20,"https://www.google.com/maps/place/Ministop+-+Westgate/@10.6844901,106.5370903,14z/data=!4m10!1m2!2m1!1sMinistop+-++Westgate+!3m6!1s0x317533000fa7efe7:0x6c66ad9c7427587c!8m2!3d10.6902398!4d106.5862555!15sChVNaW5pc3RvcCAtICBXZXN0Z2F0ZSAiA4gBAVoTIhFtaW5pc3RvcCB3ZXN0Z2F0ZZIBEWNvbnZlbmllbmNlX3N0b3Jl4AEA!16s%2Fg%2F11y43xgh7w?entry=ttu&g_ep=EgoyMDI1MTAyOS4yIKXMDSoASAFQAw%3D%3D"
21,"https://www.google.com/maps/place/CHTL+-+MINISTOP+-+S249+-+Ch%C6%B0%C6%A1ng+D%C6%B0%C6%A1ng/@10.8518964,106.6158871,12z/data=!4m7!3m6!1s0x317527003eb8b265:0xb66c1c8a40cc9da4!8m2!3d10.8518964!4d106.7600827!15sCh9NaW5pc3RvcCAtICBDaMawxqFuZyBExrDGoW5nIDIgIgOIAQFaHSIbbWluaXN0b3AgY2jGsMahbmcgZMawxqFuZyAykgEMb3V0bGV0X3N0b3JlmgEjQ2haRFNVaE5NRzluUzBWSlEwRm5TVVJJTVRZM1ZHVkJFQUXgAQD6AQQIABAc!16s%2Fg%2F11w91xtj68?entry=tts&g_ep=EgoyMDI1MTAyOS4yIPu8ASoASAFQAw%3D%3D&skid=aa4c734a-67a6-44c0-b162-478e7e948018"
22,"https://www.google.com/maps/place/Ministop+-+UOA+Tower/@10.7301259,106.7221183,17z/data=!3m1!4b1!4m6!3m5!1s0x31752500042a5461:0xebe8bf52a1f4bea1!8m2!3d10.7301206!4d106.7246932!16s%2Fg%2F11y3vq_2r4?entry=ttu&g_ep=EgoyMDI1MTAyOS4yIKXMDSoASAFQAw%3D%3D"
23,"https://www.google.com/maps/place/Ministop+-+65bis+M%E1%BA%A1c+%C4%90%C4%A9nh+Chi/@10.7879076,106.4074664,11z/data=!4m7!3m6!1s0x31752f002457f085:0x951193ca4b0a3823!8m2!3d10.7879076!4d106.6958575!15sCh9NaW5pc3RvcCAtICBN4bqhYyDEkMSpbmggQ2hpIDIgIgOIAQFaHSIbbWluaXN0b3AgbeG6oWMgxJHEqW5oIGNoaSAykgERY29udmVuaWVuY2Vfc3RvcmWaASNDaFpEU1VoTk1HOW5TMFZKUTBGblNVUk1ieTE2TTFkQkVBReABAPoBBAgAEDM!16s%2Fg%2F11vwrlsk_d?entry=tts&g_ep=EgoyMDI1MTAyOS4yIPu8ASoASAFQAw%3D%3D&skid=4ce678c4-cb2d-4ed9-ab8d-83c2259d0d43"
24,"https://www.google.com/maps/place/CHTL+-+MINISTOP+-+246+-+%C4%90i%E1%BB%87n+Bi%C3%AAn+Ph%E1%BB%A7/@10.7975135,106.7035872,21z/data=!4m15!1m8!3m7!1s0x317528b71b9d435b:0x619fe127943c7dd0!2zMTUzIMSQaeG7h24gQmnDqm4gUGjhu6csIFBoxrDhu51uZyAyLCBCw6xuaCBUaOG6oW5oLCBUaMOgbmggcGjhu5EgSOG7kyBDaMOtIE1pbmgsIFZpZXRuYW0!3b1!8m2!3d10.7975082!4d106.7037481!16s%2Fg%2F11lk04vly7!3m5!1s0x317529003a924565:0x20fa51ea59cde12d!8m2!3d10.7974295!4d106.7037547!16s%2Fg%2F11lnwmwb71?entry=ttu&g_ep=EgoyMDI1MTAyOS4yIKXMDSoASAFQAw%3D%3D"
25,"https://www.google.com/maps/place/Ministop/@10.8063431,106.6966936,21z/data=!4m15!1m8!3m7!1s0x317528c12808ae23:0x71306324f85af8f!2zOTcgTMOqIFF1YW5nIMSQ4buLbmgsIFBoxrDhu51uZyAxNCwgQsOsbmggVGjhuqFuaCwgVGjDoG5oIHBo4buRIEjhu5MgQ2jDrSBNaW5oLCBWaWV0bmFt!3b1!8m2!3d10.8063378!4d106.6968545!16s%2Fg%2F11bw3_t78r!3m5!1s0x31752900179abc1b:0xcca34a06295501ee!8m2!3d10.8063378!4d106.6968545!16s%2Fg%2F11vwnh8zv7?entry=ttu&g_ep=EgoyMDI1MTAyOS4yIKXMDSoASAFQAw%3D%3D"
26,"https://www.google.com/maps/place/MINISTOP+-+S243+-+An+D%C6%B0%C6%A1ng+V%C6%B0%C6%A1ng/@10.7532575,106.6244107,17z/data=!3m1!4b1!4m6!3m5!1s0x31752d0059628c91:0x4c7b780104f45cfe!8m2!3d10.7532575!4d106.6244107!16s%2Fg%2F11vx25nyg4?entry=ttu&g_ep=EgoyMDI1MTAyOS4yIKXMDSoASAFQAw%3D%3D"
27,"https://www.google.com/maps/place/MINISTOP+-+S242+-+H%C3%B2a+B%C3%ACnh/@10.769648,106.6152745,15z/data=!4m10!1m2!2m1!1sMinistop+-++H%C3%B2a+B%C3%ACnh+!3m6!1s0x31752f0035fb3deb:0xa7d4a050a5791453!8m2!3d10.769648!4d106.6332989!15sChdNaW5pc3RvcCAtICBIw7JhIELDrG5oICIDiAEBkgERY29udmVuaWVuY2Vfc3RvcmXgAQA!16s%2Fg%2F11y45k6p0t?entry=ttu&g_ep=EgoyMDI1MTAyOS4yIKXMDSoASAFQAw%3D%3D"
28,"https://www.google.com/maps/place/Ministop+-+C%C4%90KT+%C4%90%E1%BB%91i+Ngo%E1%BA%A1i/@10.8126338,106.7694172,17z/data=!3m1!4b1!4m6!3m5!1s0x317526f674a4dd07:0xa861f71f0ce7c3a!8m2!3d10.8126285!4d106.7719921!16s%2Fg%2F11xdz_1_2?entry=ttu&g_ep=EgoyMDI1MTAyOS4yIKXMDSoASAFQAw%3D%3D"
29,"https://www.google.com/maps/place/MINISTOP+-+S239+-+%C4%90%C6%B0%E1%BB%9Dng+s%E1%BB%91+12/@10.7925193,106.7319065,17z/data=!3m1!4b1!4m6!3m5!1s0x317527002a111fc5:0x437c1c5d03656612!8m2!3d10.7925193!4d106.7319065!16s%2Fg%2F11vz94j1vy?authuser=0&hl=en&entry=ttu&g_ep=EgoyMDI1MTAyOS4yIKXMDSoASAFQAw%3D%3D"
30,"https://www.google.com/maps/place/CHTL+-+MINISTOP+-+S240+-+Kha+V%E1%BA%A1n+C%C3%A2n/@10.857044,106.754313,17z/data=!3m1!4b1!4m6!3m5!1s0x3175270036bdf1e1:0x155c0075c207cf60!8m2!3d10.8570387!4d106.7568879!16s%2Fg%2F11vy3c27h3?entry=ttu&g_ep=EgoyMDI1MTAyOS4yIKXMDSoASAFQAw%3D%3D"
31,"https://www.google.com/maps/place/Ministop+V%C4%83n+Lang+-+C%C6%A1+S%E1%BB%9F+2/@10.812495,106.6942517,17z/data=!3m1!4b1!4m6!3m5!1s0x3175290025a7cfe9:0xf9a88d897c7f1f17!8m2!3d10.812495!4d106.6942517!16s%2Fg%2F11y37b8zld?authuser=0&hl=en&entry=ttu&g_ep=EgoyMDI1MTAyOS4yIKXMDSoASAFQAw%3D%3D"
32,"https://www.google.com/maps/place/Ministop+T%C3%A2y+Th%E1%BA%A1nh/@10.8090078,106.6244186,17z/data=!3m1!4b1!4m6!3m5!1s0x31752b0053c1a157:0x9332ea0246d89baf!8m2!3d10.8090025!4d106.6269935!16s%2Fg%2F11vps981by?entry=ttu&g_ep=EgoyMDI1MTAyOS4yIKXMDSoASAFQAw%3D%3D"
33,"https://www.google.com/maps/search/Ministop+-++Ho%C3%A0ng+Vi%E1%BB%87t+2+/@10.7942072,106.6560323,17z/data=!3m1!4b1?entry=ttu&g_ep=EgoyMDI1MTAyOS4yIKXMDSoASAFQAw%3D%3D"
34,"https://www.google.com/maps/place/MINISTOP+-+S234+-+%C3%82u+D%C6%B0%C6%A1ng+L%C3%A2n/@10.7413223,106.6828071,17z/data=!3m1!4b1!4m6!3m5!1s0x31752f000a2fc391:0xbc9ac2e0adb04b4d!8m2!3d10.741317!4d106.685382!16s%2Fg%2F11vs7_5srg?entry=ttu&g_ep=EgoyMDI1MTAyOS4yIKXMDSoASAFQAw%3D%3D"
35,"https://www.google.com/maps/place/MINISTOP+-+S235+-+Ho%C3%A0ng+Hoa+Th%C3%A1m/@10.8047562,106.3590552,11z/data=!4m10!1m2!2m1!1sMinistop+-++Ho%C3%A0ng+Hoa+Th%C3%A1m+4+!3m6!1s0x317529001bb91ded:0xebd9359dae21fe29!8m2!3d10.8047562!4d106.6474463!15sCh9NaW5pc3RvcCAtICBIb8OgbmcgSG9hIFRow6FtIDQgIgOIAQFaHSIbbWluaXN0b3AgaG_DoG5nIGhvYSB0aMOhbSA0kgERY29udmVuaWVuY2Vfc3RvcmWaASRDaGREU1VoTk1HOW5TMFZKUTBGblNVTnliVmxRUVRSQlJSQULgAQD6AQQIABAs!16s%2Fg%2F11y45kc44q?entry=ttu&g_ep=EgoyMDI1MTAyOS4yIKXMDSoASAFQAw%3D%3D"
36,"https://www.google.com/maps/place/MINISTOP-S233/@10.8398599,106.6644439,17z/data=!3m1!4b1!4m6!3m5!1s0x317529fe448fa325:0xf201aa42b5fd24fd!8m2!3d10.8398546!4d106.6670188!16s%2Fg%2F11w3p1wg60?entry=ttu&g_ep=EgoyMDI1MTAyOS4yIKXMDSoASAFQAw%3D%3D"
37,"https://www.google.com/maps/place/Ministop+-+Nguy%E1%BB%85n+Ch%C3%AD+Thanh/@10.7589818,106.6625936,17z/data=!3m1!4b1!4m6!3m5!1s0x31752f00726e7cf3:0xe89049e4163b538!8m2!3d10.7589765!4d106.6651685!16s%2Fg%2F11vk9g9hfq?entry=ttu&g_ep=EgoyMDI1MTAyOS4yIKXMDSoASAFQAw%3D%3D"
38,"https://www.google.com/maps/place/Ministop+B%C3%B9i+V%C4%83n+Ba/@10.7505819,106.7325252,17z/data=!3m1!4b1!4m6!3m5!1s0x317525005c8c9b25:0x4b0db4747142f9e!8m2!3d10.7505766!4d106.7351001!16s%2Fg%2F11vyj5ms1v?entry=ttu&g_ep=EgoyMDI1MTAyOS4yIKXMDSoASAFQAw%3D%3D"
39,"https://www.google.com/maps/place/Ministop/@10.8368383,106.6649755,17z/data=!3m1!4b1!4m6!3m5!1s0x3175292161caf477:0x479077db8b93dede!8m2!3d10.836833!4d106.6675504!16s%2Fg%2F11ftwg106f?entry=ttu&g_ep=EgoyMDI1MTAyOS4yIKXMDSoASAFQAw%3D%3D"
40,"https://www.google.com/maps/place/Ministop+-+S228+Khu+D%C3%A2n+C%C6%B0+V%C4%A9nh+L%E1%BB%99c+-+%C4%90%C6%B0%E1%BB%9Dng+S%E1%BB%91+8/@10.8043218,106.3053079,11z/data=!4m10!1m2!2m1!1zTWluaXN0b3AgLSAgS2h1IGTDom4gY8awIFbEqW5oIEzhu5ljIA!3m6!1s0x31752bd600f0d39d:0x18722e932b402d1d!8m2!3d10.8043218!4d106.593699!15sCiVNaW5pc3RvcCAtICBLaHUgZMOibiBjxrAgVsSpbmggTOG7mWMgIgOIAQFaIyIhbWluaXN0b3Aga2h1IGTDom4gY8awIHbEqW5oIGzhu5ljkgENZ3JvY2VyeV9zdG9yZZoBRENpOURRVWxSUVVOdlpFTm9kSGxqUmpsdlQycHJNMlZIZUhOYVJYUnpVa2RrV1ZadWNFOU9iRlpaWTBWR1NGbHRZeEFC4AEA-gEECAAQQQ!16s%2Fg%2F11vl501_f7?entry=ttu&g_ep=EgoyMDI1MTAyOS4yIKXMDSoASAFQAw%3D%3D"
41,"https://www.google.com/maps/place/Ministop+L%E1%BA%A1c+Long+Qu%C3%A2n/@10.7803956,106.6386922,14z/data=!4m10!1m2!2m1!1sMinistop+-++La%CC%A3c+Long+Qu%C3%A2n+3+!3m6!1s0x31752f0021a4c275:0xe0b827355610deaa!8m2!3d10.7709861!4d106.6451441!15sCh9NaW5pc3RvcCAtICBMYcyjYyBMb25nIFF1w6JuIDMgIgOIAQFaHSIbbWluaXN0b3AgbOG6oWMgbG9uZyBxdcOibiAzkgERY29udmVuaWVuY2Vfc3RvcmWaASRDaGREU1VoTk1HOW5TMFZKUTBGblRVUjNka3A2UkhaM1JSQULgAQD6AQQIABBJ!16s%2Fg%2F11vm9ntpzn?entry=ttu&g_ep=EgoyMDI1MTAyOS4yIKXMDSoASAFQAw%3D%3D"
42,"https://www.google.com/maps/place/MINISTOP+-+S227+-+%C4%90%E1%BA%A5t+M%E1%BB%9Bi/@10.7726162,106.6065031,17z/data=!3m1!4b1!4m6!3m5!1s0x31752d003fbf1593:0x28173fc666ce9a84!8m2!3d10.7726109!4d106.609078!16s%2Fg%2F11ld86x5_s?entry=ttu&g_ep=EgoyMDI1MTAyOS4yIKXMDSoASAFQAw%3D%3D"
43,"https://www.google.com/maps/place/Ministop+Ph%E1%BA%A1m+V%C4%83n+B%E1%BA%A1ch/@10.8358562,106.6417647,17z/data=!3m1!4b1!4m6!3m5!1s0x317529ee3567db43:0x9ff2b44d0824817!8m2!3d10.8358509!4d106.6443396!16s%2Fg%2F11vkrk5n3r?entry=ttu&g_ep=EgoyMDI1MTAyOS4yIKXMDSoASAFQAw%3D%3D"
44,"https://www.google.com/maps/place/MINISTOP+-+S225+-+Cao+%E1%BB%91c+Res11/@10.763596,106.4976362,12z/data=!4m10!1m2!2m1!1sMinistop+-++Cao+%E1%BB%91c+Re+!3m6!1s0x31752f001e56f52f:0xc470499605e6a34d!8m2!3d10.763596!4d106.6418318!15sChhNaW5pc3RvcCAtICBDYW8g4buRYyBSZSAiA4gBAVoWIhRtaW5pc3RvcCBjYW8g4buRYyByZZIBEWNvbnZlbmllbmNlX3N0b3JlmgEjQ2haRFNVaE5NRzluUzBWTVgwbDJTbEE0YjJKTFJGRkJFQUXgAQD6AQQIABAy!16s%2Fg%2F11vs7pg277?entry=ttu&g_ep=EgoyMDI1MTAyOS4yIKXMDSoASAFQAw%3D%3D"
45,"https://www.google.com/maps/place/Mini+Stop/@10.7752188,106.7025143,17z/data=!3m1!4b1!4m6!3m5!1s0x31752fc70da97fa1:0xd2289a13ec3f93eb!8m2!3d10.7752135!4d106.7050892!16s%2Fg%2F11vdjhvrqr?entry=ttu&g_ep=EgoyMDI1MTAyOS4yIKXMDSoASAFQAw%3D%3D"
46,"https://www.google.com/maps/place/Ministop+-+L%C3%BD+T%E1%BB%B1+Tr%E1%BB%8Dng+3/@10.7739983,106.6941487,17z/data=!3m1!4b1!4m6!3m5!1s0x31752f8dbc2e05d7:0x600a77e7b74b25b7!8m2!3d10.773993!4d106.6967236!16s%2Fg%2F11y1htdjpk?entry=ttu&g_ep=EgoyMDI1MTAyOS4yIKXMDSoASAFQAw%3D%3D"
47,"https://www.google.com/maps/place/MINISTOP+S222+-+T%C3%82N+QU%C3%9D/@10.7985708,106.5985228,15z/data=!4m10!1m2!2m1!1sMinistop+-++T%C3%A2n+Qu%C3%BD+2+!3m6!1s0x31752d2b15655bfb:0xf4f9499f1bfde7e4!8m2!3d10.7915978!4d106.6206046!15sChhNaW5pc3RvcCAtICBUw6JuIFF1w70gMiAiA4gBAVoWIhRtaW5pc3RvcCB0w6JuIHF1w70gMpIBDWdyb2Nlcnlfc3RvcmWaAURDaTlEUVVsUlFVTnZaRU5vZEhsalJqbHZUMnRzU1UweU5WWmlTR2hwVkZkNFRsZHVVa3BaV0VFMFZHeEdjVk5yUlJBQuABAPoBBQjMAxAz!16s%2Fg%2F11vkh1l_yf?entry=ttu&g_ep=EgoyMDI1MTAyOS4yIKXMDSoASAFQAw%3D%3D"
48,"https://www.google.com/maps/place/MINISTOP/@10.8127108,106.6854112,17z/data=!3m1!4b1!4m6!3m5!1s0x3175295cffff2989:0x3d988226a14d5c63!8m2!3d10.8127055!4d106.6879861!16s%2Fg%2F11krtx7b82?entry=ttu&g_ep=EgoyMDI1MTAyOS4yIKXMDSoASAFQAw%3D%3D"
49,"https://www.google.com/maps/place/Ministop/@10.7584277,106.6285461,16z/data=!4m10!1m2!2m1!1sMinistop+-++L%E1%BA%A1c+Long+Qu%C3%A2n+2+!3m6!1s0x31752f004b385379:0x6d5e311330b9df99!8m2!3d10.7584277!4d106.6375583!15sCh9NaW5pc3RvcCAtICBM4bqhYyBMb25nIFF1w6JuIDIgIgOIAQFaHSIbbWluaXN0b3AgbOG6oWMgbG9uZyBxdcOibiAykgERY29udmVuaWVuY2Vfc3RvcmWaASNDaFpEU1VoTk1HOW5TMFZKUTBGblNVTnVjMDFJYTFsM0VBReABAPoBBAgAEEI!16s%2Fg%2F11vjw13q0c?entry=ttu&g_ep=EgoyMDI1MTAyOS4yIKXMDSoASAFQAw%3D%3D"
50,"https://www.google.com/maps/place/MINISTOP+Viet+Nam/@10.7693551,106.6481344,15z/data=!4m10!1m2!2m1!1sMinistop+-++Th%C3%A0nh+Th%C3%A1i+3+!3m6!1s0x31752f4a191cb8df:0xf20c5ed312e9ed1a!8m2!3d10.7693551!4d106.6661588!15sChtNaW5pc3RvcCAtICBUaMOgbmggVGjDoWkgMyAiA4gBAVoZIhdtaW5pc3RvcCB0aMOgbmggdGjDoWkgM5IBEWNvbnZlbmllbmNlX3N0b3JlmgFEQ2k5RFFVbFJRVU52WkVOb2RIbGpSamx2VDJ4a1dXRnFWazFPYTNCclZrUnNTRTR3YnpWaVIwa3lURlZvZFV4WFl4QULgAQD6AQQIABA6!16s%2Fg%2F11v3q6mrcy?entry=ttu&g_ep=EgoyMDI1MTAyOS4yIKXMDSoASAFQAw%3D%3D"
51,"https://www.google.com/maps/place/MNS+M%C3%A3+L%C3%B2/@10.7647236,106.604005,21z/data=!4m6!3m5!1s0x31752d0053e378cd:0xd2294277bff55dce!8m2!3d10.7648218!4d106.6041478!16s%2Fg%2F11vt0m6b3z?entry=ttu&g_ep=EgoyMDI1MTAyOS4yIKXMDSoASAFQAw%3D%3D"
52,"https://www.google.com/maps/place/MiniStop+l%C3%AA+v%C4%83n+th%E1%BB%8D/@10.8458857,106.6534872,15z/data=!4m10!1m2!2m1!1zTWluaXN0b3AgLSAgTMOqIFbEg24gVGjhu40g!3m6!1s0x317529004fb9e7a9:0x6e9b0c45a3460be7!8m2!3d10.8454085!4d106.6571299!15sChtNaW5pc3RvcCAtICBMw6ogVsSDbiBUaOG7jSAiA4gBAZIBEWNvbnZlbmllbmNlX3N0b3Jl4AEA!16s%2Fg%2F11y43t68sr?entry=ttu&g_ep=EgoyMDI1MTAyOS4yIKXMDSoASAFQAw%3D%3D"
53,"https://www.google.com/maps/place/Ministop/@10.8541806,106.639089,15z/data=!4m10!1m2!2m1!1zTWluaXN0b3AgLSAgTMOqIMSQ4bupYyBUaOG7jSAyIA!3m6!1s0x3175297c7530748f:0xa0e494ffd4ec42c6!8m2!3d10.8541806!4d106.6571134!15sCh9NaW5pc3RvcCAtICBMw6ogxJDhu6ljIFRo4buNIDIgIgOIAQFaHSIbbWluaXN0b3AgbMOqIMSR4bupYyB0aOG7jSAykgENZ3JvY2VyeV9zdG9yZZoBI0NoWkRTVWhOTUc5blMwVkpRMEZuU1VSRWFFcE1iMVJCRUFF4AEA-gEECAoQFA!16s%2Fg%2F11v4jglpwz?entry=ttu&g_ep=EgoyMDI1MTAyOS4yIKXMDSoASAFQAw%3D%3D"
54,"https://www.google.com/maps/place/Mini+Stop/@10.7718141,106.6546337,21z/data=!4m15!1m8!3m7!1s0x31752ec044e8b2a9:0xfd67c0b8a52d1744!2zNzdCIMSQxrDhu51uZyBT4buRIDIsIFBoxrDhu51uZyAxNSwgUXXhuq1uIDExLCBUaMOgbmggcGjhu5EgSOG7kyBDaMOtIE1pbmg!3b1!8m2!3d10.7718043!4d106.6546874!16s%2Fg%2F11t40gjcm9!3m5!1s0x31752f27fd7bd077:0x1c7d2e440ee8a00!8m2!3d10.7717332!4d106.6546196!16s%2Fg%2F11l5x2kb43?entry=ttu&g_ep=EgoyMDI1MTAyOS4yIKXMDSoASAFQAw%3D%3D"
55,"https://www.google.com/maps/place/Ministop+B%E1%BB%87nh+vi%E1%BB%87n+qu%C3%A2n+y/@10.8164496,106.6776773,17z/data=!3m1!4b1!4m6!3m5!1s0x31752996cb1c03a9:0x5bf536fd3cd97bb!8m2!3d10.8164443!4d106.6802522!16s%2Fg%2F11vj6xbj37?entry=ttu&g_ep=EgoyMDI1MTAyOS4yIKXMDSoASAFQAw%3D%3D"
56,"https://www.google.com/maps/place/Ministop+S210+-+446+T%C3%A2n+K%E1%BB%B3+T%C3%A2n+Qu%C3%BD/@10.7985761,106.6139723,17z/data=!3m1!4b1!4m6!3m5!1s0x31752b2d5ecd5969:0x2616307ab6825485!8m2!3d10.7985708!4d106.6165472!16s%2Fg%2F11kqrg8sk2?entry=ttu&g_ep=EgoyMDI1MTAyOS4yIKXMDSoASAFQAw%3D%3D"
57,"https://www.google.com/maps/place/Ministop+One+Verandah/@10.7769014,106.748999,17z/data=!3m1!4b1!4m6!3m5!1s0x317525000c1ced8d:0xdd9e4e798fcefed7!8m2!3d10.7768961!4d106.7515739!16s%2Fg%2F11vpdlvtwk?entry=ttu&g_ep=EgoyMDI1MTAyOS4yIKXMDSoASAFQAw%3D%3D"
58,"https://www.google.com/maps/place/Ministop+%C4%91%C6%B0%E1%BB%9Dng+s%E1%BB%91+1/@10.8458136,106.0846043,10z/data=!4m10!1m2!2m1!1zTWluaXN0b3AgLSAgxJDGsOG7nW5nIHPhu5EgMDEg!3m6!1s0x3175290025ddc723:0x838d0d38b6e3fb57!8m2!3d10.8458136!4d106.6613865!15sCh5NaW5pc3RvcCAtICDEkMaw4budbmcgc-G7kSAwMSAiA4gBAVocIhptaW5pc3RvcCDEkcaw4budbmcgc-G7kSAwMZIBEWNvbnZlbmllbmNlX3N0b3JlmgEjQ2haRFNVaE5NRzluUzBWSmFsTm5TVWhFTjNSUVNrZEJFQUXgAQD6AQQIHBAg!16s%2Fg%2F11wq97szbh?entry=ttu&g_ep=EgoyMDI1MTAyOS4yIKXMDSoASAFQAw%3D%3D"
59,"https://www.google.com/maps/place/MINISTOP/@10.7877174,106.6191409,13z/data=!4m10!1m2!2m1!1sMinistop+-++%C3%82u+C%C6%A1+3+!3m6!1s0x31752f152cddb775:0x12da2d3da54b7a75!8m2!3d10.7755593!4d106.6506395!15sChZNaW5pc3RvcCAtICDDgnUgQ8ahIDMgIgOIAQFaFCISbWluaXN0b3Agw6J1IGPGoSAzkgERY29udmVuaWVuY2Vfc3RvcmWaASNDaFpEU1VoTk1HOW5TMFZKUTBGblRVUnZOMDFETFVaUkVBReABAPoBBAgAEEk!16s%2Fg%2F11kk4jxrwl?entry=ttu&g_ep=EgoyMDI1MTAyOS4yIKXMDSoASAFQAw%3D%3D"
60,"https://www.google.com/maps/place/MINISTOP/@10.786184,106.6245183,17z/data=!4m10!1m2!2m1!1zbWluaXN0b3AgMjIxLzQwIMSQLiBWxrDhu51uIEzDoGk!3m6!1s0x31752d007d1f8081:0xdc538786fe2be196!8m2!3d10.786184!4d106.6290244!15sCiBtaW5pc3RvcCAyMjEvNDAgxJAuIFbGsOG7nW4gTMOgaSIDiAEBkgERY29udmVuaWVuY2Vfc3RvcmXgAQA!16s%2Fg%2F11vr9xdwrw?entry=ttu&g_ep=EgoyMDI1MTAyOS4yIKXMDSoASAFQAw%3D%3D"
61,"https://www.google.com/maps/place/Ministop+-+L%C3%BD+T%E1%BB%B1+Tr%E1%BB%8Dng+2/@10.7742444,106.6950615,17z/data=!3m1!4b1!4m6!3m5!1s0x31752f5ee2a6f757:0x231cc6dfc458fd6!8m2!3d10.7742391!4d106.6976364!16s%2Fg%2F11svfntrzy?entry=ttu&g_ep=EgoyMDI1MTAyOS4yIKXMDSoASAFQAw%3D%3D"
62,"https://www.google.com/maps/place/MINISTOP+TH%E1%BA%A0CH+TH%E1%BB%8A+THANH/@10.790455,106.6895403,17z/data=!3m1!4b1!4m6!3m5!1s0x31752977661ab321:0xe94825b4124fd61!8m2!3d10.7904497!4d106.6921152!16s%2Fg%2F11ks077jsc?entry=ttu&g_ep=EgoyMDI1MTAyOS4yIKXMDSoASAFQAw%3D%3D"
63,"https://www.google.com/maps/place/Ministop/@10.8451488,106.6515686,17z/data=!3m1!4b1!4m6!3m5!1s0x317529f2a90c65dd:0x1e4becc9eae70918!8m2!3d10.8451435!4d106.6541435!16s%2Fg%2F11stbfx6yg?entry=ttu&g_ep=EgoyMDI1MTAyOS4yIKXMDSoASAFQAw%3D%3D"
64,"https://www.google.com/maps/place/Ministop+L%C3%BD+Th%C3%A1nh+T%C3%B4ng+-+S200/@10.7670707,106.6274667,17z/data=!3m1!4b1!4m6!3m5!1s0x31752f08c027c90b:0x54828d333b192a3!8m2!3d10.7670654!4d106.6300416!16s%2Fg%2F11st68zc7k?entry=ttu&g_ep=EgoyMDI1MTAyOS4yIKXMDSoASAFQAw%3D%3D"
65,"https://www.google.com/maps/place/C%E1%BB%ADa+h%C3%A0ng+ti%E1%BB%87n+l%E1%BB%A3i+ministop/@10.8437927,106.6785195,17z/data=!3m1!4b1!4m6!3m5!1s0x317529001bc1daaf:0xb594d98674f820e0!8m2!3d10.8437874!4d106.6810944!16s%2Fg%2F11stdssk6c?entry=ttu&g_ep=EgoyMDI1MTAyOS4yIKXMDSoASAFQAw%3D%3D"
66,"https://www.google.com/maps/place/83+%C4%90.+59,+Ph%C6%B0%E1%BB%9Dng+14,+G%C3%B2+V%E1%BA%A5p,+Th%C3%A0nh+ph%E1%BB%91+H%E1%BB%93+Ch%C3%AD+Minh,+Vietnam/@10.8573779,106.6325592,15z/data=!3m1!4b1!4m10!1m2!2m1!1zODMgxJDGsOG7nW5nIHPhu5EgNTksIFBoxrDhu51uZyAxNCwgUXXhuq1uIEfDsiBW4bqlcCwgVGjDoG5oIHBo4buRIEjhu5MgQ2jDrSBNaW5o!3m6!1s0x317529eacb1a38db:0xa51d372609b0e70d!8m2!3d10.8573574!4d106.6510133!15sClE4MyDEkMaw4budbmcgc-G7kSA1OSwgUGjGsOG7nW5nIDE0LCBRdeG6rW4gR8OyIFbhuqVwLCBUaMOgbmggcGjhu5EgSOG7kyBDaMOtIE1pbmiSAQpzdWJwcmVtaXNl4AEA!16s%2Fg%2F11tj3lm_r6?entry=ttu&g_ep=EgoyMDI1MTAyOS4yIKXMDSoASAFQAw%3D%3D"
67,"https://www.google.com/maps/place/Ministop+Hu%E1%BB%B3nh+V%C4%83n+Ngh%E1%BB%87/@10.8297189,106.636088,17z/data=!3m1!4b1!4m6!3m5!1s0x3175291691bb0c3b:0x3184fba11b21278a!8m2!3d10.8297136!4d106.6386629!16s%2Fg%2F11kqrggtpc?entry=ttu&g_ep=EgoyMDI1MTAyOS4yIKXMDSoASAFQAw%3D%3D"
68,"https://www.google.com/maps/place/MINISTOP/@10.7790501,106.6248131,17z/data=!3m1!4b1!4m6!3m5!1s0x31752d376d9e8e07:0xf01cfa3edc78d52c!8m2!3d10.7790501!4d106.6248131!16s%2Fg%2F11txfbgz5_?authuser=0&hl=en&entry=ttu&g_ep=EgoyMDI1MTAyOS4yIKXMDSoASAFQAw%3D%3D"
69,"https://www.google.com/maps/place/MINISTOP/@10.7756205,106.6368303,17z/data=!3m1!4b1!4m6!3m5!1s0x31752f4fe6ee2313:0x6c3cda2241cdcb63!8m2!3d10.7756152!4d106.6394052!16s%2Fg%2F11tjzm689g?entry=ttu&g_ep=EgoyMDI1MTAyOS4yIKXMDSoASAFQAw%3D%3D"
70,"https://www.google.com/maps/place/MINISTOP/@10.8350651,106.6369839,17z/data=!3m1!4b1!4m6!3m5!1s0x317529fd3f45ac89:0x446f7a34c821a828!8m2!3d10.8350598!4d106.6395588!16s%2Fg%2F11jt4g1qq0?entry=ttu&g_ep=EgoyMDI1MTAyOS4yIKXMDSoASAFQAw%3D%3D"
71,"https://www.google.com/maps/place/Ministop/@10.7378986,106.6434386,14z/data=!4m10!1m2!2m1!1zbWluaXN0b3AgTMO0IHRoxrDGoW5nIG3huqFpIGThu4tjaCB24bulIEIxIHThuqduZyAxLCBDaHVuZyBjxrAgVG9wYXogQ2l0eSAtIDM5IENhbyBM4buXLCBQaMaw4budbmcgMDQsIFF14bqtbiAwOCwgVGjDoG5oIHBo4buRIEjhu5MgQ2jDrSBNaW5oLg!3m6!1s0x31752f25e4c62179:0x8dfb9a685bbfdf8e!8m2!3d10.7379039!4d106.6794827!15sCo4BbWluaXN0b3AgTMO0IHRoxrDGoW5nIG3huqFpIGThu4tjaCB24bulIEIxIHThuqduZyAxLCBDaHVuZyBjxrAgVG9wYXogQ2l0eSAtIDM5IENhbyBM4buXLCBQaMaw4budbmcgMDQsIFF14bqtbiAwOCwgVGjDoG5oIHBo4buRIEjhu5MgQ2jDrSBNaW5oLiIDiAEBWooBIocBbWluaXN0b3AgbMO0IHRoxrDGoW5nIG3huqFpIGThu4tjaCB24bulIGIxIHThuqduZyAxIGNodW5nIGPGsCB0b3BheiBjaXR5IDM5IGNhbyBs4buXIHBoxrDhu51uZyAwNCBxdeG6rW4gMDggdGjDoG5oIHBo4buRIGjhu5MgY2jDrSBtaW5okgERY29udmVuaWVuY2Vfc3RvcmWaAURDaTlEUVVsUlFVTnZaRU5vZEhsalJqbHZUMjFTTkdGclJqUlpWRVY0WlcxYU1XRkhiRlpSVmsxMFRGaENVbEl3UlJBQuABAPoBBAgAEEQ!16s%2Fg%2F11tspyl5t4?entry=ttu&g_ep=EgoyMDI1MTAyOS4yIKXMDSoASAFQAw%3D%3D"
72,"https://www.google.com/maps/place/MINISTOP/@10.7906718,106.6437864,17z/data=!3m1!4b1!4m6!3m5!1s0x31752fd8f8f5d77b:0x6be2f87b8e291eb6!8m2!3d10.7906665!4d106.6463613!16s%2Fg%2F11js_wyd24?entry=ttu&g_ep=EgoyMDI1MTAyOS4yIKXMDSoASAFQAw%3D%3D"
73,"https://www.google.com/maps/place/MINISTOP+-+T%C3%82N+K%E1%BB%B2+T%C3%82N+QU%C3%9D/@10.7978678,106.6134251,15z/data=!4m10!1m2!2m1!1zTWluaXN0b3AgLSAgVMOibiBL4buzIFTDom4gUXXDvSA!3m6!1s0x31752b4ff1f46ee3:0x5e8717e2631358fa!8m2!3d10.8021666!4d106.6265805!15sCiBNaW5pc3RvcCAtICBUw6JuIEvhu7MgVMOibiBRdcO9ICIDiAEBWh4iHG1pbmlzdG9wIHTDom4ga-G7syB0w6JuIHF1w72SARFjb252ZW5pZW5jZV9zdG9yZeABAA!16s%2Fg%2F11pf681q26?entry=ttu&g_ep=EgoyMDI1MTAyOS4yIKXMDSoASAFQAw%3D%3D"
74,"https://www.google.com/maps/place/Ministop+Ph%E1%BA%A1m+V%C4%83n+Ch%C3%AD/@10.7448523,106.6105808,14z/data=!4m10!1m2!2m1!1zTWluaXN0b3AgLSAgUGjhuqFtIFbEg24gQ2jDrSA!3m6!1s0x31752f000d743a7d:0x471364d359f60ab4!8m2!3d10.7448523!4d106.6466297!15sCh1NaW5pc3RvcCAtICBQaOG6oW0gVsSDbiBDaMOtIFobIhltaW5pc3RvcCBwaOG6oW0gdsSDbiBjaMOtkgERY29udmVuaWVuY2Vfc3RvcmWaASNDaFpEU1VoTk1HOW5TMFZNVDFFemMyMVRNVm8zZVVWQkVBReABAPoBBAgAEBI!16s%2Fg%2F11y5gyjm3w?entry=ttu&g_ep=EgoyMDI1MTAyOS4yIKXMDSoASAFQAw%3D%3D"
75,"https://www.google.com/maps/place/Ministop/@10.7532768,106.6248323,17z/data=!3m1!4b1!4m6!3m5!1s0x31752d37bd48e7f5:0x8a79f93f7ef4be34!8m2!3d10.7532715!4d106.6274072!16s%2Fg%2F11s86f18rh?entry=ttu&g_ep=EgoyMDI1MTAyOS4yIKXMDSoASAFQAw%3D%3D"
76,"https://www.google.com/maps/place/MINISTOP/@10.7780012,106.617144,15z/data=!4m10!1m2!2m1!1sMinistop+-++Th%E1%BA%A1ch+Lam+!3m6!1s0x31752fae15a8f369:0x47cdd9483520eeaf!8m2!3d10.7769422!4d106.6300744!15sChhNaW5pc3RvcCAtICBUaOG6oWNoIExhbSAiA4gBAVoWIhRtaW5pc3RvcCB0aOG6oWNoIGxhbZIBEWNvbnZlbmllbmNlX3N0b3Jl4AEA!16s%2Fg%2F11tk27690x?entry=ttu&g_ep=EgoyMDI1MTAyOS4yIKXMDSoASAFQAw%3D%3D"
77,"https://www.google.com/maps/place/Khu+d%C3%A2n+c%C6%B0+ph%E1%BB%91+ch%E1%BB%A3+V%C3%A0m+C%E1%BB%8F+%C4%90%C3%B4ng/@10.6040509,106.477022,15z/data=!4m6!3m5!1s0x310acbe46bf9d1b9:0xa11f0d52bf1660c5!8m2!3d10.5978556!4d106.4780782!16s%2Fg%2F11h6mkn7_j?entry=ttu&g_ep=EgoyMDI1MTAyOS4yIKXMDSoASAFQAw%3D%3D"
78,"https://www.google.com/maps/place/Aeon+Ministop+Akari+City+AK5/@10.7174051,106.6048175,17z/data=!3m1!4b1!4m6!3m5!1s0x31752d11b5c44b9f:0x7c85383277859d81!8m2!3d10.7173998!4d106.6073924!16s%2Fg%2F11t4cc6r10?entry=ttu&g_ep=EgoyMDI1MTAyOS4yIKXMDSoASAFQAw%3D%3D"
79,"https://www.google.com/maps/place/Ministop/@10.7535498,106.6164081,17z/data=!4m15!1m8!3m7!1s0x31752c2dbce3ca03:0x91bad0fdb475cc7!2zMTY1IMSQLiBT4buRIDYsIEFuIEzhuqFjIEEsIELDrG5oIFTDom4sIFRow6BuaCBwaOG7kSBI4buTIENow60gTWluaCwgVmlldG5hbQ!3b1!8m2!3d10.7535445!4d106.618983!16s%2Fg%2F11fm47q4zd!3m5!1s0x31752d005d5d485b:0x1f2aafef8ccb1c65!8m2!3d10.7535445!4d106.618983!16s%2Fg%2F11wwhsq81q?entry=ttu&g_ep=EgoyMDI1MTAyOS4yIKXMDSoASAFQAw%3D%3D"
80,"https://www.google.com/maps/place/Ministop+V%C5%A9+T%C3%B9ng/@10.8019702,106.6983945,17z/data=!4m10!1m2!2m1!1sMinistop+-++V%C5%A9+T%C3%B9ng+2+!3m6!1s0x317528b8ff423c3b:0x38504e3ea5d3c730!8m2!3d10.8021706!4d106.7012237!15sChhNaW5pc3RvcCAtICBWxakgVMO5bmcgMiAiA4gBAZIBEWNvbnZlbmllbmNlX3N0b3Jl4AEA!16s%2Fg%2F11vkz8pdn6?entry=ttu&g_ep=EgoyMDI1MTAyOS4yIKXMDSoASAFQAw%3D%3D"
81,"https://www.google.com/maps/place/MINISTOP/@10.7907612,106.6311031,17z/data=!3m1!4b1!4m6!3m5!1s0x31752f92998d25af:0xf5b0d3d5c081e93a!8m2!3d10.7907559!4d106.633678!16s%2Fg%2F11s39m5s_v?entry=ttu&g_ep=EgoyMDI1MTAyOS4yIKXMDSoASAFQAw%3D%3D"
82,"https://www.google.com/maps/place/MINISTOP+-+L%C3%AA+%C4%90%E1%BB%A9c+Th%E1%BB%8D/@10.846327,106.6678692,17z/data=!3m1!4b1!4m6!3m5!1s0x31752976c24363db:0xbec98fd9626dabe5!8m2!3d10.8463217!4d106.6704441!16s%2Fg%2F11syj81266?entry=ttu&g_ep=EgoyMDI1MTAyOS4yIKXMDSoASAFQAw%3D%3D"
83,"https://www.google.com/maps/place/Ministop+T%C3%B4+Hi%E1%BB%87u/@10.769923,106.6242643,17z/data=!3m1!4b1!4m6!3m5!1s0x31752d0960436181:0x3d00848b49f7f57a!8m2!3d10.7699177!4d106.6268392!16s%2Fg%2F11rzs45rsb?entry=ttu&g_ep=EgoyMDI1MTAyOS4yIKXMDSoASAFQAw%3D%3D"
84,"https://www.google.com/maps/place/Ministop+Vo+Thanh+Trang/@10.7913312,106.6473707,17z/data=!3m1!4b1!4m6!3m5!1s0x31752fea95c9df95:0x67ec8c44e6bb4ce8!8m2!3d10.7913259!4d106.6499456!16s%2Fg%2F11t6lbcklc?entry=ttu&g_ep=EgoyMDI1MTAyOS4yIKXMDSoASAFQAw%3D%3D"
85,"https://www.google.com/maps/place/MINISTOP+T%C3%B4n+Th%E1%BA%A5t+Hi%E1%BB%87p/@10.7611862,106.649705,17z/data=!3m1!4b1!4m6!3m5!1s0x31752f791f966257:0x883f46f888ceff28!8m2!3d10.7611809!4d106.6522799!16s%2Fg%2F11t6y4n2vz?entry=ttu&g_ep=EgoyMDI1MTAyOS4yIKXMDSoASAFQAw%3D%3D"
86,"https://www.google.com/maps/place/MINISTOP/@10.7887042,106.7157633,17z/data=!3m1!4b1!4m6!3m5!1s0x317529bc0e30cb97:0x2ed053856213a833!8m2!3d10.7886989!4d106.7183382!16s%2Fg%2F11q26250s8?entry=ttu&g_ep=EgoyMDI1MTAyOS4yIKXMDSoASAFQAw%3D%3D"
87,"https://www.google.com/maps/place/SAFIRA+KHANG+%C4%90I%E1%BB%80N/@10.8012546,106.6494178,12z/data=!4m10!1m2!2m1!1zQ8SDbiBEMi4wMS4wNC1UTSB04bqhaSB04bqnbmcgMDEgdsOgIHThuqduZyAwMiBj4bunYSB0aMOhcCBEMiB0aHXhu5ljIEtodSBuaMOgIOG7nyBjYW8gdOG6p25nIEPDtG5nIHR5IFNhcGhpcmUgdOG6oWkgc-G7kSA0NTQgxJHGsOG7nW5nIFbDtSBDaMOtIEPDtG5nLCBLaHUgcGjhu5EgMiwgcGjGsOG7nW5nIFBow7ogSOG7r3UsIFRwLiBUaOG7pyDEkOG7qWMsIFRQLkhDTS4!3m6!1s0x31752756c8ea43b9:0xd41c48a246e586a5!8m2!3d10.8012546!4d106.7936134!15sCtQBQ8SDbiBEMi4wMS4wNC1UTSB04bqhaSB04bqnbmcgMDEgdsOgIHThuqduZyAwMiBj4bunYSB0aMOhcCBEMiB0aHXhu5ljIEtodSBuaMOgIOG7nyBjYW8gdOG6p25nIEPDtG5nIHR5IFNhcGhpcmUgdOG6oWkgc-G7kSA0NTQgxJHGsOG7nW5nIFbDtSBDaMOtIEPDtG5nLCBLaHUgcGjhu5EgMiwgcGjGsOG7nW5nIFBow7ogSOG7r3UsIFRwLiBUaOG7pyDEkOG7qWMsIFRQLkhDTS5apQEiogFjxINuIGQyIDAxLjA0IHRtIHThuqFpIHThuqduZyAwMSB2w6AgdOG6p25nIDAyIGPhu6dhIHRow6FwIGQyIHRodeG7mWMga2h1IG5ow6Ag4bufIGNhbyB04bqnbmcgY8O0bmcgdHkgc2FwaGlyZSB04bqhaSBz4buRIDQ1NCDEkcaw4budbmcgdsO1IGNow60gY8O0bmcga2h1IHBo4buRIDKSARJhcGFydG1lbnRfYnVpbGRpbmeaASNDaFpEU1VoTk1HOW5TMFZKUTBGblNVUktkMDlUVkZsbkVBReABAPoBBQiZARBG!16s%2Fg%2F11sjnjt77l?entry=ttu&g_ep=EgoyMDI1MTAyOS4yIKXMDSoASAFQAw%3D%3D"
88,"https://www.google.com/maps/place/Mini+stop/@10.7748515,106.6762081,18z/data=!4m10!1m2!2m1!1sMinistop+-++HaDo+Centrosa+Garden+!3m6!1s0x31752fcdeccf645b:0xf1937807031f5fdf!8m2!3d10.7753088!4d106.6779535!15sCiFNaW5pc3RvcCAtICBIYURvIENlbnRyb3NhIEdhcmRlbiAiA4gBAVofIh1taW5pc3RvcCBoYWRvIGNlbnRyb3NhIGdhcmRlbpIBEWNvbnZlbmllbmNlX3N0b3JlmgEkQ2hkRFNVaE5NRzluUzBWSlEwRm5TVVJQZFV0eUxTMW5SUkFC4AEA-gEECAAQSA!16s%2Fg%2F11nnsbhg2s?entry=ttu&g_ep=EgoyMDI1MTAyOS4yIKXMDSoASAFQAw%3D%3D"
89,"https://www.google.com/maps/place/MINISTOP+SAIGON+SOUTH/@10.7204259,106.7016547,17z/data=!3m1!4b1!4m6!3m5!1s0x31752f812b64f4cf:0x62e617975563ed87!8m2!3d10.7204206!4d106.7042296!16s%2Fg%2F11n103g8qb?entry=ttu&g_ep=EgoyMDI1MTAyOS4yIKXMDSoASAFQAw%3D%3D"
90,"https://www.google.com/maps/place/Ministop+Saigon+Royal/@10.7669559,106.701395,17z/data=!3m1!4b1!4m6!3m5!1s0x31752f6a75f3d199:0x82676162b98eaf9b!8m2!3d10.7669506!4d106.7039699!16s%2Fg%2F11rb61366v?entry=ttu&g_ep=EgoyMDI1MTAyOS4yIKXMDSoASAFQAw%3D%3D"
91,"https://www.google.com/maps/place/Ministop+CBD+%C4%90%E1%BB%93ng+V%C4%83n+C%E1%BB%91ng/@10.7741965,106.7613985,19z/data=!4m9!1m2!2m1!1zVGjDoXAgQSBUw7JhIE5ow6AgVGhlIENCRCB04bqhaSBz4buRIDEyNSDEkMaw4budbmcgxJDhu5NuZyBWxINuIEPhu5FuZywgUGjGsOG7nW5nIFRo4bqhbmggTeG7uSBM4bujaSwgVHAuIFRo4bunIMSQ4bupYywgVFAuSENNLg!3m5!1s0x317525a968055a4f:0x8475e87e6bdabc67!8m2!3d10.7745241!4d106.7621116!16s%2Fg%2F11j99c6pk9?entry=ttu&g_ep=EgoyMDI1MTAyOS4yIKXMDSoASAFQAw%3D%3D"
92,"https://www.google.com/maps/place/MINISTOP/@10.7540758,106.6746323,17z/data=!3m1!4b1!4m6!3m5!1s0x31752f026ee37c6d:0x90cec6d253b5e012!8m2!3d10.7540705!4d106.6772072!16s%2Fg%2F11ljc_fcl8?entry=ttu&g_ep=EgoyMDI1MTAyOS4yIKXMDSoASAFQAw%3D%3D"
93,"https://www.google.com/maps/place/Ministop+563+%C4%90i%E1%BB%87n+Bi%C3%AAn+Ph%E1%BB%A7/@10.7702981,106.6759338,19z/data=!3m1!4b1!4m6!3m5!1s0x31752f35fee20605:0xb087a3467cdb3288!8m2!3d10.7702968!4d106.6765775!16s%2Fg%2F11sts4sk99?entry=ttu&g_ep=EgoyMDI1MTAyOS4yIKXMDSoASAFQAw%3D%3D"
94,"https://www.google.com/maps/place/MINISTOP/@10.8078102,106.7009507,17z/data=!4m10!1m2!2m1!1zTWluaXN0b3AgLSAgQsO5aSDEkMOsbmggVMO6eSAyIA!3m6!1s0x317529996d3191e9:0x696ea167b67544d2!8m2!3d10.8080689!4d106.7053902!15sCh9NaW5pc3RvcCAtICBCw7lpIMSQw6xuaCBUw7p5IDIgIgOIAQFaHSIbbWluaXN0b3AgYsO5aSDEkcOsbmggdMO6eSAykgERY29udmVuaWVuY2Vfc3RvcmWaASNDaFpEU1VoTk1HOW5TMFZKUTBGblNVTnlhblJtY1VSbkVBReABAPoBBAgAEEE!16s%2Fg%2F11jp105w7v?entry=ttu&g_ep=EgoyMDI1MTAyOS4yIKXMDSoASAFQAw%3D%3D"
95,"https://www.google.com/maps/place/MINI+STOP/@10.8578065,106.6191716,12z/data=!4m10!1m2!2m1!1zTWluaXN0b3AgLSAgxJDhuqFpIGjhu41jIE5nw6JuIEjDoG5nIA!3m6!1s0x317527a3aab4bbb7:0x6c6be78465fa5bad!8m2!3d10.8578065!4d106.7633672!15sCiVNaW5pc3RvcCAtICDEkOG6oWkgaOG7jWMgTmfDom4gSMOgbmcgIgOIAQFaIyIhbWluaXN0b3AgxJHhuqFpIGjhu41jIG5nw6JuIGjDoG5nkgERY29udmVuaWVuY2Vfc3RvcmWaAURDaTlEUVVsUlFVTnZaRU5vZEhsalJqbHZUMnhTVldNeGJGaE9SVFZPVTFoVmVGRlZOWEZaTWxaUFQwVTFNVlV5WXhBQuABAPoBBAgAEDk!16s%2Fg%2F11j48glwqk?entry=ttu&g_ep=EgoyMDI1MTAyOS4yIKXMDSoASAFQAw%3D%3D"
96,"https://www.google.com/maps/place/MINISTOP/@10.7527929,106.6527634,17z/data=!3m1!4b1!4m6!3m5!1s0x31752faee0d81739:0x2c8c6fd591cf5121!8m2!3d10.7527876!4d106.6553383!16s%2Fg%2F11fnw0sqgz?entry=ttu&g_ep=EgoyMDI1MTAyOS4yIKXMDSoASAFQAw%3D%3D"
97,"https://www.google.com/maps/place/Ministop+Palm+Residence/@10.7921585,106.7586584,17z/data=!3m1!4b1!4m6!3m5!1s0x31752732ab42095b:0x2a6d15e6c1322530!8m2!3d10.7921532!4d106.7612333!16s%2Fg%2F11h58cynm1?entry=ttu&g_ep=EgoyMDI1MTAyOS4yIKXMDSoASAFQAw%3D%3D"
98,"https://www.google.com/maps/place/Ministop+Homyland+Riverside/@10.7894148,106.7660814,17z/data=!3m1!4b1!4m6!3m5!1s0x317527abe6891fff:0x43b240654865d4ed!8m2!3d10.7894095!4d106.7686563!16s%2Fg%2F11fr0cjpj4?entry=ttu&g_ep=EgoyMDI1MTAyOS4yIKXMDSoASAFQAw%3D%3D"
99,"https://www.google.com/maps/place/Ministop/@10.8362111,106.664595,17z/data=!4m10!1m2!2m1!1sMinistop+-++Cityland+!3m6!1s0x3175292161caf477:0x479077db8b93dede!8m2!3d10.836833!4d106.6675504!15sChVNaW5pc3RvcCAtICBDaXR5bGFuZCAiA4gBAZIBEWNvbnZlbmllbmNlX3N0b3Jl4AEA!16s%2Fg%2F11ftwg106f?entry=ttu&g_ep=EgoyMDI1MTAyOS4yIKXMDSoASAFQAw%3D%3D"
100,"https://www.google.com/maps/place/MiniStop/@10.790673,106.697038,17z/data=!3m1!4b1!4m6!3m5!1s0x317529f326c87e9b:0x211096385b921809!8m2!3d10.7906677!4d106.6996129!16s%2Fg%2F11h_610dt_?entry=ttu&g_ep=EgoyMDI1MTAyOS4yIKXMDSoASAFQAw%3D%3D"
101,"https://www.google.com/maps/place/MINISTOP/@10.7853104,106.6444196,17z/data=!4m10!1m2!2m1!1zTWluaXN0b3AgLSAgTmkgU8awIEh14buzbmggTGnDqm4g!3m6!1s0x31752fcb666b12af:0xba70b8e0c20999fa!8m2!3d10.7834972!4d106.6487679!15sCiFNaW5pc3RvcCAtICBOaSBTxrAgSHXhu7NuaCBMacOqbiAiA4gBAVofIh1taW5pc3RvcCBuaSBzxrAgaHXhu7NuaCBsacOqbpIBEWNvbnZlbmllbmNlX3N0b3Jl4AEA!16s%2Fg%2F11fr3fyzd4?entry=ttu&g_ep=EgoyMDI1MTAyOS4yIKXMDSoASAFQAw%3D%3D"
102,"https://www.google.com/maps/place/MASTERI+AN+PH%C3%9A/@10.8035949,106.7451665,17z/data=!3m1!4b1!4m6!3m5!1s0x317527ce496f91f1:0x99a4aabc4bac329f!8m2!3d10.8035896!4d106.7477414!16s%2Fg%2F11hz2dyt4l?entry=ttu&g_ep=EgoyMDI1MTAyOS4yIKXMDSoASAFQAw%3D%3D"
103,"https://www.google.com/maps/place/Ministop+Sun+Avenue/@10.7851502,106.7459013,17z/data=!3m1!4b1!4m6!3m5!1s0x3175256209df66f1:0x41fbe7f663720c6e!8m2!3d10.7851449!4d106.7484762!16s%2Fg%2F11fr0cn4dx?entry=ttu&g_ep=EgoyMDI1MTAyOS4yIKXMDSoASAFQAw%3D%3D"
104,"https://www.google.com/maps/place/43F+H%E1%BB%93+V%C4%83n+Hu%C3%AA,+Ph%C6%B0%E1%BB%9Dng+9,+Ph%C3%BA+Nhu%E1%BA%ADn,+Th%C3%A0nh+ph%E1%BB%91+H%E1%BB%93+Ch%C3%AD+Minh,+Vietnam/@10.802639,106.6761973,21z/data=!4m6!3m5!1s0x317528d87533a97f:0xdedcff9c829df8a!8m2!3d10.8027246!4d106.6764172!16s%2Fg%2F11rg5x5jc6?entry=ttu&g_ep=EgoyMDI1MTAyOS4yIKXMDSoASAFQAw%3D%3D"
105,"https://www.google.com/maps/place/MINISTOP/@10.7796074,106.7443691,17z/data=!3m1!4b1!4m6!3m5!1s0x31752511b4cfc54d:0x2593883397efdd9a!8m2!3d10.7796021!4d106.746944!16s%2Fg%2F11h0yg8xq0?entry=ttu&g_ep=EgoyMDI1MTAyOS4yIKXMDSoASAFQAw%3D%3D"
106,"https://www.google.com/maps/place/MINISTOP+-+Vinhomes+Golden+River/@10.7799855,106.6972438,15z/data=!4m10!1m2!2m1!1sMinistop+-++Vinhomes+Golden+River+(Bason)+!3m6!1s0x31752f8b320ad723:0xffcfda53d640e5af!8m2!3d10.7867421!4d106.710601!15sCipNaW5pc3RvcCAtICBWaW5ob21lcyBHb2xkZW4gUml2ZXIgKEJhc29uKSAiA4gBAVomIiRtaW5pc3RvcCB2aW5ob21lcyBnb2xkZW4gcml2ZXIgYmFzb26SARFjb252ZW5pZW5jZV9zdG9yZeABAA!16s%2Fg%2F11h0mj3mzd?entry=ttu&g_ep=EgoyMDI1MTAyOS4yIKXMDSoASAFQAw%3D%3D"
107,"https://www.google.com/maps/place/Ministop/@10.7677709,106.6518734,15z/data=!4m10!1m2!2m1!1zTWluaXN0b3AgLSAgxJDGsOG7nW5nIDMvMiA!3m6!1s0x31752f788c47d899:0x7294615f4d12e3a0!8m2!3d10.7677709!4d106.6606281!15sChpNaW5pc3RvcCAtICDEkMaw4budbmcgMy8yICIDiAEBWhgiFm1pbmlzdG9wIMSRxrDhu51uZyAzIDKSARFjb252ZW5pZW5jZV9zdG9yZZoBRENpOURRVWxSUVVOdlpFTm9kSGxqUmpsdlQyMVNkMUpyY0VOamJFNVJZbGRzVVU1c2JIVmhiR3hxVWpGYU5VMXNSUkFC4AEA-gEECAAQJA!16s%2Fg%2F11gmcxkpfn?entry=ttu&g_ep=EgoyMDI1MTAyOS4yIKXMDSoASAFQAw%3D%3D"
108,"https://www.google.com/maps/place/MINISTOP-S123/@10.8020447,106.6820863,17z/data=!3m1!4b1!4m6!3m5!1s0x3175299e7efd92ad:0x88d612b73553d988!8m2!3d10.8020394!4d106.6846612!16s%2Fg%2F11kd9mtbvl?entry=ttu&g_ep=EgoyMDI1MTAyOS4yIKXMDSoASAFQAw%3D%3D"
109,"https://www.google.com/maps/place/Ministop+L%C3%AA+Th%C3%A1nh+T%C3%B4n/@10.781533,106.7030973,17z/data=!3m1!4b1!4m6!3m5!1s0x31752f18c38f26ef:0x450658968a441c1!8m2!3d10.7815277!4d106.7056722!16s%2Fg%2F11gy572bdc?entry=ttu&g_ep=EgoyMDI1MTAyOS4yIKXMDSoASAFQAw%3D%3D"
110,"https://www.google.com/maps/place/MINISTOP/@10.7959377,106.653933,17z/data=!3m1!4b1!4m6!3m5!1s0x317529e6211c83ff:0x62e20f4c6646bab7!8m2!3d10.7959324!4d106.6565079!16s%2Fg%2F11fkl8wrnn?entry=ttu&g_ep=EgoyMDI1MTAyOS4yIKXMDSoASAFQAw%3D%3D"
111,"https://www.google.com/maps/place/Ministop+Nguy%E1%BB%85n+Th%C3%A1i+B%C3%ACnh/@10.7680391,106.6959633,17z/data=!3m1!4b1!4m6!3m5!1s0x31752f035ebdb86b:0xcef0a3993cc93af4!8m2!3d10.7680338!4d106.6985382!16s%2Fg%2F11f5k2bwhz?entry=ttu&g_ep=EgoyMDI1MTAyOS4yIKXMDSoASAFQAw%3D%3D"
112,"https://www.google.com/maps/place/Ministop/@10.8063547,106.6618656,17z/data=!4m10!1m2!2m1!1sMinistop+-++Ph%E1%BB%95+Quang+2+!3m6!1s0x3175290041797fc3:0xd230798bd98e70de!8m2!3d10.8063547!4d106.6663717!15sChpNaW5pc3RvcCAtICBQaOG7lSBRdWFuZyAyICIDiAEBkgERY29udmVuaWVuY2Vfc3RvcmXgAQA!16s%2Fg%2F11x6r5yt3f?entry=ttu&g_ep=EgoyMDI1MTAyOS4yIKXMDSoASAFQAw%3D%3D"
113,"https://www.google.com/maps/place/Ministop+Nguyen+Van+Nguyen/@10.7917241,106.6852879,17z/data=!3m1!4b1!4m6!3m5!1s0x317528d29cdf7119:0x4c9f27ff8825d038!8m2!3d10.7917188!4d106.6878628!16s%2Fg%2F11ggmgt8qj?entry=ttu&g_ep=EgoyMDI1MTAyOS4yIKXMDSoASAFQAw%3D%3D"
114,"https://www.google.com/maps/place/MINISTOP+Nguy%E1%BB%85n+C%E1%BA%A3nh+Ch%C3%A2n/@10.7581064,106.6859936,17z/data=!3m1!4b1!4m6!3m5!1s0x31752fa0d63f4303:0x6468aec8016a5d50!8m2!3d10.7581011!4d106.6885685!16s%2Fg%2F11gh4mb3t0?entry=ttu&g_ep=EgoyMDI1MTAyOS4yIKXMDSoASAFQAw%3D%3D"
115,"https://www.google.com/maps/place/Ministop+New+City/@10.7822228,106.7335189,17z/data=!3m1!4b1!4m6!3m5!1s0x317525e34fedf0ef:0xecee2d2cbabb516c!8m2!3d10.7822175!4d106.7360938!16s%2Fg%2F11gf5s4130?entry=ttu&g_ep=EgoyMDI1MTAyOS4yIKXMDSoASAFQAw%3D%3D"
116,"https://www.google.com/maps/place/MINISTOP/@10.7437782,106.7293423,17z/data=!3m1!4b1!4m6!3m5!1s0x3175257883c17f19:0x8424a570432a7313!8m2!3d10.7437729!4d106.7319172!16s%2Fg%2F11f3n9_wvg?entry=ttu&g_ep=EgoyMDI1MTAyOS4yIKXMDSoASAFQAw%3D%3D"
117,"https://www.google.com/maps/place/MINISTOP/@10.866065,106.799861,17z/data=!3m1!4b1!4m6!3m5!1s0x3175275971ad014d:0x39d693bae6626097!8m2!3d10.8660597!4d106.8024359!16s%2Fg%2F11h9rwsfv9?entry=ttu&g_ep=EgoyMDI1MTAyOS4yIKXMDSoASAFQAw%3D%3D"
118,"https://www.google.com/maps/place/MINISTOP/@10.7721607,106.6617877,17z/data=!4m10!1m2!2m1!1sMinistop+-++Th%C3%A0nh+Th%C3%A1i+2+!3m6!1s0x31752ec291336d79:0xc82f238fe3679cde!8m2!3d10.7703318!4d106.6625664!15sChtNaW5pc3RvcCAtICBUaMOgbmggVGjDoWkgMiAiA4gBAVoZIhdtaW5pc3RvcCB0aMOgbmggdGjDoWkgMpIBEWNvbnZlbmllbmNlX3N0b3JlmgEjQ2haRFNVaE5NRzluUzBWTlQySnZUbkpoTXpkWE5XVjNFQUXgAQD6AQQIcxAy!16s%2Fg%2F11h9w1py2z?entry=ttu&g_ep=EgoyMDI1MTAyOS4yIKXMDSoASAFQAw%3D%3D"
119,"https://www.google.com/maps/place/MINISTOP-HUTECH+KHU+E/@10.8554451,106.7672049,15z/data=!3m1!4b1!4m6!3m5!1s0x31752709bc5097b7:0x43d68e139b456316!8m2!3d10.8554246!4d106.785659!16s%2Fg%2F11f5ms4_1z?entry=ttu&g_ep=EgoyMDI1MTAyOS4yIKXMDSoASAFQAw%3D%3D"
120,"https://www.google.com/maps/place/MINISTOP/@10.795626,106.704723,17z/data=!3m1!4b1!4m6!3m5!1s0x317528b13efc091d:0x10632743d9c26a64!8m2!3d10.7956207!4d106.7072979!16s%2Fg%2F11f2rwc162?entry=ttu&g_ep=EgoyMDI1MTAyOS4yIKXMDSoASAFQAw%3D%3D"
121,"https://www.google.com/maps/place/MINISTOP/@10.8009305,106.6921551,18z/data=!4m10!1m2!2m1!1zTWluaXN0b3AgLSAgVuG6oW4gS2nhur9wIDIg!3m6!1s0x317529fbd5603f75:0xcb7a3e635ec6f2ba!8m2!3d10.7992906!4d106.6936645!15sChtNaW5pc3RvcCAtICBW4bqhbiBLaeG6v3AgMiAiA4gBAVoZIhdtaW5pc3RvcCB24bqhbiBraeG6v3AgMpIBEWNvbnZlbmllbmNlX3N0b3JlmgFEQ2k5RFFVbFJRVU52WkVOb2RIbGpSamx2VDJ4d2VGRlRNSHBQU0doU1VrWk9XR1JJU1hSWU1EZzBZMFJrZUU5WVl4QULgAQD6AQQIZBA2!16s%2Fg%2F11f5k4pxjc?entry=ttu&g_ep=EgoyMDI1MTAyOS4yIKXMDSoASAFQAw%3D%3D"
122,"https://www.google.com/maps/place/Ministop/@10.7584196,106.6389945,17z/data=!3m1!4b1!4m6!3m5!1s0x31752e8fed95449f:0x96e5798e137267a1!8m2!3d10.7584143!4d106.6415694!16s%2Fg%2F11f15hw5lw?entry=ttu&g_ep=EgoyMDI1MTAyOS4yIKXMDSoASAFQAw%3D%3D"
123,"https://www.google.com/maps/place/Ministop+Vietnam+company+limited/@10.7983814,106.6803634,14z/data=!4m10!1m2!2m1!1zTWluaXN0b3AgLSAgxJDhuqFpIEjhu41jIEjhu5NuZyBCw6BuZyA!3m6!1s0x31752f373ef3a5b1:0x569a2a75929fd426!8m2!3d10.8004298!4d106.7067983!15sCiZNaW5pc3RvcCAtICDEkOG6oWkgSOG7jWMgSOG7k25nIELDoG5nICIDiAEBWiQiIm1pbmlzdG9wIMSR4bqhaSBo4buNYyBo4buTbmcgYsOgbmeSARFjb252ZW5pZW5jZV9zdG9yZZoBJENoZERTVWhOTUc5blMwVkpRMEZuU1VRMWFVeERNemhSUlJBQuABAPoBBAgwECo!16s%2Fg%2F11f2b70817?entry=ttu&g_ep=EgoyMDI1MTAyOS4yIKXMDSoASAFQAw%3D%3D"
124,"https://www.google.com/maps/place/Ministop+-+B%C3%ACnh+Gi%C3%A3/@10.8005275,106.6421452,17z/data=!3m1!4b1!4m6!3m5!1s0x3175294f1d1bff07:0xf02e34a4e07349ca!8m2!3d10.8005222!4d106.6447201!16s%2Fg%2F11f5bxhsth?entry=ttu&g_ep=EgoyMDI1MTAyOS4yIKXMDSoASAFQAw%3D%3D"
125,"https://www.google.com/maps/place/MINISTOP/@10.7741529,106.6615376,15z/data=!4m10!1m2!2m1!1sMinistop+-++Cao+Th%E1%BA%AFng+2+!3m6!1s0x31752f355073ae65:0xdbc436666ee9034f!8m2!3d10.7748906!4d106.6756687!15sChpNaW5pc3RvcCAtICBDYW8gVGjhuq9uZyAyICIDiAEBWhgiFm1pbmlzdG9wIGNhbyB0aOG6r25nIDKSARFjb252ZW5pZW5jZV9zdG9yZZoBIENoUkRTVWhOTUc5blMwVkpRMEZuU1VSMUxXOHdReEFC4AEA-gEECAAQIA!16s%2Fg%2F11gh7rygh2?entry=ttu&g_ep=EgoyMDI1MTAyOS4yIKXMDSoASAFQAw%3D%3D"
126,"https://www.google.com/maps/place/MINISTOP/@10.7971661,106.6439462,14z/data=!4m10!1m2!2m1!1zTWluaXN0b3AgLSAgTmd1eeG7hW4gVHLhu41uZyBUdXnhu4NuIDIg!3m6!1s0x317528d6ed138855:0x7830bf62c32124c2!8m2!3d10.7971661!4d106.6799951!15sCidNaW5pc3RvcCAtICBOZ3V54buFbiBUcuG7jW5nIFR1eeG7g24gMiAiA4gBAVolIiNtaW5pc3RvcCBuZ3V54buFbiB0cuG7jW5nIHR1eeG7g24gMpIBEWNvbnZlbmllbmNlX3N0b3JlmgFEQ2k5RFFVbFJRVU52WkVOb2RIbGpSamx2VDIweFNsbHJTa2xaYTNjelpXcFplVlpYT1ZoVWJVcFZXbGQ0ZUZaRlJSQULgAQD6AQQIUhBJ!16s%2Fg%2F11f03ssw88?entry=ttu&g_ep=EgoyMDI1MTAyOS4yIKXMDSoASAFQAw%3D%3D"
127,"https://www.google.com/maps/place/Ministop/@10.8056182,106.6791831,17z/data=!3m1!4b1!4m6!3m5!1s0x317528d95bcf658d:0x1827e2d1cb9e6cc4!8m2!3d10.8056129!4d106.681758!16s%2Fg%2F11h9zgpv4_?entry=ttu&g_ep=EgoyMDI1MTAyOS4yIKXMDSoASAFQAw%3D%3D"
128,"https://www.google.com/maps/place/MINISTOP/@10.8099458,106.7123391,17z/data=!3m1!4b1!4m6!3m5!1s0x31752965c338adcb:0xf4a95584f7e67a9d!8m2!3d10.8099405!4d106.714914!16s%2Fg%2F11ghfpq22z?entry=ttu&g_ep=EgoyMDI1MTAyOS4yIKXMDSoASAFQAw%3D%3D"
129,"https://www.google.com/maps/place/Ministop+Ho%C3%A0ng+Di%E1%BB%87u/@10.810245,106.6918085,13z/data=!4m10!1m2!2m1!1zTWluaXN0b3AgLSAgSG_DoG5nIERp4buHdSA!3m6!1s0x31752f6b763101b7:0x9f26ecc76c41f8ee!8m2!3d10.762689!4d106.7026494!15sChpNaW5pc3RvcCAtICBIb8OgbmcgRGnhu4d1ICIDiAEBWhgiFm1pbmlzdG9wIGhvw6BuZyBkaeG7h3WSARFjb252ZW5pZW5jZV9zdG9yZeABAA!16s%2Fg%2F11f040skkz?entry=ttu&g_ep=EgoyMDI1MTAyOS4yIKXMDSoASAFQAw%3D%3D"
130,"https://www.google.com/maps/place/Ministop/@10.7684127,106.3823722,11z/data=!4m10!1m2!2m1!1zTWluaXN0b3AgLSAgQuG7h25oIFZp4buHbiBOaGkgxJDhu5NuZyAxIEtodSBOZ2_huqFpIFRyw7og!3m6!1s0x31752f7347ec6593:0xc1c262b432a06d02!8m2!3d10.7684127!4d106.6707633!15sCjlNaW5pc3RvcCAtICBC4buHbmggVmnhu4duIE5oaSDEkOG7k25nIDEgS2h1IE5nb-G6oWkgVHLDuiAiA4gBAVo3IjVtaW5pc3RvcCBi4buHbmggdmnhu4duIG5oaSDEkeG7k25nIDEga2h1IG5nb-G6oWkgdHLDupIBEWNvbnZlbmllbmNlX3N0b3JlmgFEQ2k5RFFVbFJRVU52WkVOb2RIbGpSamx2VDJ0R2EyTklTbFZaVm13MVZucEtXR0pFV1hkTlNFSjJVMFJzYzJKR1JSQULgAQD6AQUIkQIQJw!16s%2Fg%2F11gh95npyf?entry=ttu&g_ep=EgoyMDI1MTAyOS4yIKXMDSoASAFQAw%3D%3D"
131,"https://www.google.com/maps/place/Ministop/@10.8028279,106.7419312,17z/data=!3m1!4b1!4m6!3m5!1s0x3175270034743f85:0x5e713213f91f5ce4!8m2!3d10.8028279!4d106.7419312!16s%2Fg%2F11x7pptdj9?authuser=0&hl=en&entry=ttu&g_ep=EgoyMDI1MTAyOS4yIKXMDSoASAFQAw%3D%3D"
132,"https://www.google.com/maps/place/MINISTOP/@10.7885781,106.6539611,17z/data=!3m1!4b1!4m6!3m5!1s0x31752ecba5e127d5:0x80ef701978196e72!8m2!3d10.7885728!4d106.656536!16s%2Fg%2F11f0866pgn?entry=ttu&g_ep=EgoyMDI1MTAyOS4yIKXMDSoASAFQAw%3D%3D"
133,"https://www.google.com/maps/place/MINISTOP/@10.7636817,106.6608684,17z/data=!3m1!4b1!4m6!3m5!1s0x31752eef4c418ebb:0xaed6636c33062029!8m2!3d10.7636764!4d106.6634433!16s%2Fg%2F11f_p2x8f0?entry=ttu&g_ep=EgoyMDI1MTAyOS4yIKXMDSoASAFQAw%3D%3D"
134,"https://www.google.com/maps/place/Ministop+CN+Th%C3%A0nh+Th%C3%A1i./@10.7749558,106.6598124,17z/data=!4m10!1m2!2m1!1sMinistop+-++Th%C3%A0nh+Th%C3%A1i+!3m6!1s0x31752fdb6089e127:0x4aeec3df51b47bb2!8m2!3d10.7749558!4d106.6643185!15sChlNaW5pc3RvcCAtICBUaMOgbmggVGjDoWkgIgOIAQFaFyIVbWluaXN0b3AgdGjDoG5oIHRow6FpkgERY29udmVuaWVuY2Vfc3RvcmXgAQA!16s%2Fg%2F11f5psjp1d?entry=ttu&g_ep=EgoyMDI1MTAyOS4yIKXMDSoASAFQAw%3D%3D"
135,"https://www.google.com/maps/place/Ministop+L%C3%BD+Nam+%C4%90%E1%BA%BF/@10.760906,106.6569385,17z/data=!3m1!4b1!4m6!3m5!1s0x31752eee6509f737:0xdec9428921968aca!8m2!3d10.7609007!4d106.6595134!16s%2Fg%2F11f57whf9y?entry=ttu&g_ep=EgoyMDI1MTAyOS4yIKXMDSoASAFQAw%3D%3D"
136,"https://www.google.com/maps/place/MINISTOP/@10.7681728,106.6437843,14z/data=!4m10!1m2!2m1!1zTWluaXN0b3AgLSAgTmd1eeG7hW4gVGhp4buHbiBUaHXhuq10IDIg!3m6!1s0x31752f1f7b7d42cb:0x59a8f834ba1d94f7!8m2!3d10.7681728!4d106.6798332!15sCidNaW5pc3RvcCAtICBOZ3V54buFbiBUaGnhu4duIFRodeG6rXQgMiAiA4gBAVolIiNtaW5pc3RvcCBuZ3V54buFbiB0aGnhu4duIHRodeG6rXQgMpIBEWNvbnZlbmllbmNlX3N0b3JlmgEjQ2haRFNVaE5NRzluUzBWSlEwRm5TVVIxT1dOTWRGSjNFQUXgAQD6AQUI5QIQSQ!16s%2Fg%2F11fxd_vj4s?entry=ttu&g_ep=EgoyMDI1MTAyOS4yIKXMDSoASAFQAw%3D%3D"
137,"https://www.google.com/maps/search/Ministop+-++Tr%E1%BA%A7n+Nh%C3%A2n+T%C3%B4n+/@10.8822528,106.8043749,14z?entry=ttu&g_ep=EgoyMDI1MTAyOS4yIKXMDSoASAFQAw%3D%3D"
138,"https://www.google.com/maps/search/Ministop+-++B%C3%B9i+%C4%90%C3%ACnh+T%C3%BAy+/@10.8078102,106.7009507,17z/data=!3m1!4b1?entry=ttu&g_ep=EgoyMDI1MTAyOS4yIKXMDSoASAFQAw%3D%3D"
139,"https://www.google.com/maps/place/MINISTOP/@10.8822528,106.8043749,14z/data=!4m6!3m5!1s0x31752897cc352d4b:0xe60b318d7c4da837!8m2!3d10.8092953!4d106.7090864!16s%2Fg%2F11c60063kk?entry=ttu&g_ep=EgoyMDI1MTAyOS4yIKXMDSoASAFQAw%3D%3D"
140,"https://www.google.com/maps/place/Ministop+Vu+Tong+Phan/@10.8822528,106.8043749,14z/data=!4m6!3m5!1s0x3175261275f934bd:0xf84c37ce15bb39d!8m2!3d10.7978134!4d106.7428493!16s%2Fg%2F11csr6xmsg?entry=ttu&g_ep=EgoyMDI1MTAyOS4yIKXMDSoASAFQAw%3D%3D"
141,"https://www.google.com/maps/place/MINISTOP/@10.8822528,106.8043749,14z/data=!4m6!3m5!1s0x31752e95aa6ffffd:0x726dda7e0fb9ee13!8m2!3d10.7675984!4d106.6496975!16s%2Fg%2F11c6lbp7p_?entry=ttu&g_ep=EgoyMDI1MTAyOS4yIKXMDSoASAFQAw%3D%3D"
142,"https://www.google.com/maps/place/Ministop+-+Ho%C3%A0ng+Hoa+Th%C3%A1m/@10.7972824,106.502957,12z/data=!4m10!1m2!2m1!1sMinistop+-++Ho%C3%A0ng+Hoa+Th%C3%A1m+2+!3m6!1s0x3175294bfdb49e61:0x1f5b6477bf41144b!8m2!3d10.7972824!4d106.6471526!15sCh9NaW5pc3RvcCAtICBIb8OgbmcgSG9hIFRow6FtIDIgIgOIAQFaHSIbbWluaXN0b3AgaG_DoG5nIGhvYSB0aMOhbSAykgERY29udmVuaWVuY2Vfc3RvcmWaASRDaGREU1VoTk1HOW5TMFZKTmpJMllVUlBkV050VDNwblJSQULgAQD6AQQIABAO!16s%2Fg%2F11ggzlysn2?entry=ttu&g_ep=EgoyMDI1MTAyOS4yIKXMDSoASAFQAw%3D%3D"
143,"https://www.google.com/maps/place/Ministop/@10.8822528,106.8043749,14z/data=!4m6!3m5!1s0x317528ebeb79e5b3:0x6db724724cf5df80!8m2!3d10.8155772!4d106.6953528!16s%2Fg%2F11g027y9_z?entry=ttu&g_ep=EgoyMDI1MTAyOS4yIKXMDSoASAFQAw%3D%3D"
144,"https://www.google.com/maps/place/MINISTOP/@10.7727332,106.6329072,14z/data=!4m10!1m2!2m1!1zTWluaXN0b3AgLSAgU8awIFbhuqFuIEjhuqFuaCA!3m6!1s0x31752edc38f507a9:0x37fcd8802da0542a!8m2!3d10.7727332!4d106.6689561!15sCh1NaW5pc3RvcCAtICBTxrAgVuG6oW4gSOG6oW5oICIDiAEBWhsiGW1pbmlzdG9wIHPGsCB24bqhbiBo4bqhbmiSARFjb252ZW5pZW5jZV9zdG9yZZoBRENpOURRVWxSUVVOdlpFTm9kSGxqUmpsdlQycG9iRTR4T1hGUk1FcHRVV3hTVDFWWVFrbGxWa1kxWlZaWmQxRXdSUkFC4AEA-gEECAAQPA!16s%2Fg%2F11c2k_sz7b?entry=ttu&g_ep=EgoyMDI1MTAyOS4yIKXMDSoASAFQAw%3D%3D"
145,"https://www.google.com/maps/place/MINISTOP/@10.7880953,106.6862241,17z/data=!3m1!4b1!4m6!3m5!1s0x31752f3299feb5b3:0xe084d7b4ee205d1a!8m2!3d10.78809!4d106.688799!16s%2Fg%2F11cs2h8csp?entry=ttu&g_ep=EgoyMDI1MTAyOS4yIKXMDSoASAFQAw%3D%3D"
146,"https://www.google.com/maps/place/MINISTOP/@10.7617588,106.6457778,17z/data=!3m1!4b1!4m6!3m5!1s0x31752e924a10bc49:0x969ce52c43ac1aa!8m2!3d10.7617535!4d106.6483527!16s%2Fg%2F11g0209c1y?entry=ttu&g_ep=EgoyMDI1MTAyOS4yIKXMDSoASAFQAw%3D%3D"
147,"https://www.google.com/maps/place/MINISTOP/@10.8257706,106.6832544,17z/data=!3m1!4b1!4m6!3m5!1s0x317528fa5a0e254f:0xc6c52c15dd7f6a69!8m2!3d10.8257653!4d106.6858293!16s%2Fg%2F11c533_126?entry=ttu&g_ep=EgoyMDI1MTAyOS4yIKXMDSoASAFQAw%3D%3D"
148,"https://www.google.com/maps/place/MINISTOP+-+X%C3%B3m+Chi%E1%BA%BFu/@10.7553503,106.7070591,17z/data=!3m1!4b1!4m6!3m5!1s0x31752f4a56d68ae7:0xd3851d5f9536972c!8m2!3d10.755345!4d106.709634!16s%2Fg%2F11y21kkkpt?entry=ttu&g_ep=EgoyMDI1MTAyOS4yIKXMDSoASAFQAw%3D%3D"
149,"https://www.google.com/maps/search/Ministop+-++L%C3%AA+Quang+%C4%90%E1%BB%8Bnh+/@10.810326,106.6881509,16z/data=!3m1!4b1?entry=ttu&g_ep=EgoyMDI1MTAyOS4yIKXMDSoASAFQAw%3D%3D"
150,"https://www.google.com/maps/place/MINISTOP+-+Tr%E1%BA%A7n+%C4%90%C3%ACnh+Xu/@10.8822528,106.8043749,14z/data=!4m6!3m5!1s0x31752f10b726059d:0x28f131b567e63f1c!8m2!3d10.762161!4d106.689194!16s%2Fg%2F11c2lk7cq_?entry=ttu&g_ep=EgoyMDI1MTAyOS4yIKXMDSoASAFQAw%3D%3D"
151,"https://www.google.com/maps/place/HCMC+National+University+Dormitory+Zone+A/@10.8782463,106.7702416,14z/data=!4m10!1m2!2m1!1zTWluaXN0b3AgLSAgIEtUWCDEkOG6oWkgSOG7jWMgUXXhu5FjIEdpYSAoS2h1IEEpIA!3m6!1s0x3174d8a5f4e477e9:0x29d5aeb365cee20b!8m2!3d10.8782463!4d106.8062905!15sCjFNaW5pc3RvcCAtICAgS1RYIMSQ4bqhaSBI4buNYyBRdeG7kWMgR2lhIChLaHUgQSkgIgOIAQFaLCIqbWluaXN0b3Aga3R4IMSR4bqhaSBo4buNYyBxdeG7kWMgZ2lhIGtodSBhkgERc3R1ZGVudF9kb3JtaXRvcnmaASNDaFpEU1VoTk1HOW5TMFZKUTBGblNVTjFhMGx4YUZKbkVBReABAPoBBAgAECM!16s%2Fg%2F1tncqcyc?entry=ttu&g_ep=EgoyMDI1MTAyOS4yIKXMDSoASAFQAw%3D%3D"
152,"https://www.google.com/maps/place/MINISTOP/@10.8822528,106.8043749,14z/data=!4m6!3m5!1s0x317528cfefc2fd41:0x85ab313e0fe688a8!8m2!3d10.7999295!4d106.688888!16s%2Fg%2F11c1tz0dlx?entry=ttu&g_ep=EgoyMDI1MTAyOS4yIKXMDSoASAFQAw%3D%3D"
153,"https://www.google.com/maps/place/Ministop+Nam+K%E1%BB%B3+Kh%E1%BB%9Fi+Ngh%C4%A9a/@10.7723788,106.6978513,17z/data=!3m1!4b1!4m6!3m5!1s0x31752f40ae8ab241:0xc19751f218efa750!8m2!3d10.7723735!4d106.7004262!16s%2Fg%2F11c1ncvy9q?entry=ttu&g_ep=EgoyMDI1MTAyOS4yIKXMDSoASAFQAw%3D%3D"
154,"https://www.google.com/maps/place/Ministop/@10.8822528,106.8043749,14z/data=!4m6!3m5!1s0x317528c94e59e51b:0x8c16578afdbd48be!8m2!3d10.795789!4d106.6942671!16s%2Fg%2F11cm0x2bds?entry=ttu&g_ep=EgoyMDI1MTAyOS4yIKXMDSoASAFQAw%3D%3D"
155,"https://www.google.com/maps/place/MINISTOP+-+%C4%90%C3%A0o+Duy+T%E1%BB%AB/@10.7606132,106.6655058,17z/data=!3m1!4b1!4m6!3m5!1s0x31752ee4fa3d3fa7:0x3cf2e9daee10a139!8m2!3d10.7606079!4d106.6680807!16s%2Fg%2F11c55j96w0?entry=ttu&g_ep=EgoyMDI1MTAyOS4yIKXMDSoASAFQAw%3D%3D"
156,"https://www.google.com/maps/search/Ministop+-++Nguy%E1%BB%85n+Tr%E1%BB%8Dng+Tuy%E1%BB%83n+/@10.8822528,106.8043749,14z?entry=ttu&g_ep=EgoyMDI1MTAyOS4yIKXMDSoASAFQAw%3D%3D"
157,"https://www.google.com/maps/place/MINISTOP+-+V%C6%B0%E1%BB%9Dn+L%C3%A0i/@10.7878457,106.6309805,17z/data=!3m1!4b1!4m6!3m5!1s0x31752eabe7858d9b:0xff6810d747e66634!8m2!3d10.7878404!4d106.6335554!16s%2Fg%2F11crzwdzw6?entry=ttu&g_ep=EgoyMDI1MTAyOS4yIKXMDSoASAFQAw%3D%3D"
158,"https://www.google.com/maps/place/MINISTOP+-+Th%C4%83ng+Long/@10.8023021,106.6578496,17z/data=!3m1!4b1!4m6!3m5!1s0x3175293a75c2e4af:0xc3d10960b1db2d8f!8m2!3d10.8022968!4d106.6604245!16s%2Fg%2F11c1r7gcxt?entry=ttu&g_ep=EgoyMDI1MTAyOS4yIKXMDSoASAFQAw%3D%3D"
159,"https://www.google.com/maps/place/Ministop+Vo+Oanh/@10.8043926,106.7134517,17z/data=!3m1!4b1!4m6!3m5!1s0x317529acfbdb1863:0xa9a8653f253d6af6!8m2!3d10.8043873!4d106.7160266!16s%2Fg%2F11t7dw7kc9?entry=ttu&g_ep=EgoyMDI1MTAyOS4yIKXMDSoASAFQAw%3D%3D"
160,"https://www.google.com/maps/place/MINISTOP+-+Tr%E1%BA%A7n+Kh%E1%BA%AFc+Ch%C3%A2n/@10.7944532,106.6883116,17z/data=!3m1!4b1!4m6!3m5!1s0x317528cdcd673b07:0xa74bdd01cc537b69!8m2!3d10.7944479!4d106.6908865!16s%2Fg%2F11c187w8sh?entry=ttu&g_ep=EgoyMDI1MTAyOS4yIKXMDSoASAFQAw%3D%3D"
161,"https://www.google.com/maps/place/MINISTOP/@10.7912591,106.6592374,17z/data=!3m1!4b1!4m6!3m5!1s0x31752932d4caaa59:0x25aea94eb7fc902f!8m2!3d10.7912538!4d106.6618123!16s%2Fg%2F11c135dmy_?entry=ttu&g_ep=EgoyMDI1MTAyOS4yIKXMDSoASAFQAw%3D%3D"
162,"https://www.google.com/maps/place/MINISTOP+-+Nguy%E1%BB%85n+Bi%E1%BB%83u/@10.7572484,106.6805535,17z/data=!3m1!4b1!4m6!3m5!1s0x31752f8ecdbd49f9:0x63fb6ab00ed6c2a1!8m2!3d10.7572431!4d106.6831284!16s%2Fg%2F11sjp81cf0?entry=ttu&g_ep=EgoyMDI1MTAyOS4yIKXMDSoASAFQAw%3D%3D"
163,"https://www.google.com/maps/place/MINISTOP+-+Truong+Cong+Dinh/@10.7964797,106.6383426,17z/data=!3m1!4b1!4m6!3m5!1s0x3175294d8aaa746f:0xf19309f6fbe8ecf1!8m2!3d10.7964744!4d106.6409175!16s%2Fg%2F11c1r6w2x8?entry=ttu&g_ep=EgoyMDI1MTAyOS4yIKXMDSoASAFQAw%3D%3D"
164,"https://www.google.com/maps/place/Ministop+B22+B%E1%BA%A1ch+%C4%90%E1%BA%B1ng/@10.815367,106.6663656,16z/data=!4m10!1m2!2m1!1zTWluaXN0b3AgLSAgQuG6oWNoIMSQ4bqxbmcgMg!3m6!1s0x31752918f9dc4129:0x541a8fb2d2ee720c!8m2!3d10.8150325!4d106.6680035!15sChxNaW5pc3RvcCAtICBC4bqhY2ggxJDhurFuZyAyIgOIAQGSARFjb252ZW5pZW5jZV9zdG9yZeABAA!16s%2Fg%2F11cls_wfvc?entry=ttu&g_ep=EgoyMDI1MTAyOS4yIKXMDSoASAFQAw%3D%3D"
165,"https://www.google.com/maps/place/Ministop+Ngo+Tat+To/@10.7929844,106.7085423,17z/data=!3m1!4b1!4m6!3m5!1s0x317528adf5a45f43:0xb56a1b4ac744cdb6!8m2!3d10.7929791!4d106.7111172!16s%2Fg%2F11c55tnm_f?entry=ttu&g_ep=EgoyMDI1MTAyOS4yIKXMDSoASAFQAw%3D%3D"
166,"https://www.google.com/maps/place/Ministop+-+H%E1%BA%ADu+Giang/@10.8079012,106.6598583,17z/data=!3m1!4b1!4m6!3m5!1s0x3175293c9c881bfd:0x93b83ccb85e4f199!8m2!3d10.8078959!4d106.6624332!16s%2Fg%2F11c4wxbf93?entry=ttu&g_ep=EgoyMDI1MTAyOS4yIKXMDSoASAFQAw%3D%3D"
167,"https://www.google.com/maps/place/MINISTOP/@10.7903744,106.7069333,17z/data=!3m1!4b1!4m6!3m5!1s0x317528b2e8bc9441:0x2c40b6357726853b!8m2!3d10.7903691!4d106.7095082!16s%2Fg%2F11g6lzff40?entry=ttu&g_ep=EgoyMDI1MTAyOS4yIKXMDSoASAFQAw%3D%3D"
168,"https://www.google.com/maps/place/MINISTOP+HUTECH/@10.8025425,106.7120654,17z/data=!3m1!4b1!4m6!3m5!1s0x317528a450d7cb9f:0xf65d8cc95cd2683f!8m2!3d10.8025372!4d106.7146403!16s%2Fg%2F11c4nwfd12?entry=ttu&g_ep=EgoyMDI1MTAyOS4yIKXMDSoASAFQAw%3D%3D"
169,"https://www.google.com/maps/place/MINISTOP/@10.8010492,106.5871056,12z/data=!4m10!1m2!2m1!1sMinistop+-++Ho%C3%A0ng+Hoa+Th%C3%A1m!3m6!1s0x317528c467f81b55:0xa0c0e32a7fb95e48!8m2!3d10.8047072!4d106.6918625!15sChxNaW5pc3RvcCAtICBIb8OgbmcgSG9hIFRow6FtIgOIAQGSARFjb252ZW5pZW5jZV9zdG9yZeABAA!16s%2Fg%2F11btrs3q_0?entry=ttu&g_ep=EgoyMDI1MTAyOS4yIKXMDSoASAFQAw%3D%3D"
170,"https://www.google.com/maps/place/MINISTOP/@10.7789447,106.6714275,17z/data=!3m1!4b1!4m6!3m5!1s0x31752ed831ca4493:0xce862cc97fa883ee!8m2!3d10.7789394!4d106.6740024!16s%2Fg%2F1pwfbcylk?entry=ttu&g_ep=EgoyMDI1MTAyOS4yIKXMDSoASAFQAw%3D%3D"
171,"https://www.google.com/maps/place/MINISTOP+-+C%C6%B0+x%C3%A1+%C4%90%C3%B4+Th%C3%A0nh/@10.7721552,106.6784504,17z/data=!3m1!4b1!4m6!3m5!1s0x31752f216c08e221:0xf8f5818f6e0c5d2d!8m2!3d10.7721499!4d106.6810253!16s%2Fg%2F11b6x9_srz?entry=ttu&g_ep=EgoyMDI1MTAyOS4yIKXMDSoASAFQAw%3D%3D"
172,"https://www.google.com/maps/place/MINISTOP/@10.8058554,106.6833246,17z/data=!3m1!4b1!4m6!3m5!1s0x317528db7ad95891:0xc488a7759540df44!8m2!3d10.8058501!4d106.6858995!16s%2Fg%2F11btrs8q7d?entry=ttu&g_ep=EgoyMDI1MTAyOS4yIKXMDSoASAFQAw%3D%3D"
173,"https://www.google.com/maps/place/MINISTOP/@10.7886722,106.6951751,17z/data=!3m1!4b1!4m6!3m5!1s0x31752f3530228871:0x9ed43bba8815786!8m2!3d10.7886669!4d106.69775!16s%2Fg%2F11c5ssqzxz?entry=ttu&g_ep=EgoyMDI1MTAyOS4yIKXMDSoASAFQAw%3D%3D"
174,"https://www.google.com/maps/place/Ministop+B%E1%BA%A1ch+%C4%90%E1%BA%B1ng/@10.815367,106.6663656,16z/data=!4m10!1m2!2m1!1zTUlOSVNUT1AgLSAgQuG6oWNoIMSQ4bqxbmc!3m6!1s0x3175291e371024f3:0x69a71bf965aa85ca!8m2!3d10.8156808!4d106.6750274!15sChpNSU5JU1RPUCAtICBC4bqhY2ggxJDhurFuZyIDiAEBkgERY29udmVuaWVuY2Vfc3RvcmXgAQA!16s%2Fg%2F11crztn8nw?entry=ttu&g_ep=EgoyMDI1MTAyOS4yIKXMDSoASAFQAw%3D%3D"
175,"https://www.google.com/maps/place/Ministop/@10.7930084,106.6395866,17z/data=!3m1!4b1!4m6!3m5!1s0x3175294d4edea821:0xca237e6c06bb6378!8m2!3d10.7930031!4d106.6421615!16s%2Fg%2F11b67njyft?entry=ttu&g_ep=EgoyMDI1MTAyOS4yIKXMDSoASAFQAw%3D%3D"
176,"https://www.google.com/maps/place/Ministop/@10.7715321,106.6680244,17z/data=!3m1!4b1!4m6!3m5!1s0x31752ede7e57aebd:0x7db7b8720bd9fc5f!8m2!3d10.7715268!4d106.6705993!16s%2Fg%2F11c56btzlz?entry=ttu&g_ep=EgoyMDI1MTAyOS4yIKXMDSoASAFQAw%3D%3D"
177,"https://www.google.com/maps/place/Ministop+-+Lam+S%C6%A1n/@10.8099839,106.6641478,17z/data=!3m1!4b1!4m6!3m5!1s0x31752922fa50e7c1:0x8eaf0ee7bf9ff645!8m2!3d10.8099786!4d106.6667227!16s%2Fg%2F11xh733fq?entry=ttu&g_ep=EgoyMDI1MTAyOS4yIKXMDSoASAFQAw%3D%3D"