address,latitude,longitude,url
"212 - 214 Trương Vĩnh Ký, Phường Tân Sơn Nhì, Thành phố Hồ Chí Minh.",10.7943632,106.6282749,"https://www.google.com/maps/place/212+Tr%C6%B0%C6%A1ng+V%C4%A9nh+K%C3%BD,+T%C3%A2n+S%C6%A1n+Nh%C3%AC,+T%C3%A2n+Ph%C3%BA,+Th%C3%A0nh+ph%E1%BB%91+H%E1%BB%93+Ch%C3%AD+Minh,+Vietnam/@10.7943632,106.6282749,17z/data=!3m1!4b1!4m6!3m5!1s0x31752955158ef68d:0x9701c2a7937b2980!8m2!3d10.7943579!4d106.6308498!16s%2Fg%2F11pcnzszjt?entry=ttu&g_ep=EgoyMDI1MTAyOS4yIKXMDSoASAFQAw%3D%3D"
"318 Nguyễn Trãi, Phường An Đông, Thành phố Hồ Chí Minh.",10.7560079,106.6722611,"https://www.google.com/maps/place/318+Nguy%E1%BB%85n+Tr%C3%A3i,+Ph%C6%B0%E1%BB%9Dng+7,+Qu%E1%BA%ADn+5,+Th%C3%A0nh+ph%E1%BB%91+H%E1%BB%93+Ch%C3%AD+Minh,+Vietnam/@10.7560079,106.6722611,17z/data=!3m1!4b1!4m6!3m5!1s0x31752efd6cd5ed79:0x6c0f04eb0cc7107!8m2!3d10.7560026!4d106.674836!16s%2Fg%2F11ptqvf484?entry=ttu&g_ep=EgoyMDI1MTAyOS4yIKXMDSoASAFQAw%3D%3D"
"407B Lê Văn Sỹ, Phường Nhiêu Lộc, Thành phố Hồ Chí Minh.",10.7887457,106.6734228,"https://www.google.com/maps/place/407B+%C4%90.+L%C3%AA+V%C4%83n+S%E1%BB%B9,+Ph%C6%B0%E1%BB%9Dng+12,+Qu%E1%BA%ADn+3,+Th%C3%A0nh+ph%E1%BB%91+H%E1%BB%93+Ch%C3%AD+Minh,+Vietnam/@10.7887457,106.6734228,17z/data=!3m1!4b1!4m6!3m5!1s0x31752ed563f5f009:0x3a57f5d6729b0e2b!8m2!3d10.7887404!4d106.6759977!16s%2Fg%2F11snrlt48r?entry=ttu&g_ep=EgoyMDI1MTAyOS4yIKXMDSoASAFQAw%3D%3D"
"A0.03, trệt + lầu 1 (Tầng 1+2), Dự án khu dân cư Scenic Valley 2 (Lô MD4-4) – Phú Mỹ Hưng, Phường Tân Mỹ, Thành phố Hồ Chí Minh.",10.7311137,106.7144404,"https://www.google.com/maps/search/A0.03,+tr%E1%BB%87t+%2B+l%E1%BA%A7u+1+(T%E1%BA%A7ng+1%2B2),+D%E1%BB%B1+%C3%A1n+khu+d%C3%A2n+c%C6%B0+Scenic+Valley+2+(L%C3%B4+MD4-4)+%E2%80%93+Ph%C3%BA+M%E1%BB%B9+H%C6%B0ng,+Ph%C6%B0%E1%BB%9Dng+T%C3%A2n+M%E1%BB%B9,+Th%C3%A0nh+ph%E1%BB%91+H%E1%BB%93+Ch%C3%AD+Minh./@10.7311137,106.7144404,17z/data=!3m1!4b1?entry=ttu&g_ep=EgoyMDI1MTAyOS4yIKXMDSoASAFQAw%3D%3D"
"24 Nơ Trang Long, Phường Bình Thạnh, Thành phố Hồ Chí Minh.",10.8148334,106.6890282,"https://www.google.com/maps/search/24+N%C6%A1+Trang+Long,+Ph%C6%B0%E1%BB%9Dng+B%C3%ACnh+Th%E1%BA%A1nh,+Th%C3%A0nh+ph%E1%BB%91+H%E1%BB%93+Ch%C3%AD+Minh./@10.8148334,106.6890282,15z/data=!3m1!4b1?entry=ttu&g_ep=EgoyMDI1MTAyOS4yIKXMDSoASAFQAw%3D%3D"
"117 Trần Quốc Hoàn, Phường Tân Sơn Nhất, Thành phố Hồ Chí Minh.",10.8825875,106.6601614,"https://www.google.com/maps/search/117+Tr%E1%BA%A7n+Qu%E1%BB%91c+Ho%C3%A0n,+Ph%C6%B0%E1%BB%9Dng+T%C3%A2n+S%C6%A1n+Nh%E1%BA%A5t,+Th%C3%A0nh+ph%E1%BB%91+H%E1%BB%93+Ch%C3%AD+Minh./@10.8825875,106.6601614,11z/data=!3m1!4b1?entry=ttu&g_ep=EgoyMDI1MTAyOS4yIKXMDSoASAFQAw%3D%3D"
"92 - 94 Võ Oanh, Phường 25, Quận Bình Thạnh, Thành phố Hồ Chí Minh.",10.8051516,106.7119066,"https://www.google.com/maps/place/94%2F9%2F2+V%C3%B5+Oanh,+Ph%C6%B0%E1%BB%9Dng+25,+B%C3%ACnh+Th%E1%BA%A1nh,+Th%C3%A0nh+ph%E1%BB%91+H%E1%BB%93+Ch%C3%AD+Minh,+Vietnam/@10.8051516,106.7119066,17z/data=!3m1!4b1!4m6!3m5!1s0x317529705979e9e9:0x7980de93c0978930!8m2!3d10.8051463!4d106.7144815!16s%2Fg%2F11y5nj3pzz?entry=ttu&g_ep=EgoyMDI1MTAyOS4yIKXMDSoASAFQAw%3D%3D"
"3A Tô Vĩnh Diện, Khu phố 4, Phường Linh Chiểu, Thành phố Thủ Đức, Thành phố Hồ Chí Minh.",10.8522826,106.7641184,"https://www.google.com/maps/place/3A+T%C3%B4+V%C4%A9nh+Di%E1%BB%87n,+Linh+Chi%E1%BB%83u,+Th%E1%BB%A7+%C4%90%E1%BB%A9c,+Th%C3%A0nh+ph%E1%BB%91+H%E1%BB%93+Ch%C3%AD+Minh+71307,+Vietnam/@10.8522826,106.7641184,17z/data=!3m1!4b1!4m6!3m5!1s0x3175279f13150b9f:0x40a8c462d52ad74b!8m2!3d10.8522773!4d106.7666933!16s%2Fg%2F11ygw__x5n?entry=ttu&g_ep=EgoyMDI1MTAyOS4yIKXMDSoASAFQAw%3D%3D"
"22 Hoàng Việt, Phường 04, Quận Tân Bình, Thành phố Hồ Chí Minh.",10.8090945,106.6309384,"https://www.google.com/maps/search/22+Ho%C3%A0ng+Vi%E1%BB%87t,+Ph%C6%B0%E1%BB%9Dng+04,+Qu%E1%BA%ADn+T%C3%A2n+B%C3%ACnh,+Th%C3%A0nh+ph%E1%BB%91+H%E1%BB%93+Ch%C3%AD+Minh./@10.8090945,106.6309384,14z/data=!3m1!4b1?entry=ttu&g_ep=EgoyMDI1MTAyOS4yIKXMDSoASAFQAw%3D%3D"
"29 Đường số 20, Khu phố 4, Phường Hiệp Bình Chánh, Thành phố Thủ Đức, Thành phố Hồ Chí Minh.",10.8277408,106.7202693,"https://www.google.com/maps/place/29+%C4%90.+S%E1%BB%91+20,+Hi%E1%BB%87p+B%C3%ACnh+Ch%C3%A1nh,+Th%E1%BB%A7+%C4%90%E1%BB%A9c,+Th%C3%A0nh+ph%E1%BB%91+H%E1%BB%93+Ch%C3%AD+Minh,+Vietnam/@10.8277408,106.7202693,17z/data=!3m1!4b1!4m6!3m5!1s0x31752881db63d021:0xb70b24c77c2e5a21!8m2!3d10.8277355!4d106.7228442!16s%2Fg%2F11vstq3pt4?entry=ttu&g_ep=EgoyMDI1MTAyOS4yIKXMDSoASAFQAw%3D%3D"
"124 Đường số 01, Phường 10, Quận Tân Bình, Thành phố Hồ Chí Minh.",10.8825875,106.6601614,"https://www.google.com/maps/search/124+%C4%90%C6%B0%E1%BB%9Dng+s%E1%BB%91+01,+Ph%C6%B0%E1%BB%9Dng+10,+Qu%E1%BA%ADn+T%C3%A2n+B%C3%ACnh,+Th%C3%A0nh+ph%E1%BB%91+H%E1%BB%93+Ch%C3%AD+Minh./@10.8825875,106.6601614,11z/data=!3m1!4b1?entry=ttu&g_ep=EgoyMDI1MTAyOS4yIKXMDSoASAFQAw%3D%3D"
"226/1A - 228 Lý Chính Thắng, Phường 9, Quận 3, Thành phố Hồ Chí Minh.",10.7799124,106.679821,"https://www.google.com/maps/place/226+L%C3%BD+Ch%C3%ADnh+Th%E1%BA%AFng,+Ph%C6%B0%E1%BB%9Dng+V%C3%B5+Th%E1%BB%8B+S%C3%A1u,+Qu%E1%BA%ADn+3,+Th%C3%A0nh+ph%E1%BB%91+H%E1%BB%93+Ch%C3%AD+Minh,+Vietnam/@10.7799124,106.679821,17z/data=!3m1!4b1!4m6!3m5!1s0x31752f2f5278d4f9:0x296167d5e9abbee9!8m2!3d10.7799071!4d106.6823959!16s%2Fg%2F11f5h490x2?entry=ttu&g_ep=EgoyMDI1MTAyOS4yIKXMDSoASAFQAw%3D%3D"
"D 48 Lô C, Đường nội bộ Cư xá Phú Lâm D, Phường 10, Quận 6, Thành phố Hồ Chí Minh.",15.8138851,100.8844217,"https://www.google.com/maps/search/D+48+L%C3%B4+C,+%C4%90%C6%B0%E1%BB%9Dng+n%E1%BB%99i+b%E1%BB%99+C%C6%B0+x%C3%A1+Ph%C3%BA+L%C3%A2m+D,+Ph%C6%B0%E1%BB%9Dng+10,+Qu%E1%BA%ADn+6,+Th%C3%A0nh+ph%E1%BB%91+H%E1%BB%93+Ch%C3%AD+Minh./@15.8138851,100.8844217,6z/data=!3m1!4b1?entry=ttu&g_ep=EgoyMDI1MTAyOS4yIKXMDSoASAFQAw%3D%3D"
"102 Lê Minh Xuân, Phường 07, Quận Tân Bình, Thành phố Hồ Chí Minh.",10.7870921,106.6514918,"https://www.google.com/maps/place/102+L%C3%AA+Minh+Xu%C3%A2n,+Ph%C6%B0%E1%BB%9Dng+7,+T%C3%A2n+B%C3%ACnh,+Th%C3%A0nh+ph%E1%BB%91+H%E1%BB%93+Ch%C3%AD+Minh+007007,+Vietnam/@10.7870921,106.6514918,17z/data=!3m1!4b1!4m6!3m5!1s0x31752eca17b2625d:0x6e1ee78a519b39df!8m2!3d10.7870868!4d106.6540667!16s%2Fg%2F11q85yr7g6?entry=ttu&g_ep=EgoyMDI1MTAyOS4yIKXMDSoASAFQAw%3D%3D"
"102 Đường số 29, Khu phố 2, Phường Bình Trị Đông B, Quận Bình Tân, Thành phố Hồ Chí Minh.",10.7568198,106.6091531,"https://www.google.com/maps/place/102+%C4%90%C6%B0%E1%BB%9Dng+S%E1%BB%91+29,+B%C3%ACnh+Tr%E1%BB%8B+%C4%90%C3%B4ng+B,+B%C3%ACnh+T%C3%A2n,+Th%C3%A0nh+ph%E1%BB%91+H%E1%BB%93+Ch%C3%AD+Minh,+Vietnam/@10.7568198,106.6091531,17z/data=!3m1!4b1!4m6!3m5!1s0x31752c314c46ce93:0x56c7ef22931caf77!8m2!3d10.7568145!4d106.611728!16s%2Fg%2F11vqmrlx3b?entry=ttu&g_ep=EgoyMDI1MTAyOS4yIKXMDSoASAFQAw%3D%3D"
"200A - 200B Tân Sơn Nhì, Phường Tân Sơn Nhì, Quận Tân Phú, Thành phố Hồ Chí Minh.",10.7973089,106.6217177,"https://www.google.com/maps/search/200A+-+200B+T%C3%A2n+S%C6%A1n+Nh%C3%AC,+Ph%C6%B0%E1%BB%9Dng+T%C3%A2n+S%C6%A1n+Nh%C3%AC,+Qu%E1%BA%ADn+T%C3%A2n+Ph%C3%BA,+Th%C3%A0nh+ph%E1%BB%91+H%E1%BB%93+Ch%C3%AD+Minh./@10.7973089,106.6217177,16z/data=!3m1!4b1?entry=ttu&g_ep=EgoyMDI1MTAyOS4yIKXMDSoASAFQAw%3D%3D"
"164A Tân Kỳ Tân Quý, Phường Sơn Kỳ, Quận Tân Phú, Thành phố Hồ Chí Minh.",10.8032489,106.6284124,"https://www.google.com/maps/place/164a+%C4%90.+T%C3%A2n+K%E1%BB%B3+T%C3%A2n+Qu%C3%BD,+T%C3%A2n+S%C6%A1n+Nh%C3%AC,+T%C3%A2n+Ph%C3%BA,+Th%C3%A0nh+ph%E1%BB%91+H%E1%BB%93+Ch%C3%AD+Minh,+Vietnam/@10.8032489,106.6284124,17z/data=!3m1!4b1!4m6!3m5!1s0x317529578de923e1:0xdaf8f2710d0a7faa!8m2!3d10.8032436!4d106.6309873!16s%2Fg%2F11rgg156tc?entry=ttu&g_ep=EgoyMDI1MTAyOS4yIKXMDSoASAFQAw%3D%3D"
"S2.0.02, Tầng Trệt và Tầng 1, Khối đế P2, Khu A6 (Alnata Plus – Celadon City), Số 2, Đường N1, Phường Sơn Kỳ, Quận Tân Phú, Thành phố Hồ Chí Minh.",10.8027217,106.6103261,"https://www.google.com/maps/search/S2.0.02,+T%E1%BA%A7ng+Tr%E1%BB%87t+v%C3%A0+T%E1%BA%A7ng+1,+Kh%E1%BB%91i+%C4%91%E1%BA%BF+P2,+Khu+A6+(Alnata+Plus+%E2%80%93+Celadon+City),+S%E1%BB%91+2,+%C4%90%C6%B0%E1%BB%9Dng+N1,+Ph%C6%B0%E1%BB%9Dng+S%C6%A1n+K%E1%BB%B3,+Qu%E1%BA%ADn+T%C3%A2n+Ph%C3%BA,+Th%C3%A0nh+ph%E1%BB%91+H%E1%BB%93+Ch%C3%AD+Minh./@10.8027217,106.6103261,16z/data=!3m1!4b1?entry=ttu&g_ep=EgoyMDI1MTAyOS4yIKXMDSoASAFQAw%3D%3D"
"223 Đường 154, Phường Tân Phú, Thành phố Thủ Đức, Thành phố Hồ Chí Minh.",10.8648361,106.8082375,"https://www.google.com/maps/place/223+%C4%90.+154,+Long+Th%E1%BA%A1nh+M%E1%BB%B9,+Qu%E1%BA%ADn+9,+Th%C3%A0nh+ph%E1%BB%91+H%E1%BB%93+Ch%C3%AD+Minh,+Vietnam/@10.8648361,106.8082375,17z/data=!3m1!4b1!4m6!3m5!1s0x31752756b49cb069:0x10f087dcef1acb77!8m2!3d10.8648308!4d106.8108124!16s%2Fg%2F11xrdk4dy9?entry=ttu&g_ep=EgoyMDI1MTAyOS4yIKXMDSoASAFQAw%3D%3D"
"161 Tô Hiến Thành, Phường 13, Quận 10, Thành phố Hồ Chí Minh.",10.780527,106.6665185,"https://www.google.com/maps/place/161+%C4%90.+T%C3%B4+Hi%E1%BA%BFn+Th%C3%A0nh,+Ph%C6%B0%E1%BB%9Dng+14,+Qu%E1%BA%ADn+10,+Th%C3%A0nh+ph%E1%BB%91+H%E1%BB%93+Ch%C3%AD+Minh,+Vietnam/@10.780527,106.6665185,17z/data=!3m1!4b1!4m6!3m5!1s0x31752ed0a2e32cbb:0x95228803c2584e8b!8m2!3d10.7805217!4d106.6690934!16s%2Fg%2F11rp3dcv21?entry=ttu&g_ep=EgoyMDI1MTAyOS4yIKXMDSoASAFQAw%3D%3D"
"0.04 Lầu Trệt (Thông tầng) Tháp A1, Dự án Westgate, Lô F Trung tâm hành chính huyện Bình Chánh, Đường Tân Túc, Khu phố 4, Thị trấn Tân Túc, Huyện Bình Chánh, Thành phố Hồ Chí Minh.",10.6892972,106.5831643,"https://www.google.com/maps/place/Chung+c%C6%B0+WestGate+An+Gia+B%C3%ACnh+Ch%C3%A1nh/@10.6892972,106.5831643,17z/data=!3m1!4b1!4m6!3m5!1s0x31753310f70a8d8f:0x7c438aa25dd854ca!8m2!3d10.6892919!4d106.5857392!16s%2Fg%2F11j94qprbf?entry=ttu&g_ep=EgoyMDI1MTAyOS4yIKXMDSoASAFQAw%3D%3D"
"24A Chương Dương, Khu phố 3, Phường Linh Chiểu, Thành phố Thủ Đức, Thành phố Hồ Chí Minh",10.8518315,106.7574728,"https://www.google.com/maps/place/24A+Ch%C6%B0%C6%A1ng+D%C6%B0%C6%A1ng,+Linh+Chi%E1%BB%83u,+Th%E1%BB%A7+%C4%90%E1%BB%A9c,+Th%C3%A0nh+ph%E1%BB%91+H%E1%BB%93+Ch%C3%AD+Minh,+Vietnam/@10.8518315,106.7574728,17z/data=!3m1!4b1!4m6!3m5!1s0x317527980d92cb5b:0xc9eb3d69dbdf1719!8m2!3d10.8518262!4d106.7600477!16s%2Fg%2F11vyxs84wb?entry=ttu&g_ep=EgoyMDI1MTAyOS4yIKXMDSoASAFQAw%3D%3D"
"UOA Tower, 6 Tân Trào, Phường Tân Phú, Quận 7, Thành phố Hồ Chí Minh.",10.7301608,106.7221755,"https://www.google.com/maps/place/UOA+TOWER/@10.7301608,106.7221755,17z/data=!3m1!4b1!4m6!3m5!1s0x317525475fbe1041:0x72441088347761f!8m2!3d10.7301555!4d106.7247504!16s%2Fg%2F11j7y_dhv5?entry=ttu&g_ep=EgoyMDI1MTAyOS4yIKXMDSoASAFQAw%3D%3D"
"65 Bis Mạc Đĩnh Chi, Phường Đa Kao, Quận 1, Thành phố Hồ Chí Minh.",10.7865659,106.6963421,"https://www.google.com/maps/search/65+Bis+M%E1%BA%A1c+%C4%90%C4%A9nh+Chi,+Ph%C6%B0%E1%BB%9Dng+%C4%90a+Kao,+Qu%E1%BA%ADn+1,+Th%C3%A0nh+ph%E1%BB%91+H%E1%BB%93+Ch%C3%AD+Minh./@10.7865659,106.6963421,18z/data=!3m1!4b1?entry=ttu&g_ep=EgoyMDI1MTAyOS4yIKXMDSoASAFQAw%3D%3D"
"153 Điện Biên Phủ, Phường 2, Quận Bình Thạnh, Thành phố Hồ Chí Minh.",10.797505,106.7003904,"https://www.google.com/maps/search/153+%C4%90i%E1%BB%87n+Bi%C3%AAn+Ph%E1%BB%A7,+Ph%C6%B0%E1%BB%9Dng+2,+Qu%E1%BA%ADn+B%C3%ACnh+Th%E1%BA%A1nh,+Th%C3%A0nh+ph%E1%BB%91+H%E1%BB%93+Ch%C3%AD+Minh./@10.797505,106.7003904,17z/data=!3m1!4b1?entry=ttu&g_ep=EgoyMDI1MTAyOS4yIKXMDSoASAFQAw%3D%3D"
"97 Lê Quang Định, Phường 14, Quận Bình Thạnh, Thành phố Hồ Chí Minh.",10.8063431,106.6942796,"https://www.google.com/maps/place/97+L%C3%AA+Quang+%C4%90%E1%BB%8Bnh,+Ph%C6%B0%E1%BB%9Dng+14,+B%C3%ACnh+Th%E1%BA%A1nh,+Th%C3%A0nh+ph%E1%BB%91+H%E1%BB%93+Ch%C3%AD+Minh,+Vietnam/@10.8063431,106.6942796,17z/data=!3m1!4b1!4m6!3m5!1s0x317528c12808ae23:0x71306324f85af8f!8m2!3d10.8063378!4d106.6968545!16s%2Fg%2F11bw3_t78r?entry=ttu&g_ep=EgoyMDI1MTAyOS4yIKXMDSoASAFQAw%3D%3D"
"822 - 824 An Dương Vương, Phường 13, Quận 6, Thành phố Hồ Chí Minh.",10.7532628,106.6218358,"https://www.google.com/maps/place/822+An+D%C6%B0%C6%A1ng+V%C6%B0%C6%A1ng,+Ph%C6%B0%E1%BB%9Dng+13,+Qu%E1%BA%ADn+6,+Th%C3%A0nh+ph%E1%BB%91+H%E1%BB%93+Ch%C3%AD+Minh,+Vietnam/@10.7532628,106.6218358,17z/data=!3m1!4b1!4m6!3m5!1s0x31752c2b973c0705:0x793c244c1f208dd9!8m2!3d10.7532575!4d106.6244107!16s%2Fg%2F11xrd0hjjr?entry=ttu&g_ep=EgoyMDI1MTAyOS4yIKXMDSoASAFQAw%3D%3D"
"53 Hòa Bình, Phường Tân Thới Hòa, Quận Tân Phú, Thành phố Hồ Chí Minh.",10.7696539,106.630661,"https://www.google.com/maps/place/53+%C4%90.+H%C3%B2a+B%C3%ACnh,+T%C3%A2n+Th%E1%BB%9Bi+Ho%C3%A0,+T%C3%A2n+Ph%C3%BA,+Th%C3%A0nh+ph%E1%BB%91+H%E1%BB%93+Ch%C3%AD+Minh+70000,+Vietnam/@10.7696539,106.630661,17z/data=!3m1!4b1!4m6!3m5!1s0x31752e9f14b04697:0xa42f93f5dab804aa!8m2!3d10.7696486!4d106.6332359!16s%2Fg%2F11q2nb86rk?entry=ttu&g_ep=EgoyMDI1MTAyOS4yIKXMDSoASAFQAw%3D%3D"
"163 Đại Lộ 3, Phường Phước Bình, Thành phố Thủ Đức, Thành phố Hồ Chí Minh.",10.8125573,106.7694704,"https://www.google.com/maps/place/163+%C4%90%E1%BA%A1i+L%E1%BB%99+3,+Ph%C6%B0%E1%BB%9Bc+B%C3%ACnh,+Th%E1%BB%A7+%C4%90%E1%BB%A9c,+Th%C3%A0nh+ph%E1%BB%91+H%E1%BB%93+Ch%C3%AD+Minh,+Vietnam/@10.8125573,106.7694704,17z/data=!3m1!4b1!4m6!3m5!1s0x317526f60ade959b:0xe1f47333b66c4d62!8m2!3d10.812552!4d106.7720453!16s%2Fg%2F11fsjwzs81?entry=ttu&g_ep=EgoyMDI1MTAyOS4yIKXMDSoASAFQAw%3D%3D"
"13A Đường số 12, Khu phố 4, Phường An Khánh, Thành phố Thủ Đức, Thành phố Hồ Chí Minh.",10.7920669,106.7318799,"https://www.google.com/maps/search/13A+%C4%90%C6%B0%E1%BB%9Dng+s%E1%BB%91+12,+Khu+ph%E1%BB%91+4,+Ph%C6%B0%E1%BB%9Dng+An+Kh%C3%A1nh,+Th%C3%A0nh+ph%E1%BB%91+Th%E1%BB%A7+%C4%90%E1%BB%A9c,+Th%C3%A0nh+ph%E1%BB%91+H%E1%BB%93+Ch%C3%AD+Minh./@10.7920669,106.7318799,17z/data=!3m1!4b1?entry=ttu&g_ep=EgoyMDI1MTAyOS4yIKXMDSoASAFQAw%3D%3D"
"819 Kha Vạn Cân, Khu phố 2, Phường Linh Tây, Thành phố Thủ Đức, Thành phố Hồ Chí Minh.",10.857044,106.754313,"https://www.google.com/maps/place/819+%C4%90.+Kha+V%E1%BA%A1n+C%C3%A2n,+Linh+Chi%E1%BB%83u,+Th%E1%BB%A7+%C4%90%E1%BB%A9c,+Th%C3%A0nh+ph%E1%BB%91+H%E1%BB%93+Ch%C3%AD+Minh,+Vietnam/@10.857044,106.754313,17z/data=!3m1!4b1!4m6!3m5!1s0x31752790cc44908d:0xfbb668c3e49c9e95!8m2!3d10.8570387!4d106.7568879!16s%2Fg%2F11rr_zzb3n?entry=ttu&g_ep=EgoyMDI1MTAyOS4yIKXMDSoASAFQAw%3D%3D"
"233A Phan Văn Trị, Phường 11, Quận Bình Thạnh, Thành phố Hồ Chí Minh.",10.8123219,106.6925915,"https://www.google.com/maps/place/233A+%C4%90.+Phan+V%C4%83n+Tr%E1%BB%8B,+Ph%C6%B0%E1%BB%9Dng+11,+B%C3%ACnh+Th%E1%BA%A1nh,+Th%C3%A0nh+ph%E1%BB%91+H%E1%BB%93+Ch%C3%AD+Minh,+Vietnam/@10.8123219,106.6925915,17z/data=!3m1!4b1!4m6!3m5!1s0x317528ea14157f63:0xd5ea9898349a8884!8m2!3d10.8123166!4d106.6951664!16s%2Fg%2F11jzpjn550?entry=ttu&g_ep=EgoyMDI1MTAyOS4yIKXMDSoASAFQAw%3D%3D"
"33 - 35 Dương Đức Hiền, Phường Tây Thạnh, Quận Tân Phú, Thành phố Hồ Chí Minh.",10.8090078,106.6244186,"https://www.google.com/maps/place/33+D%C6%B0%C6%A1ng+%C4%90%E1%BB%A9c+Hi%E1%BB%81n,+T%C3%A2y+Th%E1%BA%A1nh,+T%C3%A2n+Ph%C3%BA,+Th%C3%A0nh+ph%E1%BB%91+H%E1%BB%93+Ch%C3%AD+Minh+070000,+Vietnam/@10.8090078,106.6244186,17z/data=!3m1!4b1!4m6!3m5!1s0x31752be22573f57f:0x9a79ad8f87892a9a!8m2!3d10.8090025!4d106.6269935!16s%2Fg%2F11nnkx59s4?entry=ttu&g_ep=EgoyMDI1MTAyOS4yIKXMDSoASAFQAw%3D%3D"
"59 Hoàng Việt, Phường 04, Quận Tân Bình, Thành phố Hồ Chí Minh.",10.7974935,106.6565633,"https://www.google.com/maps/search/59+Ho%C3%A0ng+Vi%E1%BB%87t,+Ph%C6%B0%E1%BB%9Dng+04,+Qu%E1%BA%ADn+T%C3%A2n+B%C3%ACnh,+Th%C3%A0nh+ph%E1%BB%91+H%E1%BB%93+Ch%C3%AD+Minh./@10.7974935,106.6565633,16z/data=!3m1!4b1?entry=ttu&g_ep=EgoyMDI1MTAyOS4yIKXMDSoASAFQAw%3D%3D"
"352A Âu Dương Lân, Phường Rạch Ông, Quận 8, Thành phố Hồ Chí Minh.",10.7413223,106.6828071,"https://www.google.com/maps/place/352a+%C3%82u+D%C6%B0%C6%A1ng+L%C3%A2n,+Ph%C6%B0%E1%BB%9Dng+R%E1%BA%A1ch+%C3%94ng,+Qu%E1%BA%ADn+8,+Th%C3%A0nh+ph%E1%BB%91+H%E1%BB%93+Ch%C3%AD+Minh,+Vietnam/@10.7413223,106.6828071,17z/data=!3m1!4b1!4m6!3m5!1s0x31752fa8d69c69f3:0xd7e352ec5ce2a55!8m2!3d10.741317!4d106.685382!16s%2Fg%2F11vxpb95x2?entry=ttu&g_ep=EgoyMDI1MTAyOS4yIKXMDSoASAFQAw%3D%3D"
"153A Hoàng Hoa Thám, Phường 13, Quận Tân Bình, Thành phố Hồ Chí Minh.",10.8047615,106.6448714,"https://www.google.com/maps/place/153A+Ho%C3%A0ng+Hoa+Th%C3%A1m,+Ph%C6%B0%E1%BB%9Dng+13,+T%C3%A2n+B%C3%ACnh,+Th%C3%A0nh+ph%E1%BB%91+H%E1%BB%93+Ch%C3%AD+Minh+700000,+Vietnam/@10.8047615,106.6448714,17z/data=!3m1!4b1!4m6!3m5!1s0x3175294671ba6b11:0x5bbd4083b1bea612!8m2!3d10.8047562!4d106.6474463!16s%2Fg%2F11j8h0ls_t?entry=ttu&g_ep=EgoyMDI1MTAyOS4yIKXMDSoASAFQAw%3D%3D"
"368/16 Nguyễn Văn Lượng, Phường 16, Quận Gò Vấp, Thành phố Hồ Chí Minh.",10.8389082,106.6646898,"https://www.google.com/maps/place/368+%C4%90.+Nguy%E1%BB%85n+V%C4%83n+L%C6%B0%E1%BB%A3ng,+Ph%C6%B0%E1%BB%9Dng+16,+G%C3%B2+V%E1%BA%A5p,+Th%C3%A0nh+ph%E1%BB%91+H%E1%BB%93+Ch%C3%AD+Minh,+Vietnam/@10.8389082,106.6646898,17z/data=!3m1!4b1!4m6!3m5!1s0x317529a8e070f293:0xfe9944a75fb3ab26!8m2!3d10.838884!4d106.6673563!16s%2Fg%2F11ckqmdbzq?entry=ttu&g_ep=EgoyMDI1MTAyOS4yIKXMDSoASAFQAw%3D%3D"
"157 - 157A Nguyễn Chí Thanh, Phường 12, Quận 05, Thành phố Hồ Chí Minh.",10.7590434,106.6625624,"https://www.google.com/maps/place/4Gs+Texas+Bakery+-+Nguy%E1%BB%85n+Ch%C3%AD+Thanh/@10.7590434,106.6625624,17z/data=!3m1!4b1!4m6!3m5!1s0x31752f002ccff36d:0x9b9cf6e79562c02e!8m2!3d10.7590381!4d106.6651373!16s%2Fg%2F11vylx6g2k?entry=ttu&g_ep=EgoyMDI1MTAyOS4yIKXMDSoASAFQAw%3D%3D"
"208 Bùi Văn Ba, Khu phố 2, Phường Tân Thuận Đông, Quận 7, Thành phố Hồ Chí Minh.",10.7504272,106.7325771,"https://www.google.com/maps/place/208+B%C3%B9i+V%C4%83n+Ba,+T%C3%A2n+Thu%E1%BA%ADn+%C4%90%C3%B4ng,+Qu%E1%BA%ADn+7,+Th%C3%A0nh+ph%E1%BB%91+H%E1%BB%93+Ch%C3%AD+Minh+72909,+Vietnam/@10.7504272,106.7325771,17z/data=!3m1!4b1!4m6!3m5!1s0x31752584b568f287:0x96784d035a141875!8m2!3d10.7504219!4d106.735152!16s%2Fg%2F11khmpmy3z?entry=ttu&g_ep=EgoyMDI1MTAyOS4yIKXMDSoASAFQAw%3D%3D"
"Lô thương mại TMDV03 tại tầng 1, địa chỉ số 0.08 Chung cư CH3, Đường số 8, Khu dân cư Cityland, Phường 10, Quận Gò Vấp, Thành phố Hồ Chí Minh.",10.8317692,106.6684465,"https://www.google.com/maps/search/L%C3%B4+th%C6%B0%C6%A1ng+m%E1%BA%A1i+TMDV03+t%E1%BA%A1i+t%E1%BA%A7ng+1,+%C4%91%E1%BB%8Ba+ch%E1%BB%89+s%E1%BB%91+0.08+Chung+c%C6%B0+CH3,+%C4%90%C6%B0%E1%BB%9Dng+s%E1%BB%91+8,+Khu+d%C3%A2n+c%C6%B0+Cityland,+Ph%C6%B0%E1%BB%9Dng+10,+Qu%E1%BA%ADn+G%C3%B2+V%E1%BA%A5p,+Th%C3%A0nh+ph%E1%BB%91+H%E1%BB%93+Ch%C3%AD+Minh./@10.8317692,106.6684465,15z/data=!3m1!4b1?entry=ttu&g_ep=EgoyMDI1MTAyOS4yIKXMDSoASAFQAw%3D%3D"
"01 Đường số 8, Khu dân cư Vĩnh Lộc, Khu phố 4, Phường Bình Hưng Hòa B, Quận Bình Tân, Thành phố Hồ Chí Minh.",10.8133218,106.5784354,"https://www.google.com/maps/search/01+%C4%90%C6%B0%E1%BB%9Dng+s%E1%BB%91+8,+Khu+d%C3%A2n+c%C6%B0+V%C4%A9nh+L%E1%BB%99c,+Khu+ph%E1%BB%91+4,+Ph%C6%B0%E1%BB%9Dng+B%C3%ACnh+H%C6%B0ng+H%C3%B2a+B,+Qu%E1%BA%ADn+B%C3%ACnh+T%C3%A2n,+Th%C3%A0nh+ph%E1%BB%91+H%E1%BB%93+Ch%C3%AD+Minh./@10.8133218,106.5784354,15z/data=!3m1!4b1?entry=ttu&g_ep=EgoyMDI1MTAyOS4yIKXMDSoASAFQAw%3D%3D"
"353 Lạc Long Quân, Phường 05, Quận 11, Thành phố Hồ Chí Minh.",10.7709914,106.6425692,"https://www.google.com/maps/place/Ministop+L%E1%BA%A1c+Long+Qu%C3%A2n/@10.7709914,106.6425692,17z/data=!3m1!4b1!4m6!3m5!1s0x31752f0021a4c275:0xe0b827355610deaa!8m2!3d10.7709861!4d106.6451441!16s%2Fg%2F11vm9ntpzn?entry=ttu&g_ep=EgoyMDI1MTAyOS4yIKXMDSoASAFQAw%3D%3D"
"367 Đất Mới, Khu phố 5, Phường Bình Trị Đông A, Quận Bình Tân, Thành phố Hồ Chí Minh.",10.7847694,106.5775893,"https://www.google.com/maps/search/367+%C4%90%E1%BA%A5t+M%E1%BB%9Bi,+Khu+ph%E1%BB%91+5,+Ph%C6%B0%E1%BB%9Dng+B%C3%ACnh+Tr%E1%BB%8B+%C4%90%C3%B4ng+A,+Qu%E1%BA%ADn+B%C3%ACnh+T%C3%A2n,+Th%C3%A0nh+ph%E1%BB%91+H%E1%BB%93+Ch%C3%AD+Minh./@10.7847694,106.5775893,14z/data=!3m1!4b1?entry=ttu&g_ep=EgoyMDI1MTAyOS4yIKXMDSoASAFQAw%3D%3D"
"997 Phạm Văn Bạch, Phường 12, Quận Gò Vấp, Thành phố Hồ Chí Minh.",10.8358249,106.6416231,"https://www.google.com/maps/search/997+Ph%E1%BA%A1m+V%C4%83n+B%E1%BA%A1ch,+Ph%C6%B0%E1%BB%9Dng+12,+Qu%E1%BA%ADn+G%C3%B2+V%E1%BA%A5p,+Th%C3%A0nh+ph%E1%BB%91+H%E1%BB%93+Ch%C3%AD+Minh./@10.8358249,106.6416231,17z/data=!3m1!4b1?entry=ttu&g_ep=EgoyMDI1MTAyOS4yIKXMDSoASAFQAw%3D%3D"
"Tầng 1&2 – TMDV 03 – Cao ốc RES11, 205 Lạc Long Quân, Phường 03, Quận 11, Thành phố Hồ Chí Minh.",10.7635393,106.639347,"https://www.google.com/maps/place/Chung+c%C6%B0+Res+11/@10.7635393,106.639347,17z/data=!3m1!4b1!4m6!3m5!1s0x31752ff73c1313db:0x9a75f5a5d10ff3c7!8m2!3d10.763534!4d106.6419219!16s%2Fg%2F11h6y1k9fc?entry=ttu&g_ep=EgoyMDI1MTAyOS4yIKXMDSoASAFQAw%3D%3D"
"13 Phan Văn Đạt, Phường Bến Nghé, Quận 01, Thành phố Hồ Chí Minh.",10.7752592,106.7025229,"https://www.google.com/maps/place/13+Phan+V%C4%83n+%C4%90%E1%BA%A1t,+B%E1%BA%BFn+Ngh%C3%A9,+Qu%E1%BA%ADn+1,+Th%C3%A0nh+ph%E1%BB%91+H%E1%BB%93+Ch%C3%AD+Minh,+Vietnam/@10.7752592,106.7025229,17z/data=!3m1!4b1!4m6!3m5!1s0x31752f4687f7801f:0xb9c2bb614add7e89!8m2!3d10.7752539!4d106.7050978!16s%2Fg%2F11pcshb1_3?entry=ttu&g_ep=EgoyMDI1MTAyOS4yIKXMDSoASAFQAw%3D%3D"
"126 Lý Tự Trọng, Phường Bến Thành, Quận 01, Thành phố Hồ Chí Minh.",10.7739983,106.6941487,"https://www.google.com/maps/place/QMFW%2BHPC,+126+L%C3%BD+T%E1%BB%B1+Tr%E1%BB%8Dng,+Ph%C6%B0%E1%BB%9Dng+B%E1%BA%BFn+Th%C3%A0nh,+Qu%E1%BA%ADn+1,+Th%C3%A0nh+ph%E1%BB%91+H%E1%BB%93+Ch%C3%AD+Minh+700000,+Vietnam/@10.7739983,106.6941487,17z/data=!3m1!4b1!4m6!3m5!1s0x31752f3926d6d059:0x96f1afedfedab93a!8m2!3d10.773993!4d106.6967236!16s%2Fg%2F11k3_rdqdk?entry=ttu&g_ep=EgoyMDI1MTAyOS4yIKXMDSoASAFQAw%3D%3D"
"192 - 194 Tân Quý, Phường Tân Quý, Quận Tân Phú, Thành phố Hồ Chí Minh.",10.7917583,106.6180024,"https://www.google.com/maps/place/192+%C4%90.+T%C3%A2n+Qu%C3%BD,+T%C3%A2n+Qu%C3%BD,+T%C3%A2n+Ph%C3%BA,+Th%C3%A0nh+ph%E1%BB%91+H%E1%BB%93+Ch%C3%AD+Minh,+Vietnam/@10.7917583,106.6180024,17z/data=!3m1!4b1!4m6!3m5!1s0x31752c070941011b:0x5688f13a277e8264!8m2!3d10.791753!4d106.6205773!16s%2Fg%2F11rp4vfn_8?entry=ttu&g_ep=EgoyMDI1MTAyOS4yIKXMDSoASAFQAw%3D%3D"
"52G Trần Bình Trọng, Phường 05, Quận Bình Thạnh, Thành phố Hồ Chí Minh.",10.8124305,106.6858533,"https://www.google.com/maps/search/52G+Tr%E1%BA%A7n+B%C3%ACnh+Tr%E1%BB%8Dng,+Ph%C6%B0%E1%BB%9Dng+05,+Qu%E1%BA%ADn+B%C3%ACnh+Th%E1%BA%A1nh,+Th%C3%A0nh+ph%E1%BB%91+H%E1%BB%93+Ch%C3%AD+Minh./@10.8124305,106.6858533,17z/data=!3m1!4b1?entry=ttu&g_ep=EgoyMDI1MTAyOS4yIKXMDSoASAFQAw%3D%3D"
"109 Lạc Long Quân, Phường 01, Quận 11, Thành phố Hồ Chí Minh.",10.760474,106.6393488,"https://www.google.com/maps/place/109+L%E1%BA%A1c+Long+Qu%C3%A2n,+Ph%C6%B0%E1%BB%9Dng+3,+Qu%E1%BA%ADn+11,+Th%C3%A0nh+ph%E1%BB%91+H%E1%BB%93+Ch%C3%AD+Minh,+Vietnam/@10.760474,106.6393488,17z/data=!3m1!4b1!4m6!3m5!1s0x31752e9010e9999d:0xc66898419dce0481!8m2!3d10.7604687!4d106.6419237!16s%2Fg%2F11xvmq2ydp?entry=ttu&g_ep=EgoyMDI1MTAyOS4yIKXMDSoASAFQAw%3D%3D"
"5 Thành Thái, Phường 14, Quận 10, Thành phố Hồ Chí Minh.",10.7692886,106.6635378,"https://www.google.com/maps/place/5+%C4%90.+Th%C3%A0nh+Th%C3%A1i,+Ph%C6%B0%E1%BB%9Dng+14,+Qu%E1%BA%ADn+10,+Th%C3%A0nh+ph%E1%BB%91+H%E1%BB%93+Ch%C3%AD+Minh,+Vietnam/@10.7692886,106.6635378,17z/data=!3m1!4b1!4m6!3m5!1s0x31752ee78aa1b8eb:0x7f15781f7ef433bd!8m2!3d10.7692833!4d106.6661127!16s%2Fg%2F11f5d2yp1y?entry=ttu&g_ep=EgoyMDI1MTAyOS4yIKXMDSoASAFQAw%3D%3D"
"168 Mã Lò, Khu phố 2, Phường Bình Trị Đông A, Quận Bình Tân, Thành phố Hồ Chí Minh.",10.7648271,106.6015729,"https://www.google.com/maps/place/168+M%C3%A3+L%C3%B2,+B%C3%ACnh+Tr%E1%BB%8B+%C4%90%C3%B4ng+A,+B%C3%ACnh+T%C3%A2n,+Th%C3%A0nh+ph%E1%BB%91+H%E1%BB%93+Ch%C3%AD+Minh+736464,+Vietnam/@10.7648271,106.6015729,17z/data=!3m1!4b1!4m6!3m5!1s0x31752c4773592bf5:0xc3ac182fa89c9b9!8m2!3d10.7648218!4d106.6041478!16s%2Fg%2F11rgfl1zrx?entry=ttu&g_ep=EgoyMDI1MTAyOS4yIKXMDSoASAFQAw%3D%3D"
"314 Lê Văn Thọ, Phường 11, Quận Gò Vấp, Thành phố Hồ Chí Minh.",10.8465067,106.654483,"https://www.google.com/maps/search/314+L%C3%AA+V%C4%83n+Th%E1%BB%8D,+Ph%C6%B0%E1%BB%9Dng+11,+Qu%E1%BA%ADn+G%C3%B2+V%E1%BA%A5p,+Th%C3%A0nh+ph%E1%BB%91+H%E1%BB%93+Ch%C3%AD+Minh./@10.8465067,106.654483,17z/data=!3m1!4b1?entry=ttu&g_ep=EgoyMDI1MTAyOS4yIKXMDSoASAFQAw%3D%3D"
"1177 Lê Đức Thọ, Phường 15, Quận Gò Vấp, Thành phố Hồ Chí Minh.",10.8541859,106.6545385,"https://www.google.com/maps/place/1177+%C4%90.+L%C3%AA+%C4%90%E1%BB%A9c+Th%E1%BB%8D,+Ph%C6%B0%E1%BB%9Dng+15,+G%C3%B2+V%E1%BA%A5p,+Th%C3%A0nh+ph%E1%BB%91+H%E1%BB%93+Ch%C3%AD+Minh,+Vietnam/@10.8541859,106.6545385,17z/data=!3m1!4b1!4m6!3m5!1s0x317529bee001e7d3:0xf745c930b193618b!8m2!3d10.8541806!4d106.6571134!16s%2Fg%2F11vc9p8cpn?entry=ttu&g_ep=EgoyMDI1MTAyOS4yIKXMDSoASAFQAw%3D%3D"
"77B Đường số 2 Cư Xá Lữ Gia, Phường 15, Quận 11, Thành phố Hồ Chí Minh.",10.7718096,106.6521125,"https://www.google.com/maps/place/77B+%C4%90%C6%B0%E1%BB%9Dng+S%E1%BB%91+2,+Ph%C6%B0%E1%BB%9Dng+15,+Qu%E1%BA%ADn+11,+Th%C3%A0nh+ph%E1%BB%91+H%E1%BB%93+Ch%C3%AD+Minh,+Vietnam/@10.7718096,106.6521125,17z/data=!3m1!4b1!4m6!3m5!1s0x31752ec044e8b2a9:0xfd67c0b8a52d1744!8m2!3d10.7718043!4d106.6546874!16s%2Fg%2F11t40gjcm9?entry=ttu&g_ep=EgoyMDI1MTAyOS4yIKXMDSoASAFQAw%3D%3D"
"786 Nguyễn Kiệm, Phường 03, Quận Gò Vấp, Thành phố Hồ Chí Minh.",10.8204483,106.6788229,"https://www.google.com/maps/place/786+Nguy%E1%BB%85n+Ki%E1%BB%87m,+Street,+G%C3%B2+V%E1%BA%A5p,+Th%C3%A0nh+ph%E1%BB%91+H%E1%BB%93+Ch%C3%AD+Minh,+Vietnam/@10.8204483,106.6788229,17z/data=!3m1!4b1!4m6!3m5!1s0x317528e377409409:0x105b85647d3be4da!8m2!3d10.820443!4d106.6813978!16s%2Fg%2F11y332ypp8?entry=ttu&g_ep=EgoyMDI1MTAyOS4yIKXMDSoASAFQAw%3D%3D"
"446 Tân Kỳ Tân Quý, Phường Sơn Kỳ, Quận Tân Phú, Thành phố Hồ Chí Minh.",10.7985643,106.6139902,"https://www.google.com/maps/place/446+%C4%90.+T%C3%A2n+K%E1%BB%B3+T%C3%A2n+Qu%C3%BD,+T%C3%A2n+Qu%C3%BD,+T%C3%A2n+Ph%C3%BA,+Th%C3%A0nh+ph%E1%BB%91+H%E1%BB%93+Ch%C3%AD+Minh,+Vietnam/@10.7985643,106.6139902,17z/data=!3m1!4b1!4m6!3m5!1s0x31752bf74ffacad7:0x1453c648510f3a03!8m2!3d10.798559!4d106.6165651!16s%2Fg%2F11x7wp3zb0?entry=ttu&g_ep=EgoyMDI1MTAyOS4yIKXMDSoASAFQAw%3D%3D"
"Cửa hàng thương mại số SH11 và SH12, Dự án One Verandah, số 02 đường Bát Nàn, Khu phố 01, Phường Thạnh Mỹ Lợi, Thành phố Thủ Đức, Thành phố Hồ Chí Minh.",10.7766297,106.7484777,"https://www.google.com/maps/search/C%E1%BB%ADa+h%C3%A0ng+th%C6%B0%C6%A1ng+m%E1%BA%A1i+s%E1%BB%91+SH11+v%C3%A0+SH12,+D%E1%BB%B1+%C3%A1n+One+Verandah,+s%E1%BB%91+02+%C4%91%C6%B0%E1%BB%9Dng+B%C3%A1t+N%C3%A0n,+Khu+ph%E1%BB%91+01,+Ph%C6%B0%E1%BB%9Dng+Th%E1%BA%A1nh+M%E1%BB%B9+L%E1%BB%A3i,+Th%C3%A0nh+ph%E1%BB%91+Th%E1%BB%A7+%C4%90%E1%BB%A9c,+Th%C3%A0nh+ph%E1%BB%91+H%E1%BB%93+Ch%C3%AD+Minh./@10.7766297,106.7484777,17z/data=!3m1!4b1?entry=ttu&g_ep=EgoyMDI1MTAyOS4yIKXMDSoASAFQAw%3D%3D"
"107 Đường số 01, Phường 11, Quận Gò Vấp, Thành phố Hồ Chí Minh.",10.8377325,106.6602874,"https://www.google.com/maps/search/107+%C4%90%C6%B0%E1%BB%9Dng+s%E1%BB%91+01,+Ph%C6%B0%E1%BB%9Dng+11,+Qu%E1%BA%ADn+G%C3%B2+V%E1%BA%A5p,+Th%C3%A0nh+ph%E1%BB%91+H%E1%BB%93+Ch%C3%AD+Minh./@10.8377325,106.6602874,15z/data=!3m1!4b1?entry=ttu&g_ep=EgoyMDI1MTAyOS4yIKXMDSoASAFQAw%3D%3D"
"5/7A Âu Cơ, Phường 09, Quận Tân Bình, Thành phố Hồ Chí Minh.",10.7755646,106.6480646,"https://www.google.com/maps/place/MINISTOP/@10.7755646,106.6480646,17z/data=!3m1!4b1!4m6!3m5!1s0x31752f152cddb775:0x12da2d3da54b7a75!8m2!3d10.7755593!4d106.6506395!16s%2Fg%2F11kk4jxrwl?entry=ttu&g_ep=EgoyMDI1MTAyOS4yIKXMDSoASAFQAw%3D%3D"
"221/40 Vườn Lài, Phường Phú Thọ Hòa, Quận Tân Phú, Thành phố Hồ Chí Minh.",10.78805,106.626613,"https://www.google.com/maps/place/221%2F40+%C4%90.+V%C6%B0%E1%BB%9Dn+L%C3%A0i,+Ph%C3%BA+Th%E1%BB%8D+Ho%C3%A0,+T%C3%A2n+Ph%C3%BA,+Th%C3%A0nh+ph%E1%BB%91+H%E1%BB%93+Ch%C3%AD+Minh+700000,+Vietnam/@10.78805,106.626613,17z/data=!3m1!4b1!4m6!3m5!1s0x31752eaa07444cf5:0x6f90eabc3e2a8170!8m2!3d10.7880447!4d106.6291879!16s%2Fg%2F11tg0yfbd9?entry=ttu&g_ep=EgoyMDI1MTAyOS4yIKXMDSoASAFQAw%3D%3D"
"101A Lý Tự Trọng, Phường Bến Thành, Quận 01, Thành phố Hồ Chí Minh.",10.7742444,106.6950615,"https://www.google.com/maps/place/101a+L%C3%BD+T%E1%BB%B1+Tr%E1%BB%8Dng,+Ph%C6%B0%E1%BB%9Dng+B%E1%BA%BFn+Th%C3%A0nh,+Qu%E1%BA%ADn+1,+Th%C3%A0nh+ph%E1%BB%91+H%E1%BB%93+Ch%C3%AD+Minh+700000,+Vietnam/@10.7742444,106.6950615,17z/data=!3m1!4b1!4m6!3m5!1s0x31752f38c2c719bb:0x1ca962252edc09c2!8m2!3d10.7742391!4d106.6976364!16s%2Fg%2F11gff85xm0?entry=ttu&g_ep=EgoyMDI1MTAyOS4yIKXMDSoASAFQAw%3D%3D"
"55 Thạch Thị Thanh, Phường Tân Định, Quận 01, Thành phố Hồ Chí Minh",10.790452,106.6895471,"https://www.google.com/maps/place/55+Th%E1%BA%A1ch+Th%E1%BB%8B+Thanh,+Ph%C6%B0%E1%BB%9Dng+T%C3%A2n+%C4%90%E1%BB%8Bnh,+Qu%E1%BA%ADn+1,+Th%C3%A0nh+ph%E1%BB%91+H%E1%BB%93+Ch%C3%AD+Minh+700000,+Vietnam/@10.790452,106.6895471,17z/data=!3m1!4b1!4m6!3m5!1s0x317528ccc42b3bdd:0x3a6b7f7643c0d1df!8m2!3d10.7904467!4d106.692122!16s%2Fg%2F11p5tqktc7?entry=ttu&g_ep=EgoyMDI1MTAyOS4yIKXMDSoASAFQAw%3D%3D"
"220/82 Nguyễn Văn Khối, Phường 8, Quận Gò Vấp, Thành phố Hồ Chí Minh",10.8454728,106.6524793,"https://www.google.com/maps/place/Nguy%E1%BB%85n+V%C4%83n+Kh%E1%BB%91i%2FH%E1%BA%BBm+220+T%E1%BB%95+66,+Khu+Ph%E1%BB%91+9,+G%C3%B2+V%E1%BA%A5p,+Th%C3%A0nh+ph%E1%BB%91+H%E1%BB%93+Ch%C3%AD+Minh,+Vietnam/@10.8454728,106.6524793,17z/data=!3m1!4b1!4m6!3m5!1s0x317529a2d070943f:0xf08873403cd21054!8m2!3d10.8454675!4d106.6550542!16s%2Fg%2F11l5cjhkvr?entry=ttu&g_ep=EgoyMDI1MTAyOS4yIKXMDSoASAFQAw%3D%3D"
"46 Lý Thánh Tông, Phường Hiệp Tân, Quận Tân Phú, Thành phố Hồ Chí Minh.",10.7671013,106.6276199,"https://www.google.com/maps/place/46+L%C3%BD+Th%C3%A1nh+T%C3%B4ng,+T%C3%A2n+Th%E1%BB%9Bi+Ho%C3%A0,+T%C3%A2n+Ph%C3%BA,+Th%C3%A0nh+ph%E1%BB%91+H%E1%BB%93+Ch%C3%AD+Minh,+Vietnam/@10.7671013,106.6276199,17z/data=!3m1!4b1!4m6!3m5!1s0x31752e9e1604df91:0xad204d560859df61!8m2!3d10.767096!4d106.6301948!16s%2Fg%2F11m6wqy_xc?entry=ttu&g_ep=EgoyMDI1MTAyOS4yIKXMDSoASAFQAw%3D%3D"
"143 Đường số 28, Phường 6, Quận Gò Vấp, Thành phố Hồ Chí Minh",10.8438123,106.6785306,"https://www.google.com/maps/place/143+%C4%90.+S%E1%BB%91+28,+Ph%C6%B0%E1%BB%9Dng+6,+G%C3%B2+V%E1%BA%A5p,+Th%C3%A0nh+ph%E1%BB%91+H%E1%BB%93+Ch%C3%AD+Minh,+Vietnam/@10.8438123,106.6785306,17z/data=!3m1!4b1!4m6!3m5!1s0x31752852117ea4cd:0xb71cd5685f10445c!8m2!3d10.843807!4d106.6811055!16s%2Fg%2F11vstrp3q_?entry=ttu&g_ep=EgoyMDI1MTAyOS4yIKXMDSoASAFQAw%3D%3D"
"83 Đường số 59, Phường 14, Quận Gò Vấp, Thành phố Hồ Chí Minh",10.8573627,106.6484384,"https://www.google.com/maps/place/83+%C4%90.+59,+Ph%C6%B0%E1%BB%9Dng+14,+G%C3%B2+V%E1%BA%A5p,+Th%C3%A0nh+ph%E1%BB%91+H%E1%BB%93+Ch%C3%AD+Minh,+Vietnam/@10.8573627,106.6484384,17z/data=!3m1!4b1!4m6!3m5!1s0x317529eacb1a38db:0xa51d372609b0e70d!8m2!3d10.8573574!4d106.6510133!16s%2Fg%2F11tj3lm_r6?entry=ttu&g_ep=EgoyMDI1MTAyOS4yIKXMDSoASAFQAw%3D%3D"
"96 Huỳnh Văn Nghệ, Phường 15 Quận Tân Bình, Thành phố Hồ Chí Minh.",10.8296821,106.6360653,"https://www.google.com/maps/place/96+%C4%90.+Huy%CC%80nh+V%C4%83n+Ngh%C3%AA%CC%A3,+Ph%C6%B0%E1%BB%9Dng+15,+T%C3%A2n+B%C3%ACnh,+Th%C3%A0nh+ph%E1%BB%91+H%E1%BB%93+Ch%C3%AD+Minh+700000,+Vietnam/@10.8296821,106.6360653,17z/data=!3m1!4b1!4m6!3m5!1s0x3175297a30b47441:0xf848e563f8083780!8m2!3d10.8296768!4d106.6386402!16s%2Fg%2F11fsjxr5xk?entry=ttu&g_ep=EgoyMDI1MTAyOS4yIKXMDSoASAFQAw%3D%3D"
"280 Thạch Lam, Phường Phú Thạnh, Quận Tân Phú, Thành phố Hồ Chí Minh.",10.7790554,106.6222382,"https://www.google.com/maps/place/280+%C4%90.+Th%E1%BA%A1ch+Lam,+Ph%C3%BA+Th%E1%BA%A1nh,+T%C3%A2n+Ph%C3%BA,+Th%C3%A0nh+ph%E1%BB%91+H%E1%BB%93+Ch%C3%AD+Minh,+Vietnam/@10.7790554,106.6222382,17z/data=!3m1!4b1!4m6!3m5!1s0x31752c1c5d3880f7:0xf1c032cbb546ac56!8m2!3d10.7790501!4d106.6248131!16s%2Fg%2F11j2vtcbtd?entry=ttu&g_ep=EgoyMDI1MTAyOS4yIKXMDSoASAFQAw%3D%3D"
"270A - 272 Trịnh Đình Trọng, Phường Phú Trung, Quận Tân Phú, Thành phố Hồ Chí Minh.",10.7756205,106.6368303,"https://www.google.com/maps/place/MINISTOP/@10.7756205,106.6368303,17z/data=!3m1!4b1!4m6!3m5!1s0x31752f4fe6ee2313:0x6c3cda2241cdcb63!8m2!3d10.7756152!4d106.6394052!16s%2Fg%2F11tjzm689g?entry=ttu&g_ep=EgoyMDI1MTAyOS4yIKXMDSoASAFQAw%3D%3D"
"92 – 94 Bùi Quang Là, Phường 12, Quận Gò Vấp, Thành phố Hồ Chí Minh.",10.8350651,106.6369839,"https://www.google.com/maps/place/92-94+B%C3%B9i+Quang+L%C3%A0,+Ph%C6%B0%E1%BB%9Dng+12,+G%C3%B2+V%E1%BA%A5p,+Th%C3%A0nh+ph%E1%BB%91+H%E1%BB%93+Ch%C3%AD+Minh+700000,+Vietnam/@10.8350651,106.6369839,17z/data=!3m1!4b1!4m6!3m5!1s0x317529781361f2c1:0xf65191158d9594f7!8m2!3d10.8350598!4d106.6395588!16s%2Fg%2F11xt04459t?entry=ttu&g_ep=EgoyMDI1MTAyOS4yIKXMDSoASAFQAw%3D%3D"
"Lô thương mại dịch vụ B1 tầng 1, Chung cư Topaz City - 39 Cao Lỗ, Phường 04, Quận 08, Thành phố Hồ Chí Minh.",10.7390276,106.6710169,"https://www.google.com/maps/search/L%C3%B4+th%C6%B0%C6%A1ng+m%E1%BA%A1i+d%E1%BB%8Bch+v%E1%BB%A5+B1+t%E1%BA%A7ng+1,+Chung+c%C6%B0+Topaz+City+-+39+Cao+L%E1%BB%97,+Ph%C6%B0%E1%BB%9Dng+04,+Qu%E1%BA%ADn+08,+Th%C3%A0nh+ph%E1%BB%91+H%E1%BB%93+Ch%C3%AD+Minh./@10.7390276,106.6710169,16z/data=!3m1!4b1?entry=ttu&g_ep=EgoyMDI1MTAyOS4yIKXMDSoASAFQAw%3D%3D"
"307A – 307B – 307C Bàu Cát, Phường 12, Quận Tân Bình, Thành phố Hồ Chí Minh.",10.7906718,106.6437864,"https://www.google.com/maps/place/307A+%C4%90.+B%C3%A0u+C%C3%A1t,+Ph%C6%B0%E1%BB%9Dng+12,+T%C3%A2n+B%C3%ACnh,+Th%C3%A0nh+ph%E1%BB%91+H%E1%BB%93+Ch%C3%AD+Minh+700000,+Vietnam/@10.7906718,106.6437864,17z/data=!3m1!4b1!4m6!3m5!1s0x31752eb367407407:0x8ba6c7564605775a!8m2!3d10.7906665!4d106.6463613!16s%2Fg%2F11q2ncp7vj?entry=ttu&g_ep=EgoyMDI1MTAyOS4yIKXMDSoASAFQAw%3D%3D"
"293B – 293C Tân Kỳ Tân Quý, Phường Tân Sơn Nhì, Quận Tân Phú, Thành phố Hồ Chí Minh",10.8019302,106.6238751,"https://www.google.com/maps/place/%C4%90.+Tr%C6%B0%E1%BB%9Dng+Chinh%2F293b+%C4%90.+T%C3%A2n+K%E1%BB%B3+T%C3%A2n+Qu%C3%BD,+T%C3%A2n+S%C6%A1n+Nh%C3%AC,+T%C3%A2n+Ph%C3%BA,+Th%C3%A0nh+ph%E1%BB%91+H%E1%BB%93+Ch%C3%AD+Minh,+Vietnam/@10.8019302,106.6238751,17z/data=!3m1!4b1!4m6!3m5!1s0x31752bfd030da7bb:0x551e6a659f308125!8m2!3d10.8019249!4d106.62645!16s%2Fg%2F11xl5zwlph?entry=ttu&g_ep=EgoyMDI1MTAyOS4yIKXMDSoASAFQAw%3D%3D"
"220 Phạm Văn Chí, Phường 1, Quận 06, Thành phố Hồ Chí Minh.",10.7449942,106.6440442,"https://www.google.com/maps/place/220+%C4%90.+Ph%E1%BA%A1m+V%C4%83n+Ch%C3%AD,+Ph%C6%B0%E1%BB%9Dng+1,+Qu%E1%BA%ADn+6,+Th%C3%A0nh+ph%E1%BB%91+H%E1%BB%93+Ch%C3%AD+Minh+700000,+Vietnam/@10.7449942,106.6440442,17z/data=!3m1!4b1!4m6!3m5!1s0x31752e63d9ad1e17:0xec4ed39da1659705!8m2!3d10.7449889!4d106.6466191!16s%2Fg%2F11jyn0q508?entry=ttu&g_ep=EgoyMDI1MTAyOS4yIKXMDSoASAFQAw%3D%3D"
"86 – 88 Đường số 10, Phường 13, Quận 06, Thành phố Hồ Chí Minh.",10.8825875,106.6601614,"https://www.google.com/maps/search/86+%E2%80%93+88+%C4%90%C6%B0%E1%BB%9Dng+s%E1%BB%91+10,+Ph%C6%B0%E1%BB%9Dng+13,+Qu%E1%BA%ADn+06,+Th%C3%A0nh+ph%E1%BB%91+H%E1%BB%93+Ch%C3%AD+Minh./@10.8825875,106.6601614,11z/data=!3m1!4b1?entry=ttu&g_ep=EgoyMDI1MTAyOS4yIKXMDSoASAFQAw%3D%3D"
"113 Thạch Lam, Phường Hiệp Tân, Quận Tân Phú, Thành phố Hồ Chí Minh.",10.7769827,106.6275267,"https://www.google.com/maps/place/113+%C4%90.+Th%E1%BA%A1ch+Lam,+Ph%C3%BA+Th%E1%BA%A1nh,+T%C3%A2n+Ph%C3%BA,+Th%C3%A0nh+ph%E1%BB%91+H%E1%BB%93+Ch%C3%AD+Minh+700000,+Vietnam/@10.7769827,106.6275267,17z/data=!3m1!4b1!4m6!3m5!1s0x31752ea74c2595ab:0x6c3eb4314e4eb7e8!8m2!3d10.7769774!4d106.6301016!16s%2Fg%2F11y32z8wsf?entry=ttu&g_ep=EgoyMDI1MTAyOS4yIKXMDSoASAFQAw%3D%3D"
"Tầng trệt gian hàng số 02, Trạm xe buýt và khu thương mại dịch vụ thuộc Lô MC5 thuộc khu đô thị mới Vàm Cỏ Đông, Xã An Thạnh, Huyện Bến Lức, Tỉnh Long An.",10.66887,106.4306963,"https://www.google.com/maps/search/T%E1%BA%A7ng+tr%E1%BB%87t+gian+h%C3%A0ng+s%E1%BB%91+02,+Tra%CC%A3m+xe+buy%CC%81t+va%CC%80+khu+th%C6%B0%C6%A1ng+ma%CC%A3i+di%CC%A3ch+vu%CC%A3+thu%C3%B4%CC%A3c+L%C3%B4+MC5+thu%C3%B4%CC%A3c+khu+%C4%91%C3%B4+thi%CC%A3+m%C6%A1%CC%81i+Va%CC%80m+Co%CC%89+%C4%90%C3%B4ng,+X%C3%A3+An+Th%E1%BA%A1nh,+Huy%E1%BB%87n+B%E1%BA%BFn+L%E1%BB%A9c,+T%E1%BB%89nh+Long+An./@10.66887,106.4306963,13z/data=!3m1!4b1?entry=ttu&g_ep=EgoyMDI1MTAyOS4yIKXMDSoASAFQAw%3D%3D"
"AK5-00.01 Akari City, 77 Võ Văn Kiệt P.An Lạc, Q.Bình Tân, TP.HCM",10.7177686,106.6053235,"https://www.google.com/maps/search/AK5-00.01+Akari+City,+77+V%C3%B5+V%C4%83n+Ki%E1%BB%87t+P.An+L%E1%BA%A1c,+Q.B%C3%ACnh+T%C3%A2n,+TP.HCM/@10.7177686,106.6053235,17z/data=!3m1!4b1?entry=ttu&g_ep=EgoyMDI1MTAyOS4yIKXMDSoASAFQAw%3D%3D"
"165 Đường số 6, Phường Bình Trị Đông B, Quận Bình Tân, TP. HCM",10.7535498,106.6164081,"https://www.google.com/maps/place/165+%C4%90.+S%E1%BB%91+6,+An+L%E1%BA%A1c+A,+B%C3%ACnh+T%C3%A2n,+Th%C3%A0nh+ph%E1%BB%91+H%E1%BB%93+Ch%C3%AD+Minh,+Vietnam/@10.7535498,106.6164081,17z/data=!3m1!4b1!4m6!3m5!1s0x31752c2dbce3ca03:0x91bad0fdb475cc7!8m2!3d10.7535445!4d106.618983!16s%2Fg%2F11fm47q4zd?entry=ttu&g_ep=EgoyMDI1MTAyOS4yIKXMDSoASAFQAw%3D%3D"
"135 - 137 Vũ Tùng, Phường 2, Quận Bình Thạnh, TPHCM",10.8026261,106.7000291,"https://www.google.com/maps/place/135+%C4%90.+V%C5%A9+T%C3%B9ng,+Ph%C6%B0%E1%BB%9Dng+2,+B%C3%ACnh+Th%E1%BA%A1nh,+Th%C3%A0nh+ph%E1%BB%91+H%E1%BB%93+Ch%C3%AD+Minh,+Vietnam/@10.8026261,106.7000291,17z/data=!3m1!4b1!4m6!3m5!1s0x317529c72e2a6073:0x3f7b2969fec8422d!8m2!3d10.8026208!4d106.702604!16s%2Fg%2F11tspzq_98?entry=ttu&g_ep=EgoyMDI1MTAyOS4yIKXMDSoASAFQAw%3D%3D"
"141 Thống Nhất, Phường Tân Thành, Quận Tân Phú, TPHCM",10.7907612,106.6311031,"https://www.google.com/maps/place/141+Th%E1%BB%91ng+Nh%E1%BA%A5t,+T%C3%A2n+Th%C3%A0nh,+T%C3%A2n+Ph%C3%BA,+Th%C3%A0nh+ph%E1%BB%91+H%E1%BB%93+Ch%C3%AD+Minh,+Vietnam/@10.7907612,106.6311031,17z/data=!3m1!4b1!4m6!3m5!1s0x31752eab729a3dc9:0xbeb016fb78a500f9!8m2!3d10.7907559!4d106.633678!16s%2Fg%2F11fsjwsmln?entry=ttu&g_ep=EgoyMDI1MTAyOS4yIKXMDSoASAFQAw%3D%3D"
527 Lê Đức Thọ P.16 Q.Gò Vấp,10.8498155,106.653479,"https://www.google.com/maps/search/527+L%C3%AA+%C4%90%E1%BB%A9c+Th%E1%BB%8D+P.16+Q.G%C3%B2+V%E1%BA%A5p/@10.8498155,106.653479,15z/data=!3m1!4b1?entry=ttu&g_ep=EgoyMDI1MTAyOS4yIKXMDSoASAFQAw%3D%3D"
"57K Tô Hiệu, P.Hiệp Tân, Q.Tân Phú",10.7712164,106.6244713,"https://www.google.com/maps/search/57K+T%C3%B4+Hi%E1%BB%87u,+P.Hi%E1%BB%87p+T%C3%A2n,+Q.T%C3%A2n+Ph%C3%BA/@10.7712164,106.6244713,17z/data=!3m1!4b1?entry=ttu&g_ep=EgoyMDI1MTAyOS4yIKXMDSoASAFQAw%3D%3D"
"120 - 122 Võ Thành Trang, Phường 11, Quận Tân Bình, Thành phố Hồ Chí Minh.",10.7913312,106.6473707,"https://www.google.com/maps/place/120+V%C3%B5+Th%C3%A0nh+Trang,+Ph%C6%B0%E1%BB%9Dng+11,+T%C3%A2n+B%C3%ACnh,+Th%C3%A0nh+ph%E1%BB%91+H%E1%BB%93+Ch%C3%AD+Minh,+Vietnam/@10.7913312,106.6473707,17z/data=!3m1!4b1!4m6!3m5!1s0x31752eb5285f8963:0x13c40480b22d3834!8m2!3d10.7913259!4d106.6499456!16s%2Fg%2F11t6yfzjdc?entry=ttu&g_ep=EgoyMDI1MTAyOS4yIKXMDSoASAFQAw%3D%3D"
"282 - 284 Tôn Thất Hiệp, Phường 8, Quận 11, Thành phố Hồ Chí Minh.",10.7612592,106.6496802,"https://www.google.com/maps/place/282+%C4%90.+T%C3%B4n+Th%E1%BA%A5t+Hi%E1%BB%87p,+Ph%C6%B0%E1%BB%9Dng+8,+Qu%E1%BA%ADn+11,+Th%C3%A0nh+ph%E1%BB%91+H%E1%BB%93+Ch%C3%AD+Minh,+Vietnam/@10.7612592,106.6496802,17z/data=!3m1!4b1!4m6!3m5!1s0x31752e92d195f269:0x4169242d292684fd!8m2!3d10.7612539!4d106.6522551!16s%2Fg%2F11k4jlwxdq?entry=ttu&g_ep=EgoyMDI1MTAyOS4yIKXMDSoASAFQAw%3D%3D"
"Căn hộ thương mại số S-16 gồm 01 Tầng Thuộc Dự Án Sunwah Pearl, số 90 Nguyễn Hữu Cảnh, phường 22, quận Bình Thạnh, TP. HCM",10.788166,106.7157401,"https://www.google.com/maps/search/C%C4%83n+h%E1%BB%99+th%C6%B0%C6%A1ng+m%E1%BA%A1i+s%E1%BB%91+S-16+g%E1%BB%93m+01+T%E1%BA%A7ng+Thu%E1%BB%99c+D%E1%BB%B1+%C3%81n+Sunwah+Pearl,+s%E1%BB%91+90+Nguy%E1%BB%85n+H%E1%BB%AFu+C%E1%BA%A3nh,+ph%C6%B0%E1%BB%9Dng+22,+qu%E1%BA%ADn+B%C3%ACnh+Th%E1%BA%A1nh,+TP.+HCM/@10.788166,106.7157401,17z/data=!3m1!4b1?entry=ttu&g_ep=EgoyMDI1MTAyOS4yIKXMDSoASAFQAw%3D%3D"
"Căn D2.01.04-TM tại tầng 01 và tầng 02 của tháp D2 thuộc Khu nhà ở cao tầng Công ty Saphire tại số 454 đường Võ Chí Công, Khu phố 2, phường Phú Hữu, Tp. Thủ Đức, TP.HCM.",10.8824519,106.7425725,"https://www.google.com/maps/search/C%C4%83n+D2.01.04-TM+t%E1%BA%A1i+t%E1%BA%A7ng+01+v%C3%A0+t%E1%BA%A7ng+02+c%E1%BB%A7a+th%C3%A1p+D2+thu%E1%BB%99c+Khu+nh%C3%A0+%E1%BB%9F+cao+t%E1%BA%A7ng+C%C3%B4ng+ty+Saphire+t%E1%BA%A1i+s%E1%BB%91+454+%C4%91%C6%B0%E1%BB%9Dng+V%C3%B5+Ch%C3%AD+C%C3%B4ng,+Khu+ph%E1%BB%91+2,+ph%C6%B0%E1%BB%9Dng+Ph%C3%BA+H%E1%BB%AFu,+Tp.+Th%E1%BB%A7+%C4%90%E1%BB%A9c,+TP.HCM./@10.8824519,106.7425725,12z/data=!3m1!4b1?entry=ttu&g_ep=EgoyMDI1MTAyOS4yIKXMDSoASAFQAw%3D%3D"
"I-1.TM.05, Khu vực thương mại khối Iris(I), Khu Phức Hợp HaDo Centrosa, số 200, đường 3/2, Phường 12, Quận 10, TP. HCM.",10.7752161,106.675557,"https://www.google.com/maps/search/I-1.TM.05,+Khu+v%E1%BB%B1c+th%C6%B0%C6%A1ng+m%E1%BA%A1i+kh%E1%BB%91i+Iris(I),+Khu+Ph%E1%BB%A9c+H%E1%BB%A3p+HaDo+Centrosa,+s%E1%BB%91+200,+%C4%91%C6%B0%E1%BB%9Dng+3%2F2,+Ph%C6%B0%E1%BB%9Dng+12,+Qu%E1%BA%ADn+10,+TP.+HCM./@10.7752161,106.675557,17z/data=!3m1!4b1?entry=ttu&g_ep=EgoyMDI1MTAyOS4yIKXMDSoASAFQAw%3D%3D"
"Căn D0.02 Khu nhà ở xã Phước Kiển, huyện Nhà Bè – Khu nhà ở Nam Sài Gòn Residences, ấp 5, xã Phước Kiển, huyện Nhà Bè, TP.Hồ Chí Minh",10.7112331,106.6945151,"https://www.google.com/maps/search/C%C4%83n+D0.02+Khu+nh%C3%A0+%E1%BB%9F+x%C3%A3+Ph%C6%B0%E1%BB%9Bc+Ki%E1%BB%83n,+huy%E1%BB%87n+Nh%C3%A0+B%C3%A8+%E2%80%93+Khu+nh%C3%A0+%E1%BB%9F+Nam+S%C3%A0i+G%C3%B2n+Residences,+%E1%BA%A5p+5,+x%C3%A3+Ph%C6%B0%E1%BB%9Bc+Ki%E1%BB%83n,+huy%E1%BB%87n+Nh%C3%A0+B%C3%A8,+TP.H%E1%BB%93+Ch%C3%AD+Minh/@10.7112331,106.6945151,15z/data=!3m1!4b1?entry=ttu&g_ep=EgoyMDI1MTAyOS4yIKXMDSoASAFQAw%3D%3D"
"A.1.02 tại Tầng 01, tháp A thuộc Trung tâm Thương mại – Dịch vụ, Officetel và Căn hộ ở tại số 34 – 35 Bến Vân Đồn, Phường 13, Quận 4, TPHCM",10.7670815,106.7012233,"https://www.google.com/maps/search/A.1.02+t%E1%BA%A1i+T%E1%BA%A7ng+01,+th%C3%A1p+A+thu%E1%BB%99c+Trung+t%C3%A2m+Th%C6%B0%C6%A1ng+m%E1%BA%A1i+%E2%80%93+D%E1%BB%8Bch+v%E1%BB%A5,+Officetel+v%C3%A0+C%C4%83n+h%E1%BB%99+%E1%BB%9F+t%E1%BA%A1i+s%E1%BB%91+34+%E2%80%93+35+B%E1%BA%BFn+V%C3%A2n+%C4%90%E1%BB%93n,+Ph%C6%B0%E1%BB%9Dng+13,+Qu%E1%BA%ADn+4,+TPHCM/@10.7670815,106.7012233,17z/data=!3m1!4b1?entry=ttu&g_ep=EgoyMDI1MTAyOS4yIKXMDSoASAFQAw%3D%3D"
"A1-1-5, Tầng số 1 Tháp A Tòa Nhà The CBD tại số 125 Đường Đồng Văn Cống, Phường Thạnh Mỹ Lợi, Tp. Thủ Đức, TP.HCM.",10.774276,106.7596242,"https://www.google.com/maps/search/A1-1-5,+T%E1%BA%A7ng+s%E1%BB%91+1+Th%C3%A1p+A+T%C3%B2a+Nh%C3%A0+The+CBD+t%E1%BA%A1i+s%E1%BB%91+125+%C4%90%C6%B0%E1%BB%9Dng+%C4%90%E1%BB%93ng+V%C4%83n+C%E1%BB%91ng,+Ph%C6%B0%E1%BB%9Dng+Th%E1%BA%A1nh+M%E1%BB%B9+L%E1%BB%A3i,+Tp.+Th%E1%BB%A7+%C4%90%E1%BB%A9c,+TP.HCM./@10.774276,106.7596242,17z/data=!3m1!4b1?entry=ttu&g_ep=EgoyMDI1MTAyOS4yIKXMDSoASAFQAw%3D%3D"
"945 - 947 Trần Hưng Đạo, Phường 01, Quận 5, TP. HCM",10.7536524,106.6597461,"https://www.google.com/maps/search/945+-+947+Tr%E1%BA%A7n+H%C6%B0ng+%C4%90%E1%BA%A1o,+Ph%C6%B0%E1%BB%9Dng+01,+Qu%E1%BA%ADn+5,+TP.+HCM/@10.7536524,106.6597461,15z/data=!3m1!4b1?entry=ttu&g_ep=EgoyMDI1MTAyOS4yIKXMDSoASAFQAw%3D%3D"
"563 Điện Biên Phủ, Phường 1, Quận 3, TP.HCM.",10.7703021,106.6740026,"https://www.google.com/maps/place/563+%C4%90i%E1%BB%87n+Bi%C3%AAn+Ph%E1%BB%A7,+Ph%C6%B0%E1%BB%9Dng+3,+Qu%E1%BA%ADn+3,+Th%C3%A0nh+ph%E1%BB%91+H%E1%BB%93+Ch%C3%AD+Minh,+Vietnam/@10.7703021,106.6740026,17z/data=!3m1!4b1!4m6!3m5!1s0x31752f207415b731:0xfd4fbf4778090d64!8m2!3d10.7702968!4d106.6765775!16s%2Fg%2F11vhskqk40?entry=ttu&g_ep=EgoyMDI1MTAyOS4yIKXMDSoASAFQAw%3D%3D"
"114 Bùi Đình Túy, Phường 12, Quận Bình Thạnh, Tp.HCM",10.8080742,106.7028153,"https://www.google.com/maps/place/114+B%C3%B9i+%C4%90%C3%ACnh+Tu%C3%BD,+Ph%C6%B0%E1%BB%9Dng+14,+B%C3%ACnh+Th%E1%BA%A1nh,+Th%C3%A0nh+ph%E1%BB%91+H%E1%BB%93+Ch%C3%AD+Minh,+Vietnam/@10.8080742,106.7028153,17z/data=!3m1!4b1!4m6!3m5!1s0x317528be7dd69ab7:0x6daff4dfb88b69e!8m2!3d10.8080689!4d106.7053902!16s%2Fg%2F11yjgcc9xj?entry=ttu&g_ep=EgoyMDI1MTAyOS4yIKXMDSoASAFQAw%3D%3D"
"56 Hoàng Diệu 2, Phường Linh Chiểu, Tp. Thủ Đức, Tp.HCM",10.8572477,106.7589735,"https://www.google.com/maps/place/56+%C4%90.+Ho%C3%A0ng+Di%E1%BB%87u+2,+Linh+Chi%E1%BB%83u,+Th%E1%BB%A7+%C4%90%E1%BB%A9c,+Th%C3%A0nh+ph%E1%BB%91+H%E1%BB%93+Ch%C3%AD+Minh,+Vietnam/@10.8572477,106.7589735,17z/data=!3m1!4b1!4m6!3m5!1s0x3175279bce061db3:0x85f16490cd72e932!8m2!3d10.8575462!4d106.7621671!16s%2Fg%2F11bw42bb4s?entry=ttu&g_ep=EgoyMDI1MTAyOS4yIKXMDSoASAFQAw%3D%3D"
"927 Nguyễn Trãi, Phường 14, Quận 5, Tp.HCM",10.7527907,106.6527636,"https://www.google.com/maps/place/Cao+%E1%BB%90c+%C4%90%E1%BA%A1i+Thanh+B%C3%ACnh,+927+Nguy%E1%BB%85n+Tr%C3%A3i,+Ph%C6%B0%E1%BB%9Dng+14,+Qu%E1%BA%ADn+5,+Th%C3%A0nh+ph%E1%BB%91+H%E1%BB%93+Ch%C3%AD+Minh,+Vietnam/@10.7527907,106.6527636,17z/data=!3m1!4b1!4m6!3m5!1s0x31752ef488a59c93:0xc97382602a660942!8m2!3d10.7527854!4d106.6553385!16s%2Fg%2F11rg5_t4df?entry=ttu&g_ep=EgoyMDI1MTAyOS4yIKXMDSoASAFQAw%3D%3D"
"SH-7C, 12A Đường A5 Khu dân cư Palm Residence, Khu phố 3, Phường An Phú, Tp. Thủ Đức, Tp.HCM",10.7921585,106.7586584,"https://www.google.com/maps/place/Ministop+Palm+Residence/@10.7921585,106.7586584,17z/data=!3m1!4b1!4m6!3m5!1s0x31752732ab42095b:0x2a6d15e6c1322530!8m2!3d10.7921532!4d106.7612333!16s%2Fg%2F11h58cynm1?entry=ttu&g_ep=EgoyMDI1MTAyOS4yIKXMDSoASAFQAw%3D%3D"
"Lô thương mại SH1 thuộc chung cư cao cấp Homyland Riverside, 14 Đường số 1-THM, Phường Bình Trưng Đông, Thành phố Thủ Đức, Thành phố Hồ Chí Minh.",10.7891726,106.7659079,"https://www.google.com/maps/search/L%C3%B4+th%C6%B0%C6%A1ng+m%E1%BA%A1i+SH1+thu%E1%BB%99c+chung+c%C6%B0+cao+c%E1%BA%A5p+Homyland+Riverside,+14+%C4%90%C6%B0%E1%BB%9Dng+s%E1%BB%91+1-THM,+Ph%C6%B0%E1%BB%9Dng+B%C3%ACnh+Tr%C6%B0ng+%C4%90%C3%B4ng,+Th%C3%A0nh+ph%E1%BB%91+Th%E1%BB%A7+%C4%90%E1%BB%A9c,+Th%C3%A0nh+ph%E1%BB%91+H%E1%BB%93+Ch%C3%AD+Minh./@10.7891726,106.7659079,18z/data=!3m1!4b1?entry=ttu&g_ep=EgoyMDI1MTAyOS4yIKXMDSoASAFQAw%3D%3D"
"Park Hills P5-00.10, Tầng 1, Tòa nhà chung cư CH1, số 18 Phan Văn Trị, Phường 10, Quận Gò Vấp, Thành phố Hồ Chí Minh.",10.8357568,106.66647,"https://www.google.com/maps/search/Park+Hills+P5-00.10,+T%E1%BA%A7ng+1,+T%C3%B2a+nh%C3%A0+chung+c%C6%B0+CH1,+s%E1%BB%91+18+Phan+V%C4%83n+Tr%E1%BB%8B,+Ph%C6%B0%E1%BB%9Dng+10,+Qu%E1%BA%ADn+G%C3%B2+V%E1%BA%A5p,+Th%C3%A0nh+ph%E1%BB%91+H%E1%BB%93+Ch%C3%AD+Minh./@10.8357568,106.66647,17z/data=!3m1!4b1?entry=ttu&g_ep=EgoyMDI1MTAyOS4yIKXMDSoASAFQAw%3D%3D"
"21 Mai Thị Lựu, Phường Đa Kao, Quận 1, TP.HCM",10.7906454,106.6969678,"https://www.google.com/maps/place/21+Mai+Th%E1%BB%8B+L%E1%BB%B1u,+%C4%90a+Kao,+Qu%E1%BA%ADn+1,+Th%C3%A0nh+ph%E1%BB%91+H%E1%BB%93+Ch%C3%AD+Minh,+Vietnam/@10.7906454,106.6969678,17z/data=!3m1!4b1!4m6!3m5!1s0x317528ca9f4853cf:0xec711ca9e6919fe0!8m2!3d10.7906401!4d106.6995427!16s%2Fg%2F11h89s8rhp?entry=ttu&g_ep=EgoyMDI1MTAyOS4yIKXMDSoASAFQAw%3D%3D"
"73 Ni Sư Huỳnh Liên, Phường 10, Quận Tân Bình, TP.HCM",10.7833483,106.646103,"https://www.google.com/maps/search/73+Ni+S%C6%B0+Hu%E1%BB%B3nh+Li%C3%AAn,+Ph%C6%B0%E1%BB%9Dng+10,+Qu%E1%BA%ADn+T%C3%A2n+B%C3%ACnh,+TP.HCM/@10.7833483,106.646103,17z/data=!3m1!4b1?entry=ttu&g_ep=EgoyMDI1MTAyOS4yIKXMDSoASAFQAw%3D%3D"
"TMDV30, Dự án Masteri An Phú, 179 Võ Nguyên Giáp, Phường Thảo Điền, Thành phố Thủ Đức, Thành phố Hồ Chí Minh.",10.8035679,106.7450933,"https://www.google.com/maps/search/TMDV30,+D%E1%BB%B1+%C3%A1n+Masteri+An+Ph%C3%BA,+179+V%C3%B5+Nguy%C3%AAn+Gi%C3%A1p,+Ph%C6%B0%E1%BB%9Dng+Th%E1%BA%A3o+%C4%90i%E1%BB%81n,+Th%C3%A0nh+ph%E1%BB%91+Th%E1%BB%A7+%C4%90%E1%BB%A9c,+Th%C3%A0nh+ph%E1%BB%91+H%E1%BB%93+Ch%C3%AD+Minh./@10.8035679,106.7450933,17z/data=!3m1!4b1?entry=ttu&g_ep=EgoyMDI1MTAyOS4yIKXMDSoASAFQAw%3D%3D"
"SAV.5-00.06 The Sun Avenue, 28 Mai Chí Thọ, Phường An Phú, TP. Thủ Đức, TP. HCM",10.7851502,106.7459013,"https://www.google.com/maps/place/Ministop+Sun+Avenue/@10.7851502,106.7459013,17z/data=!3m1!4b1!4m6!3m5!1s0x3175256209df66f1:0x41fbe7f663720c6e!8m2!3d10.7851449!4d106.7484762!16s%2Fg%2F11fr0cn4dx?entry=ttu&g_ep=EgoyMDI1MTAyOS4yIKXMDSoASAFQAw%3D%3D"
"43F Hồ Văn Huê, Phường 9, Quận Phú Nhuận",10.8027299,106.6738423,"https://www.google.com/maps/place/43F+H%E1%BB%93+V%C4%83n+Hu%C3%AA,+Ph%C6%B0%E1%BB%9Dng+9,+Ph%C3%BA+Nhu%E1%BA%ADn,+Th%C3%A0nh+ph%E1%BB%91+H%E1%BB%93+Ch%C3%AD+Minh,+Vietnam/@10.8027299,106.6738423,17z/data=!3m1!4b1!4m6!3m5!1s0x317528d87533a97f:0xdedcff9c829df8a!8m2!3d10.8027246!4d106.6764172!16s%2Fg%2F11rg5x5jc6?entry=ttu&g_ep=EgoyMDI1MTAyOS4yIKXMDSoASAFQAw%3D%3D"
"Căn B2.2G, Tầng B2, Tháp Hawaii, Đảo Kim Cương, Số 1 Đường 104 - BTT, KP. 3, P. Bình Trưng Tây, TP. Thủ Đức, TP. HCM",10.7793062,106.7443646,"https://www.google.com/maps/search/C%C4%83n+B2.2G,+T%E1%BA%A7ng+B2,+Th%C3%A1p+Hawaii,+%C4%90%E1%BA%A3o+Kim+C%C6%B0%C6%A1ng,+S%E1%BB%91+1+%C4%90%C6%B0%E1%BB%9Dng+104+-+BTT,+KP.+3,+P.+B%C3%ACnh+Tr%C6%B0ng+T%C3%A2y,+TP.+Th%E1%BB%A7+%C4%90%E1%BB%A9c,+TP.+HCM/@10.7793062,106.7443646,17z/data=!3m1!4b1?entry=ttu&g_ep=EgoyMDI1MTAyOS4yIKXMDSoASAFQAw%3D%3D"
"Căn A2SH09 tầng trệt và tầng 01 tòa A2 Vinhomes Golden River, 02 Tôn Đức Thắng, Phường Bến Nghé, Quận 1",10.7862032,106.7080723,"https://www.google.com/maps/search/C%C4%83n+A2SH09+t%E1%BA%A7ng+tr%E1%BB%87t+v%C3%A0+t%E1%BA%A7ng+01+t%C3%B2a+A2+Vinhomes+Golden+River,+02+T%C3%B4n+%C4%90%E1%BB%A9c+Th%E1%BA%AFng,+Ph%C6%B0%E1%BB%9Dng+B%E1%BA%BFn+Ngh%C3%A9,+Qu%E1%BA%ADn+1/@10.7862032,106.7080723,17z/data=!3m1!4b1?entry=ttu&g_ep=EgoyMDI1MTAyOS4yIKXMDSoASAFQAw%3D%3D"
"666/64 Đường 3/2, Phường 14, Quận 10",10.7683765,106.6612835,"https://www.google.com/maps/search/666%2F64+%C4%90%C6%B0%E1%BB%9Dng+3%2F2,+Ph%C6%B0%E1%BB%9Dng+14,+Qu%E1%BA%ADn+10/@10.7683765,106.6612835,17z/data=!3m1!4b1?entry=ttu&g_ep=EgoyMDI1MTAyOS4yIKXMDSoASAFQAw%3D%3D"
"94D2 Phùng Văn Cung, Phường 7, Quận Phú Nhuận",10.8021317,106.6820832,"https://www.google.com/maps/place/94D1+%C4%90.+Ph%C3%B9ng+V%C4%83n+Cung,+Ph%C6%B0%E1%BB%9Dng+7,+Ph%C3%BA+Nhu%E1%BA%ADn,+Th%C3%A0nh+ph%E1%BB%91+H%E1%BB%93+Ch%C3%AD+Minh,+Vietnam/@10.8021317,106.6820832,17z/data=!3m1!4b1!4m6!3m5!1s0x317529001b5ade55:0x6f7315af9a7c70ad!8m2!3d10.8021264!4d106.6846581!16s%2Fg%2F11w7qtw57q?entry=ttu&g_ep=EgoyMDI1MTAyOS4yIKXMDSoASAFQAw%3D%3D"
"11 Lê Thánh Tôn, Phường Bến Nghé, Quận 1",10.7813369,106.7029795,"https://www.google.com/maps/place/11+L%C3%AA+Th%C3%A1nh+T%C3%B4n,+B%E1%BA%BFn+Ngh%C3%A9,+Qu%E1%BA%ADn+1,+Th%C3%A0nh+ph%E1%BB%91+H%E1%BB%93+Ch%C3%AD+Minh,+Vietnam/@10.7813369,106.7029795,17z/data=!3m1!4b1!4m6!3m5!1s0x31752f492d850001:0x4a3cf60eeac97f50!8m2!3d10.7813316!4d106.7055544!16s%2Fg%2F11md37g6pv?entry=ttu&g_ep=EgoyMDI1MTAyOS4yIKXMDSoASAFQAw%3D%3D"
"519 - 521 Hoàng Văn Thụ, Phường 4, Quận Tân Bình, Thành phố Hồ Chí Minh.",10.7960243,106.6540693,"https://www.google.com/maps/place/QMW4%2BCM6,+519+%C4%90.+Ho%C3%A0ng+V%C4%83n+Th%E1%BB%A5,+Ph%C6%B0%E1%BB%9Dng+4,+T%C3%A2n+B%C3%ACnh,+Th%C3%A0nh+ph%E1%BB%91+H%E1%BB%93+Ch%C3%AD+Minh+700000,+Vietnam/@10.7960243,106.6540693,17z/data=!3m1!4b1!4m6!3m5!1s0x317529343bc4bc89:0x88c63686e6fabf45!8m2!3d10.796019!4d106.6566442!16s%2Fg%2F11lnfc_pyl?entry=ttu&g_ep=EgoyMDI1MTAyOS4yIKXMDSoASAFQAw%3D%3D"
"163 Nguyễn Thái Bình, Phường Nguyễn Thái Bình, Quận 1",10.7679502,106.6960091,"https://www.google.com/maps/place/163+Nguy%E1%BB%85n+Th%C3%A1i+B%C3%ACnh,+Ph%C6%B0%E1%BB%9Dng+Nguy%E1%BB%85n+Th%C3%A1i+B%C3%ACnh,+Qu%E1%BA%ADn+1,+Th%C3%A0nh+ph%E1%BB%91+H%E1%BB%93+Ch%C3%AD+Minh,+Vietnam/@10.7679502,106.6960091,17z/data=!3m1!4b1!4m6!3m5!1s0x31752f3fe701f9e3:0x52259d5246b8f74a!8m2!3d10.7679449!4d106.698584!16s%2Fg%2F11nnkt6wzl?entry=ttu&g_ep=EgoyMDI1MTAyOS4yIKXMDSoASAFQAw%3D%3D"
"DH.7 thuộc Khu cao ốc văn phòng và Căn hộ chung cư số 5B đường Phổ Quang, Phường 2, Quận Tân Bình, Thành phố Hồ Chí Minh.",10.8060824,106.6636333,"https://www.google.com/maps/search/DH.7+thu%E1%BB%99c+Khu+cao+%E1%BB%91c+v%C4%83n+ph%C3%B2ng+v%C3%A0+C%C4%83n+h%E1%BB%99+chung+c%C6%B0+s%E1%BB%91+5B+%C4%91%C6%B0%E1%BB%9Dng+Ph%E1%BB%95+Quang,+Ph%C6%B0%E1%BB%9Dng+2,+Qu%E1%BA%ADn+T%C3%A2n+B%C3%ACnh,+Th%C3%A0nh+ph%E1%BB%91+H%E1%BB%93+Ch%C3%AD+Minh./@10.8060824,106.6636333,17z/data=!3m1!4b1?entry=ttu&g_ep=EgoyMDI1MTAyOS4yIKXMDSoASAFQAw%3D%3D"
"216C Nguyễn Văn Nguyễn, Phường Tân Định, Quận 1",10.7917241,106.6852879,"https://www.google.com/maps/place/216c+Nguy%E1%BB%85n+V%C4%83n+Nguy%E1%BB%85n,+Ph%C6%B0%E1%BB%9Dng+T%C3%A2n+%C4%90%E1%BB%8Bnh,+Qu%E1%BA%ADn+1,+Th%C3%A0nh+ph%E1%BB%91+H%E1%BB%93+Ch%C3%AD+Minh,+Vietnam/@10.7917241,106.6852879,17z/data=!3m1!4b1!4m6!3m5!1s0x317528d29cf985c1:0x736620c2d2474bfe!8m2!3d10.7917188!4d106.6878628!16s%2Fg%2F11rp4wdr4z?entry=ttu&g_ep=EgoyMDI1MTAyOS4yIKXMDSoASAFQAw%3D%3D"
"TK 17/1 Nguyễn Cảnh Chân, Phường Cầu Kho, Quận 1",10.7581046,106.686096,"https://www.google.com/maps/search/TK+17%2F1+Nguy%E1%BB%85n+C%E1%BA%A3nh+Ch%C3%A2n,+Ph%C6%B0%E1%BB%9Dng+C%E1%BA%A7u+Kho,+Qu%E1%BA%ADn+1/@10.7581046,106.686096,17z/data=!3m1!4b1?entry=ttu&g_ep=EgoyMDI1MTAyOS4yIKXMDSoASAFQAw%3D%3D"
"Gian hàng số BB-S01, Tầng trệt, KDC New City, Số 17 Mai Chí Thọ, KP.3, Phường An Khánh, TP. Thủ Đức, TP. HCM",10.8824519,106.7425725,"https://www.google.com/maps/search/Gian+h%C3%A0ng+s%E1%BB%91+BB-S01,+T%E1%BA%A7ng+tr%E1%BB%87t,+KDC+New+City,+S%E1%BB%91+17+Mai+Ch%C3%AD+Th%E1%BB%8D,+KP.3,+Ph%C6%B0%E1%BB%9Dng+An+Kh%C3%A1nh,+TP.+Th%E1%BB%A7+%C4%90%E1%BB%A9c,+TP.+HCM/@10.8824519,106.7425725,12z/data=!3m1!4b1?entry=ttu&g_ep=EgoyMDI1MTAyOS4yIKXMDSoASAFQAw%3D%3D"
"69 Trần Trọng Cung, Phường Tân Thuận Đông, Quận 7",10.7437977,106.7293502,"https://www.google.com/maps/place/69+Tr%E1%BA%A7n+Tr%E1%BB%8Dng+Cung,+T%C3%A2n+Thu%E1%BA%ADn+%C4%90%C3%B4ng,+Qu%E1%BA%ADn+7,+Th%C3%A0nh+ph%E1%BB%91+H%E1%BB%93+Ch%C3%AD+Minh,+Vietnam/@10.7437977,106.7293502,17z/data=!3m1!4b1!4m6!3m5!1s0x31752578821c5d0b:0x50adb07f0f037561!8m2!3d10.7437924!4d106.7319251!16s%2Fg%2F11vstrrljy?entry=ttu&g_ep=EgoyMDI1MTAyOS4yIKXMDSoASAFQAw%3D%3D"
"120 Xa Lộ Hà Nội, Phường Tân Phú, TP. Thủ Đức, TP. HCM",10.8630452,106.7953584,"https://www.google.com/maps/place/120+V%C3%B5+Nguy%C3%AAn+Gi%C3%A1p,+P,+Th%E1%BB%A7+%C4%90%E1%BB%A9c,+Th%C3%A0nh+ph%E1%BB%91+H%E1%BB%93+Ch%C3%AD+Minh+70000,+Vietnam/@10.8630452,106.7953584,17z/data=!3m1!4b1!4m6!3m5!1s0x3175275c50a7234d:0xa4c3550689a707f3!8m2!3d10.8630399!4d106.7979333!16s%2Fg%2F11r_gq0_28?entry=ttu&g_ep=EgoyMDI1MTAyOS4yIKXMDSoASAFQAw%3D%3D"
"7A/7 Thành Thái, Phường 14, Quận 10",10.7755279,106.6609988,"https://www.google.com/maps/place/7a%2F3,+173%2F7+%C4%90.+Th%C3%A0nh+Th%C3%A1i,+Ph%C6%B0%E1%BB%9Dng+14,+Qu%E1%BA%ADn+10,+Th%C3%A0nh+ph%E1%BB%91+H%E1%BB%93+Ch%C3%AD+Minh,+Vietnam/@10.7755279,106.6609988,17z/data=!3m1!4b1!4m6!3m5!1s0x31752ee789ff6b4d:0xe2d7e653bac9d660!8m2!3d10.7755226!4d106.6635737!16s%2Fg%2F11c5qjgpk8?entry=ttu&g_ep=EgoyMDI1MTAyOS4yIKXMDSoASAFQAw%3D%3D"
"15A Phân khu E1, Khu Công Nghệ Cao, Xa Lộ Hà Nội, Phường Hiệp Phú, TP. Thủ Đức, TP. HCM",10.8563423,106.7854689,"https://www.google.com/maps/search/15A+Ph%C3%A2n+khu+E1,+Khu+C%C3%B4ng+Ngh%E1%BB%87+Cao,+Xa+L%E1%BB%99+H%C3%A0+N%E1%BB%99i,+Ph%C6%B0%E1%BB%9Dng+Hi%E1%BB%87p+Ph%C3%BA,+TP.+Th%E1%BB%A7+%C4%90%E1%BB%A9c,+TP.+HCM/@10.8563423,106.7854689,18z/data=!3m1!4b1?entry=ttu&g_ep=EgoyMDI1MTAyOS4yIKXMDSoASAFQAw%3D%3D"
"79 Nguyễn Cửu Vân, Phường 17, Quận Bình Thạnh",10.7952911,106.7043283,"https://www.google.com/maps/place/79+Nguy%E1%BB%85n+C%E1%BB%ADu+V%C3%A2n,+Ph%C6%B0%E1%BB%9Dng+17,+B%C3%ACnh+Th%E1%BA%A1nh,+Th%C3%A0nh+ph%E1%BB%91+H%E1%BB%93+Ch%C3%AD+Minh,+Vietnam/@10.7952911,106.7043283,17z/data=!3m1!4b1!4m6!3m5!1s0x317528b14151fe71:0x2ee9784cc8b0ecb1!8m2!3d10.7952858!4d106.7069032!16s%2Fg%2F11qbdym6nj?entry=ttu&g_ep=EgoyMDI1MTAyOS4yIKXMDSoASAFQAw%3D%3D"
"87 Vạn Kiếp, Phường 1, Quận Bình Thạnh, Thành phố Hồ Chí Minh.",10.7992959,106.6910896,"https://www.google.com/maps/place/87+%C4%90.+V%E1%BA%A1n+Ki%E1%BA%BFp,+Ph%C6%B0%E1%BB%9Dng+1,+B%C3%ACnh+Th%E1%BA%A1nh,+Th%C3%A0nh+ph%E1%BB%91+H%E1%BB%93+Ch%C3%AD+Minh,+Vietnam/@10.7992959,106.6910896,17z/data=!3m1!4b1!4m6!3m5!1s0x317528cf4bc29771:0x8195e4899af74b59!8m2!3d10.7992906!4d106.6936645!16s%2Fg%2F11x5r9zdkk?entry=ttu&g_ep=EgoyMDI1MTAyOS4yIKXMDSoASAFQAw%3D%3D"
"75 Phú Thọ, Phường 1, Quận 11",10.7588524,106.6389412,"https://www.google.com/maps/place/75+Ph%C3%BA+Th%E1%BB%8D,+Ph%C6%B0%E1%BB%9Dng+1,+Qu%E1%BA%ADn+11,+Th%C3%A0nh+ph%E1%BB%91+H%E1%BB%93+Ch%C3%AD+Minh,+Vietnam/@10.7588524,106.6389412,17z/data=!3m1!4b1!4m6!3m5!1s0x31752e8ff1ad51b1:0xb311c98723d2c88!8m2!3d10.7588471!4d106.6415161!16s%2Fg%2F11nnkvz055?entry=ttu&g_ep=EgoyMDI1MTAyOS4yIKXMDSoASAFQAw%3D%3D"
"215 Điện Biên Phủ, Phường 2, Quận Bình Thạnh, Thành phố Hồ Chí Minh.",10.8005322,106.7034287,"https://www.google.com/maps/place/215+%C4%90i%E1%BB%87n+Bi%C3%AAn+Ph%E1%BB%A7,+Ph%C6%B0%E1%BB%9Dng+2,+B%C3%ACnh+Th%E1%BA%A1nh,+Th%C3%A0nh+ph%E1%BB%91+H%E1%BB%93+Ch%C3%AD+Minh,+Vietnam/@10.8005322,106.7034287,17z/data=!3m1!4b1!4m6!3m5!1s0x317528b9f7b4df3b:0x5b76f170eb3940a3!8m2!3d10.8005269!4d106.7060036!16s%2Fg%2F11g20j1q_d?entry=ttu&g_ep=EgoyMDI1MTAyOS4yIKXMDSoASAFQAw%3D%3D"
"62 Bình Giã, Phường 13, Quận Tân Bình",10.8005393,106.6421798,"https://www.google.com/maps/place/62+B%C3%ACnh+Gi%C3%A3,+Ph%C6%B0%E1%BB%9Dng+13,+T%C3%A2n+B%C3%ACnh,+Th%C3%A0nh+ph%E1%BB%91+H%E1%BB%93+Ch%C3%AD+Minh,+Vietnam/@10.8005393,106.6421798,17z/data=!3m1!4b1!4m6!3m5!1s0x3175294f1d025779:0x83de59de378cce83!8m2!3d10.800534!4d106.6447547!16s%2Fg%2F11j2vt4vym?entry=ttu&g_ep=EgoyMDI1MTAyOS4yIKXMDSoASAFQAw%3D%3D"
"262 - 264 Cao Thắng, Phường 12, Quận 10",10.7749323,106.67295,"https://www.google.com/maps/place/262+Cao+Th%E1%BA%AFng,+Ph%C6%B0%E1%BB%9Dng+12,+Qu%E1%BA%ADn+10,+Th%C3%A0nh+ph%E1%BB%91+H%E1%BB%93+Ch%C3%AD+Minh,+Vietnam/@10.7749323,106.67295,17z/data=!3m1!4b1!4m6!3m5!1s0x31752ed8bab64363:0x33f157af82a2642e!8m2!3d10.774927!4d106.6755249!16s%2Fg%2F11vm7hntdp?entry=ttu&g_ep=EgoyMDI1MTAyOS4yIKXMDSoASAFQAw%3D%3D"
"41 Nguyễn Trọng Tuyển, Phường 15, Quận Phú Nhuận",10.7971714,106.6774202,"https://www.google.com/maps/place/41+Nguy%E1%BB%85n+Tr%E1%BB%8Dng+Tuy%E1%BB%83n,+Ph%C6%B0%E1%BB%9Dng+15,+Ph%C3%BA+Nhu%E1%BA%ADn,+Th%C3%A0nh+ph%E1%BB%91+H%E1%BB%93+Ch%C3%AD+Minh,+Vietnam/@10.7971714,106.6774202,17z/data=!3m1!4b1!4m6!3m5!1s0x317528d6ed6123d1:0xc27f5e9efbb1d00a!8m2!3d10.7971661!4d106.6799951!16s%2Fg%2F11pw209ym8?entry=ttu&g_ep=EgoyMDI1MTAyOS4yIKXMDSoASAFQAw%3D%3D"
"113-115 Thích Quảng Đức, Phường 4, Quận Phú Nhuận",10.8056182,106.6791831,"https://www.google.com/maps/place/113+%C4%90.+Th%C3%ADch+Qu%E1%BA%A3ng+%C4%90%E1%BB%A9c,+Ph%C6%B0%E1%BB%9Dng+4,+Ph%C3%BA+Nhu%E1%BA%ADn,+Th%C3%A0nh+ph%E1%BB%91+H%E1%BB%93+Ch%C3%AD+Minh,+Vietnam/@10.8056182,106.6791831,17z/data=!3m1!4b1!4m6!3m5!1s0x317528d95bcf658d:0xaa44cba48ae3a7bb!8m2!3d10.8056129!4d106.681758!16s%2Fg%2F11trctgkf2?entry=ttu&g_ep=EgoyMDI1MTAyOS4yIKXMDSoASAFQAw%3D%3D"
"31/53 Ung Văn Khiêm, Phường 25, Quận Bình Thạnh",10.805115,106.7184482,"https://www.google.com/maps/place/31+%C4%90.+Ung+V%C4%83n+Khi%C3%AAm,+Ph%C6%B0%E1%BB%9Dng+25,+B%C3%ACnh+Th%E1%BA%A1nh,+Th%C3%A0nh+ph%E1%BB%91+H%E1%BB%93+Ch%C3%AD+Minh,+Vietnam/@10.805115,106.7184482,17z/data=!3m1!4b1!4m6!3m5!1s0x317528a0da5d2c77:0x460961043105e8a6!8m2!3d10.8051097!4d106.7210231!16s%2Fg%2F11k4m3k4rj?entry=ttu&g_ep=EgoyMDI1MTAyOS4yIKXMDSoASAFQAw%3D%3D"
"192A Hoàng Diệu, Phường 9, Quận 4",10.7627139,106.7000684,"https://www.google.com/maps/place/192A+Ho%C3%A0ng+Di%E1%BB%87u,+Ph%C6%B0%E1%BB%9Dng+9,+Qu%E1%BA%ADn+4,+Th%C3%A0nh+ph%E1%BB%91+H%E1%BB%93+Ch%C3%AD+Minh,+Vietnam/@10.7627139,106.7000684,17z/data=!3m1!4b1!4m6!3m5!1s0x31752f6b765f6575:0x50747898cf5d78b6!8m2!3d10.7627086!4d106.7026433!16s%2Fg%2F11rp3d7989?entry=ttu&g_ep=EgoyMDI1MTAyOS4yIKXMDSoASAFQAw%3D%3D"
"341 Sư Vạn Hạnh, Phường 10, Quận 10",10.7688463,106.668684,"https://www.google.com/maps/place/341+S%C6%B0+V%E1%BA%A1n+H%E1%BA%A1nh,+Ph%C6%B0%E1%BB%9Dng+10,+Qu%E1%BA%ADn+10,+Th%C3%A0nh+ph%E1%BB%91+H%E1%BB%93+Ch%C3%AD+Minh+700000,+Vietnam/@10.7688463,106.668684,18z/data=!3m1!4b1!4m6!3m5!1s0x31752ede1ad51af1:0x368bb1fedf79bdf6!8m2!3d10.7686447!4d106.6707648!16s%2Fg%2F11b8v4ttz2?entry=ttu&g_ep=EgoyMDI1MTAyOS4yIKXMDSoASAFQAw%3D%3D"
"T5-B01.03+04, tại tầng 1 thuộc dự án Khu nhà ở chung cư cao cấp Masteri Thảo Điền, số 159 Võ Nguyên Giáp, Phường Thảo Điền, Thành phố Thủ Đức, Thành phố Hồ Chí Minh.",10.8025238,106.7364988,"https://www.google.com/maps/search/T5-B01.03%2B04,+t%E1%BA%A1i+t%E1%BA%A7ng+1+thu%E1%BB%99c+d%E1%BB%B1+%C3%A1n+Khu+nh%C3%A0+%E1%BB%9F+chung+c%C6%B0+cao+c%E1%BA%A5p+Masteri+Th%E1%BA%A3o+%C4%90i%E1%BB%81n,+s%E1%BB%91+159+V%C3%B5+Nguy%C3%AAn+Gi%C3%A1p,+Ph%C6%B0%E1%BB%9Dng+Th%E1%BA%A3o+%C4%90i%E1%BB%81n,+Th%C3%A0nh+ph%E1%BB%91+Th%E1%BB%A7+%C4%90%E1%BB%A9c,+Th%C3%A0nh+ph%E1%BB%91+H%E1%BB%93+Ch%C3%AD+Minh./@10.8025238,106.7364988,16z/data=!3m1!4b1?entry=ttu&g_ep=EgoyMDI1MTAyOS4yIKXMDSoASAFQAw%3D%3D"
"108A Bành Văn Trân, Phường 7, Quận Tân Bình",10.7886016,106.6539347,"https://www.google.com/maps/place/108+B%C3%A0nh+V%C4%83n+Tr%C3%A2n,+Ph%C6%B0%E1%BB%9Dng+7,+T%C3%A2n+B%C3%ACnh,+Th%C3%A0nh+ph%E1%BB%91+H%E1%BB%93+Ch%C3%AD+Minh,+Vietnam/@10.7886016,106.6539347,17z/data=!3m1!4b1!4m6!3m5!1s0x31752ecba6446735:0xcaa99ac081bf8bb3!8m2!3d10.7885963!4d106.6565096!16s%2Fg%2F11j8gyymn9?entry=ttu&g_ep=EgoyMDI1MTAyOS4yIKXMDSoASAFQAw%3D%3D"
"46 Nguyễn Lâm, Phường 6, Quận 10",10.763709,106.6609199,"https://www.google.com/maps/place/46+Nguy%E1%BB%85n+L%C3%A2m,+Ph%C6%B0%E1%BB%9Dng+6,+Qu%E1%BA%ADn+10,+Th%C3%A0nh+ph%E1%BB%91+H%E1%BB%93+Ch%C3%AD+Minh,+Vietnam/@10.763709,106.6609199,17z/data=!3m1!4b1!4m6!3m5!1s0x31752eef4c418ebb:0x2f368a73f60f3caa!8m2!3d10.7637037!4d106.6634948!16s%2Fg%2F11rg5xznc9?entry=ttu&g_ep=EgoyMDI1MTAyOS4yIKXMDSoASAFQAw%3D%3D"
"136 Thành Thái, Phường 12, Quận 10",10.7749606,106.6617194,"https://www.google.com/maps/place/136+%C4%90.+Th%C3%A0nh+Th%C3%A1i,+Ph%C6%B0%E1%BB%9Dng+14,+Qu%E1%BA%ADn+10,+Th%C3%A0nh+ph%E1%BB%91+H%E1%BB%93+Ch%C3%AD+Minh+70000,+Vietnam/@10.7749606,106.6617194,17z/data=!3m1!4b1!4m6!3m5!1s0x31752ec4aa54abdb:0xff8230eaaebf637b!8m2!3d10.7749553!4d106.6642943!16s%2Fg%2F11rg5xts7_?entry=ttu&g_ep=EgoyMDI1MTAyOS4yIKXMDSoASAFQAw%3D%3D"
"119 Lý Nam Đế, Phường 7, Quận 11, Thành phố Hồ Chí Minh",10.7608915,106.6569032,"https://www.google.com/maps/place/119+L%C3%BD+Nam+%C4%90%E1%BA%BF,+Ph%C6%B0%E1%BB%9Dng+7,+Qu%E1%BA%ADn+11,+Th%C3%A0nh+ph%E1%BB%91+H%E1%BB%93+Ch%C3%AD+Minh+700000,+Vietnam/@10.7608915,106.6569032,17z/data=!3m1!4b1!4m6!3m5!1s0x31752eee650ee887:0x5703c077597112ef!8m2!3d10.7608862!4d106.6594781!16s%2Fg%2F11nnk_7p8q?entry=ttu&g_ep=EgoyMDI1MTAyOS4yIKXMDSoASAFQAw%3D%3D"
"138 Nguyễn Thiện Thuật, Phường 3, Quận 3",10.7681708,106.6772457,"https://www.google.com/maps/place/138+%C4%90.+Nguy%E1%BB%85n+Thi%E1%BB%87n+Thu%E1%BA%ADt,+Ph%C6%B0%E1%BB%9Dng+3,+Qu%E1%BA%ADn+3,+Th%C3%A0nh+ph%E1%BB%91+H%E1%BB%93+Ch%C3%AD+Minh,+Vietnam/@10.7681708,106.6772457,17z/data=!3m1!4b1!4m6!3m5!1s0x31752f1f7c84c005:0x1be8fa7441bd0735!8m2!3d10.7681655!4d106.6798206!16s%2Fg%2F11q2n8q9z9?entry=ttu&g_ep=EgoyMDI1MTAyOS4yIKXMDSoASAFQAw%3D%3D"
"177 - 179 Trần Nhân Tôn, Phường 2, Quận 10",10.7630434,106.6717647,"https://www.google.com/maps/place/177+Tr%E1%BA%A7n+Nh%C3%A2n+T%C3%B4n,+Ph%C6%B0%E1%BB%9Dng+2,+Qu%E1%BA%ADn+5,+Th%C3%A0nh+ph%E1%BB%91+H%E1%BB%93+Ch%C3%AD+Minh,+Vietnam/@10.7630434,106.6717647,17z/data=!3m1!4b1!4m6!3m5!1s0x31752ee2269997a3:0x376b1e28e66b101f!8m2!3d10.7630381!4d106.6743396!16s%2Fg%2F11spn51zz8?entry=ttu&g_ep=EgoyMDI1MTAyOS4yIKXMDSoASAFQAw%3D%3D"
"247C Bùi Đình Túy, Phường 14, Quận Bình Thạnh, Thành phố Hồ Chí Minh.",10.807583,106.6991253,"https://www.google.com/maps/place/247+C+B%C3%B9i+%C4%90%C3%ACnh+Tu%C3%BD,+Ph%C6%B0%E1%BB%9Dng+14,+B%C3%ACnh+Th%E1%BA%A1nh,+Th%C3%A0nh+ph%E1%BB%91+H%E1%BB%93+Ch%C3%AD+Minh,+Vietnam/@10.807583,106.6991253,17z/data=!3m1!4b1!4m6!3m5!1s0x317528bf0dc25775:0xf3c761e49056d9c5!8m2!3d10.8075777!4d106.7017002!16s%2Fg%2F11rg5_nvw6?entry=ttu&g_ep=EgoyMDI1MTAyOS4yIKXMDSoASAFQAw%3D%3D"
"157 Đinh Bộ Lĩnh, Phường 26, Quận Bình Thạnh",10.8112307,106.7063208,"https://www.google.com/maps/place/157+%C4%90.+%C4%90inh+B%E1%BB%99+L%C4%A9nh,+Ph%C6%B0%E1%BB%9Dng+26,+B%C3%ACnh+Th%E1%BA%A1nh,+Th%C3%A0nh+ph%E1%BB%91+H%E1%BB%93+Ch%C3%AD+Minh,+Vietnam/@10.8112307,106.7063208,17z/data=!3m1!4b1!4m6!3m5!1s0x31752897cc352d4b:0xd588fa3a50a9889d!8m2!3d10.8112254!4d106.7088957!16s%2Fg%2F11csh9l9q1?entry=ttu&g_ep=EgoyMDI1MTAyOS4yIKXMDSoASAFQAw%3D%3D"
"8 Vũ Tông Phan, Phường An Phú, TP. Thủ Đức, TP. HCM",10.7978507,106.740281,"https://www.google.com/maps/place/8+V%C5%A9+T%C3%B4ng+Phan,+An+Ph%C3%BA,+Th%E1%BB%A7+%C4%90%E1%BB%A9c,+Th%C3%A0nh+ph%E1%BB%91+H%E1%BB%93+Ch%C3%AD+Minh,+Vietnam/@10.7978507,106.740281,17z/data=!3m1!4b1!4m6!3m5!1s0x3175261275ad41d9:0xa129dcf6ced378cd!8m2!3d10.7978454!4d106.7428559!16s%2Fg%2F11q2wwp0rt?entry=ttu&g_ep=EgoyMDI1MTAyOS4yIKXMDSoASAFQAw%3D%3D"
"120 Bình Thới, Phường 14, Quận 11",10.7676037,106.6471226,"https://www.google.com/maps/place/120+%C4%90.+B%C3%ACnh+Th%E1%BB%9Bi,+Ph%C6%B0%E1%BB%9Dng+14,+Qu%E1%BA%ADn+11,+Th%C3%A0nh+ph%E1%BB%91+H%E1%BB%93+Ch%C3%AD+Minh,+Vietnam/@10.7676037,106.6471226,17z/data=!3m1!4b1!4m6!3m5!1s0x31752e95aa8843c3:0x6677aaea95c8b182!8m2!3d10.7675984!4d106.6496975!16s%2Fg%2F11pw207xk6?entry=ttu&g_ep=EgoyMDI1MTAyOS4yIKXMDSoASAFQAw%3D%3D"
"18 Hoàng Hoa Thám, Phường 12, Quận Tân Bình",10.808325,106.6464003,"https://www.google.com/maps/place/H%E1%BA%BBm%2F18+Ho%C3%A0ng+Hoa+Th%C3%A1m,+Ph%C6%B0%E1%BB%9Dng+12,+T%C3%A2n+B%C3%ACnh,+Th%C3%A0nh+ph%E1%BB%91+H%E1%BB%93+Ch%C3%AD+Minh,+Vietnam/@10.808325,106.6464003,17z/data=!3m1!4b1!4m6!3m5!1s0x3175294132b49453:0xbb5b7941dcda2917!8m2!3d10.8083539!4d106.6489794!16s%2Fg%2F11c4m6khyh?entry=ttu&g_ep=EgoyMDI1MTAyOS4yIKXMDSoASAFQAw%3D%3D"
"43 Trần Quý Cáp, Phường 12, Quận Bình Thạnh",10.8156452,106.6929406,"https://www.google.com/maps/place/43+%C4%90.+Tr%E1%BA%A7n+Qu%C3%BD+C%C3%A1p,+Ph%C6%B0%E1%BB%9Dng+12,+B%C3%ACnh+Th%E1%BA%A1nh,+Th%C3%A0nh+ph%E1%BB%91+H%E1%BB%93+Ch%C3%AD+Minh,+Vietnam/@10.8156452,106.6929406,17z/data=!3m1!4b1!4m6!3m5!1s0x317528eb935bd9a7:0x4ae14575c7f94262!8m2!3d10.8156399!4d106.6955155!16s%2Fg%2F11xvmw7kxx?entry=ttu&g_ep=EgoyMDI1MTAyOS4yIKXMDSoASAFQAw%3D%3D"
"435 Sư Vạn Hạnh, Phường 12, Quận 10",10.7727385,106.6663812,"https://www.google.com/maps/place/435+S%C6%B0+V%E1%BA%A1n+H%E1%BA%A1nh,+Ph%C6%B0%E1%BB%9Dng+12,+Qu%E1%BA%ADn+10,+Th%C3%A0nh+ph%E1%BB%91+H%E1%BB%93+Ch%C3%AD+Minh,+Vietnam/@10.7727385,106.6663812,17z/data=!3m1!4b1!4m6!3m5!1s0x31752edc3898fe55:0x9dbd898ca7496ea6!8m2!3d10.7727332!4d106.6689561!16s%2Fg%2F11q2nfv_zx?entry=ttu&g_ep=EgoyMDI1MTAyOS4yIKXMDSoASAFQAw%3D%3D"
"47 Trần Quốc Toản, Phường Võ Thị Sáu, Quận 3",10.7878735,106.6864317,"https://www.google.com/maps/search/47+Tr%E1%BA%A7n+Qu%E1%BB%91c+To%E1%BA%A3n,+Ph%C6%B0%E1%BB%9Dng+Vo%CC%83+Thi%CC%A3+Sa%CC%81u,+Qu%E1%BA%ADn+3/@10.7878735,106.6864317,17z/data=!3m1!4b1?entry=ttu&g_ep=EgoyMDI1MTAyOS4yIKXMDSoASAFQAw%3D%3D"
"60 Đường số 5, Khu cư xá Bình Thới, Phường 8, Quận 11",10.7617588,106.6457778,"https://www.google.com/maps/place/MINISTOP/@10.7617588,106.6457778,17z/data=!3m1!4b1!4m6!3m5!1s0x31752e924a10bc49:0x969ce52c43ac1aa!8m2!3d10.7617535!4d106.6483527!16s%2Fg%2F11g0209c1y?entry=ttu&g_ep=EgoyMDI1MTAyOS4yIKXMDSoASAFQAw%3D%3D"
"15 Nguyễn Du, Phường 1, Quận Gò Vấp, Thành phố Hồ Chí Minh.",10.827534,106.6836321,"https://www.google.com/maps/place/15+%C4%90.+Nguy%C3%AA%CC%83n+Du,+Ph%C6%B0%E1%BB%9Dng+1,+G%C3%B2+V%E1%BA%A5p,+Th%C3%A0nh+ph%E1%BB%91+H%E1%BB%93+Ch%C3%AD+Minh,+Vietnam/@10.827534,106.6836321,17z/data=!3m1!4b1!4m6!3m5!1s0x317528fa24863b61:0x3e1caae21bc73bfc!8m2!3d10.8275287!4d106.686207!16s%2Fg%2F11tjw_47fd?entry=ttu&g_ep=EgoyMDI1MTAyOS4yIKXMDSoASAFQAw%3D%3D"
"181/13 Xóm Chiếu, Phường 16, Quận 4",10.7553503,106.7070591,"https://www.google.com/maps/place/181%2F13+X%C3%B3m+Chi%E1%BA%BFu,+Ph%C6%B0%E1%BB%9Dng+16,+Qu%E1%BA%ADn+4,+Th%C3%A0nh+ph%E1%BB%91+H%E1%BB%93+Ch%C3%AD+Minh,+Vietnam/@10.7553503,106.7070591,17z/data=!3m1!4b1!4m6!3m5!1s0x31752f702520db3f:0xe365209e68128453!8m2!3d10.755345!4d106.709634!16s%2Fg%2F11vkff1407?entry=ttu&g_ep=EgoyMDI1MTAyOS4yIKXMDSoASAFQAw%3D%3D"
"484 Lê Quang Định, Phường 11, Quận Bình Thạnh",10.8143182,106.6872496,"https://www.google.com/maps/place/484+L%C3%AA+Quang+%C4%90%E1%BB%8Bnh,+Ph%C6%B0%E1%BB%9Dng+11,+B%C3%ACnh+Th%E1%BA%A1nh,+Th%C3%A0nh+ph%E1%BB%91+H%E1%BB%93+Ch%C3%AD+Minh+71300,+Vietnam/@10.8143182,106.6872496,17z/data=!3m1!4b1!4m6!3m5!1s0x317528e8f5957a29:0x319bc57c66816275!8m2!3d10.8143129!4d106.6898245!16s%2Fg%2F11f2cnfbhh?entry=ttu&g_ep=EgoyMDI1MTAyOS4yIKXMDSoASAFQAw%3D%3D"
"114 Trần Đình Xu, Phường Nguyễn Cư Trinh, Quận 1",10.7621462,106.6865874,"https://www.google.com/maps/place/114+Tr%E1%BA%A7n+%C4%90%C3%ACnh+Xu,+Ph%C6%B0%E1%BB%9Dng+Nguy%E1%BB%85n+C%C6%B0+Trinh,+Qu%E1%BA%ADn+1,+Th%C3%A0nh+ph%E1%BB%91+H%E1%BB%93+Ch%C3%AD+Minh,+Vietnam/@10.7621462,106.6865874,17z/data=!3m1!4b1!4m6!3m5!1s0x31752f10b6acbeb7:0x7bdb7b4993ead749!8m2!3d10.7621409!4d106.6891623!16s%2Fg%2F11csmh675c?entry=ttu&g_ep=EgoyMDI1MTAyOS4yIKXMDSoASAFQAw%3D%3D"
"Nhà A19 - Ký túc xá Khu A Đại học Quốc Gia, Khu phố Tân Lập, Phường Đông Hòa, Thành phố Dĩ An, Tỉnh Bình Dương",10.8802497,106.7840961,"https://www.google.com/maps/search/Nh%C3%A0+A19+-+K%C3%BD+t%C3%BAc+x%C3%A1+Khu+A+%C4%90%E1%BA%A1i+h%E1%BB%8Dc+Qu%E1%BB%91c+Gia,+Khu+ph%E1%BB%91+T%C3%A2n+L%E1%BA%ADp,+Ph%C6%B0%E1%BB%9Dng+%C4%90%C3%B4ng+H%C3%B2a,+Th%C3%A0nh+ph%E1%BB%91+D%C4%A9+An,+T%E1%BB%89nh+B%C3%ACnh+D%C6%B0%C6%A1ng/@10.8802497,106.7840961,15z/data=!3m1!4b1?entry=ttu&g_ep=EgoyMDI1MTAyOS4yIKXMDSoASAFQAw%3D%3D"
"61 Hoa Sứ, Phường 7, Quận Phú Nhuận",10.7999165,106.6862577,"https://www.google.com/maps/place/61+Hoa+S%E1%BB%A9,+Ph%C6%B0%E1%BB%9Dng+7,+Ph%C3%BA+Nhu%E1%BA%ADn,+Th%C3%A0nh+ph%E1%BB%91+H%E1%BB%93+Ch%C3%AD+Minh,+Vietnam/@10.7999165,106.6862577,17z/data=!3m1!4b1!4m6!3m5!1s0x317528cfeff41883:0x175ceab0d8052a7a!8m2!3d10.7999112!4d106.6888326!16s%2Fg%2F11h89s7hwl?entry=ttu&g_ep=EgoyMDI1MTAyOS4yIKXMDSoASAFQAw%3D%3D"
"75 (Tầng 1) Nam Kỳ Khởi Nghĩa, Phường Bến Thành, Quận 1",10.7725718,106.6977,"https://www.google.com/maps/place/75+(T%E1%BA%A7ng,+Khaivan+Building,+1+Nam+K%E1%BB%B3+Kh%E1%BB%9Fi+Ngh%C4%A9a,+Ph%C6%B0%E1%BB%9Dng+B%E1%BA%BFn+Th%C3%A0nh,+Qu%E1%BA%ADn+1,+Th%C3%A0nh+ph%E1%BB%91+H%E1%BB%93+Ch%C3%AD+Minh,+Vietnam/@10.7725718,106.6977,17z/data=!3m1!4b1!4m5!3m4!1s0x31752f40ac73bf0f:0x4ae4031b17ad68be!8m2!3d10.7725665!4d106.7002749?entry=ttu&g_ep=EgoyMDI1MTAyOS4yIKXMDSoASAFQAw%3D%3D"
"15K Vũ Huy Tấn, Phường 1, Quận Bình Thạnh, Thành phố Hồ Chí Minh.",10.7957631,106.6917394,"https://www.google.com/maps/place/15K+V%C5%A9+Huy+T%E1%BA%A5n,+Ph%C6%B0%E1%BB%9Dng+1,+B%C3%ACnh+Th%E1%BA%A1nh,+Th%C3%A0nh+ph%E1%BB%91+H%E1%BB%93+Ch%C3%AD+Minh,+Vietnam/@10.7957631,106.6917394,17z/data=!3m1!4b1!4m6!3m5!1s0x317528c94c2d919b:0xda285f851124bb1d!8m2!3d10.7957578!4d106.6943143!16s%2Fg%2F11f57fckng?entry=ttu&g_ep=EgoyMDI1MTAyOS4yIKXMDSoASAFQAw%3D%3D"
"17 Đào Duy Từ, Phường 8, Quận 10, Thành phố Hồ Chí Minh.",10.7606091,106.6654954,"https://www.google.com/maps/place/17+%C4%90.+%C4%90%C3%A0o+Duy+T%E1%BB%AB,+Ph%C6%B0%E1%BB%9Dng+8,+Qu%E1%BA%ADn+10,+Th%C3%A0nh+ph%E1%BB%91+H%E1%BB%93+Ch%C3%AD+Minh,+Vietnam/@10.7606091,106.6654954,17z/data=!3m1!4b1!4m6!3m5!1s0x31752ee4fa2413cb:0xc523015a901cb81c!8m2!3d10.7606038!4d106.6680703!16s%2Fg%2F11fsjx00wt?entry=ttu&g_ep=EgoyMDI1MTAyOS4yIKXMDSoASAFQAw%3D%3D"
"351A Nguyễn Trọng Tuyển, Phường 1, Quận Tân Bình",10.7982804,106.6646087,"https://www.google.com/maps/place/351A+Nguy%E1%BB%85n+Tr%E1%BB%8Dng+Tuy%E1%BB%83n,+Ph%C6%B0%E1%BB%9Dng+1,+T%C3%A2n+B%C3%ACnh,+Th%C3%A0nh+ph%E1%BB%91+H%E1%BB%93+Ch%C3%AD+Minh,+Vietnam/@10.7982804,106.6646087,17z/data=!3m1!4b1!4m6!3m5!1s0x3175292e590b8493:0x9d4e28c09ce8757a!8m2!3d10.7982751!4d106.6671836!16s%2Fg%2F11sbp0z41p?entry=ttu&g_ep=EgoyMDI1MTAyOS4yIKXMDSoASAFQAw%3D%3D"
"56 Vườn Lài, Phường Tân Thành, Quận Tân Phú",10.7878571,106.6309911,"https://www.google.com/maps/place/56+%C4%90.+V%C6%B0%E1%BB%9Dn+L%C3%A0i,+T%C3%A2n+Th%C3%A0nh,+T%C3%A2n+Ph%C3%BA,+Th%C3%A0nh+ph%E1%BB%91+H%E1%BB%93+Ch%C3%AD+Minh,+Vietnam/@10.7878571,106.6309911,17z/data=!3m1!4b1!4m6!3m5!1s0x31752eabe7858d9b:0x6ea3b89a165e1540!8m2!3d10.7878518!4d106.633566!16s%2Fg%2F11c5ng_v_l?entry=ttu&g_ep=EgoyMDI1MTAyOS4yIKXMDSoASAFQAw%3D%3D"
"33 Thăng Long, Phường 4, Quận Tân Bình",10.8023021,106.6578496,"https://www.google.com/maps/place/33+Th%C4%83ng+Long,+Ph%C6%B0%E1%BB%9Dng+4,+T%C3%A2n+B%C3%ACnh,+Th%C3%A0nh+ph%E1%BB%91+H%E1%BB%93+Ch%C3%AD+Minh,+Vietnam/@10.8023021,106.6578496,17z/data=!3m1!4b1!4m6!3m5!1s0x3175293a75de786f:0x299058c5bd8e63ce!8m2!3d10.8022968!4d106.6604245!16s%2Fg%2F11h89rr9s3?entry=ttu&g_ep=EgoyMDI1MTAyOS4yIKXMDSoASAFQAw%3D%3D"
"106 Nguyễn Gia Trí, Phường 25, Quận Bình Thạnh",10.8043926,106.7134517,"https://www.google.com/maps/place/106+Nguy%E1%BB%85n+Gia+Tr%C3%AD,+Ph%C6%B0%E1%BB%9Dng+25,+B%C3%ACnh+Th%E1%BA%A1nh,+Th%C3%A0nh+ph%E1%BB%91+H%E1%BB%93+Ch%C3%AD+Minh,+Vietnam/@10.8043926,106.7134517,17z/data=!3m1!4b1!4m6!3m5!1s0x317529a69a872e17:0x54a4b7c152404875!8m2!3d10.8043873!4d106.7160266!16s%2Fg%2F11s55t93y9?entry=ttu&g_ep=EgoyMDI1MTAyOS4yIKXMDSoASAFQAw%3D%3D"
"79 Trần Khắc Chân, Phường Tân Định, Quận 1",10.7944582,106.6882824,"https://www.google.com/maps/place/79+Tr%E1%BA%A7n+Kh%E1%BA%AFc+Ch%C3%A2n,+Ph%C6%B0%E1%BB%9Dng+T%C3%A2n+%C4%90%E1%BB%8Bnh,+Qu%E1%BA%ADn+1,+Th%C3%A0nh+ph%E1%BB%91+H%E1%BB%93+Ch%C3%AD+Minh,+Vietnam/@10.7944582,106.6882824,17z/data=!3m1!4b1!4m6!3m5!1s0x317528cdd287239f:0xfb4831e46c730140!8m2!3d10.7944529!4d106.6908573!16s%2Fg%2F11rkg8bgn2?entry=ttu&g_ep=EgoyMDI1MTAyOS4yIKXMDSoASAFQAw%3D%3D"
"204 Phạm Văn Hai, Phường 5, Quận Tân Bình",10.7912597,106.659236,"https://www.google.com/maps/place/204+Ph%E1%BA%A1m+V%C4%83n+Hai,+Ph%C6%B0%E1%BB%9Dng+5,+T%C3%A2n+B%C3%ACnh,+Th%C3%A0nh+ph%E1%BB%91+H%E1%BB%93+Ch%C3%AD+Minh,+Vietnam/@10.7912597,106.659236,17z/data=!3m1!4b1!4m6!3m5!1s0x31752ecd2b349215:0x18fc2bea793d1715!8m2!3d10.7912544!4d106.6618109!16s%2Fg%2F11pvcvdprf?entry=ttu&g_ep=EgoyMDI1MTAyOS4yIKXMDSoASAFQAw%3D%3D"
"207 Nguyễn Biểu, Phường 2, Quận 5",10.7572262,106.6805621,"https://www.google.com/maps/place/207+%C4%90.+Nguy%E1%BB%85n+Bi%E1%BB%83u,+Ph%C6%B0%E1%BB%9Dng+2,+Qu%E1%BA%ADn+5,+Th%C3%A0nh+ph%E1%BB%91+H%E1%BB%93+Ch%C3%AD+Minh,+Vietnam/@10.7572262,106.6805621,17z/data=!3m1!4b1!4m6!3m5!1s0x31752f04b3aeb9bf:0x8b6c50ea39984e36!8m2!3d10.7572209!4d106.683137!16s%2Fg%2F11nnt8xfv5?entry=ttu&g_ep=EgoyMDI1MTAyOS4yIKXMDSoASAFQAw%3D%3D"
"88-88A-90-92 Trương Công Định, Phường 14, Quận Tân Bình Số điện thoại:",10.7965803,106.6383951,"https://www.google.com/maps/search/88-88A-90-92+Tr%C6%B0%C6%A1ng+C%C3%B4ng+%C4%90%E1%BB%8Bnh,+Ph%C6%B0%E1%BB%9Dng+14,+Qu%E1%BA%ADn+T%C3%A2n+B%C3%ACnh+S%E1%BB%91+%C4%91i%E1%BB%87n+tho%E1%BA%A1i:/@10.7965803,106.6383951,17z/data=!3m1!4b1?entry=ttu&g_ep=EgoyMDI1MTAyOS4yIKXMDSoASAFQAw%3D%3D"
"B22 Bạch Đằng, Phường 2, Quận Tân Bình Số điện thoại:",10.815134,106.6657809,"https://www.google.com/maps/search/B22+B%E1%BA%A1ch+%C4%90%E1%BA%B1ng,+Ph%C6%B0%E1%BB%9Dng+2,+Qu%E1%BA%ADn+T%C3%A2n+B%C3%ACnh+S%E1%BB%91+%C4%91i%E1%BB%87n+tho%E1%BA%A1i:/@10.815134,106.6657809,17z/data=!3m1!4b1?entry=ttu&g_ep=EgoyMDI1MTAyOS4yIKXMDSoASAFQAw%3D%3D"
"69 Ngô Tất Tố, Phường 19, Quận Bình Thạnh, Thành phố Hồ Chí Minh. Số điện thoại:",10.793125,106.7092055,"https://www.google.com/maps/search/69+Ng%C3%B4+T%E1%BA%A5t+T%E1%BB%91,+Ph%C6%B0%E1%BB%9Dng+19,+Qu%E1%BA%ADn+B%C3%ACnh+Th%E1%BA%A1nh,+Th%C3%A0nh+ph%E1%BB%91+H%E1%BB%93+Ch%C3%AD+Minh.+S%E1%BB%91+%C4%91i%E1%BB%87n+tho%E1%BA%A1i:/@10.793125,106.7092055,17z/data=!3m1!4b1?entry=ttu&g_ep=EgoyMDI1MTAyOS4yIKXMDSoASAFQAw%3D%3D"
"45 Hậu Giang, Phường 4, Quận Tân Bình Số điện thoại:",10.8077649,106.6604409,"https://www.google.com/maps/search/45+H%E1%BA%ADu+Giang,+Ph%C6%B0%E1%BB%9Dng+4,+Qu%E1%BA%ADn+T%C3%A2n+B%C3%ACnh+S%E1%BB%91+%C4%91i%E1%BB%87n+tho%E1%BA%A1i:/@10.8077649,106.6604409,17z/data=!3m1!4b1?entry=ttu&g_ep=EgoyMDI1MTAyOS4yIKXMDSoASAFQAw%3D%3D"
"37-39 Phạm Viết Chánh, Phường 19, Quận Bình Thạnh Số điện thoại:",10.7903744,106.7069333,"https://www.google.com/maps/place/MINISTOP/@10.7903744,106.7069333,17z/data=!3m1!4b1!4m6!3m5!1s0x317528b2e8bc9441:0x2c40b6357726853b!8m2!3d10.7903691!4d106.7095082!16s%2Fg%2F11g6lzff40?entry=ttu&g_ep=EgoyMDI1MTAyOS4yIKXMDSoASAFQAw%3D%3D"
"475A Điện Biên Phủ, Phường 25, Quận Bình Thạnh Số điện thoại:",10.8016238,106.7119312,"https://www.google.com/maps/search/475A+%C4%90i%E1%BB%87n+Bi%C3%AAn+Ph%E1%BB%A7,+Ph%C6%B0%E1%BB%9Dng+25,+Qu%E1%BA%ADn+B%C3%ACnh+Th%E1%BA%A1nh+S%E1%BB%91+%C4%91i%E1%BB%87n+tho%E1%BA%A1i:/@10.8016238,106.7119312,17z/data=!3m1!4b1?entry=ttu&g_ep=EgoyMDI1MTAyOS4yIKXMDSoASAFQAw%3D%3D"
"10A Hoàng Hoa Thám, Phường 7, Quận Bình Thạnh Số điện thoại:",10.8047125,106.6892876,"https://www.google.com/maps/place/MINISTOP/@10.8047125,106.6892876,17z/data=!3m1!4b1!4m6!3m5!1s0x317528c467f81b55:0xa0c0e32a7fb95e48!8m2!3d10.8047072!4d106.6918625!16s%2Fg%2F11btrs3q_0?entry=ttu&g_ep=EgoyMDI1MTAyOS4yIKXMDSoASAFQAw%3D%3D"
"101 Hòa Hưng, Phường 12, Quận 10 Số điện thoại:",10.7789447,106.6714275,"https://www.google.com/maps/place/MINISTOP/@10.7789447,106.6714275,17z/data=!3m1!4b1!4m6!3m5!1s0x31752ed831ca4493:0xce862cc97fa883ee!8m2!3d10.7789394!4d106.6740024!16s%2Fg%2F1pwfbcylk?entry=ttu&g_ep=EgoyMDI1MTAyOS4yIKXMDSoASAFQAw%3D%3D"
"129 - 131 Đường số 3, Cư Xá Đô Thành, Phường 4, Quận 3 Số điện thoại:",10.7721552,106.6784504,"https://www.google.com/maps/place/MINISTOP+-+C%C6%B0+x%C3%A1+%C4%90%C3%B4+Th%C3%A0nh/@10.7721552,106.6784504,17z/data=!3m1!4b1!4m6!3m5!1s0x31752f216c08e221:0xf8f5818f6e0c5d2d!8m2!3d10.7721499!4d106.6810253!16s%2Fg%2F11b6x9_srz?entry=ttu&g_ep=EgoyMDI1MTAyOS4yIKXMDSoASAFQAw%3D%3D"
"245 Nguyễn Thượng Hiền, Phường 5, Quận Bình Thạnh, Thành phố Hồ Chí Minh. Số điện thoại:",10.8058554,106.6833246,"https://www.google.com/maps/place/MINISTOP/@10.8058554,106.6833246,17z/data=!3m1!4b1!4m6!3m5!1s0x317528db7ad95891:0xc488a7759540df44!8m2!3d10.8058501!4d106.6858995!16s%2Fg%2F11btrs8q7d?entry=ttu&g_ep=EgoyMDI1MTAyOS4yIKXMDSoASAFQAw%3D%3D"
"02 Trần Doãn Khanh, Phường Đa Kao, Quận 1 Số điện thoại:",10.7913132,106.6883775,"https://www.google.com/maps/search/02+Tr%E1%BA%A7n+Do%C3%A3n+Khanh,+Ph%C6%B0%E1%BB%9Dng+%C4%90a+Kao,+Qu%E1%BA%ADn+1+S%E1%BB%91+%C4%91i%E1%BB%87n+tho%E1%BA%A1i:/@10.7913132,106.6883775,16z/data=!3m1!4b1?entry=ttu&g_ep=EgoyMDI1MTAyOS4yIKXMDSoASAFQAw%3D%3D"
"165 Bạch Đằng, Phường 2, Quận Tân Bình",10.8159748,106.6723388,"https://www.google.com/maps/search/165+B%E1%BA%A1ch+%C4%90%E1%BA%B1ng,+Ph%C6%B0%E1%BB%9Dng+2,+Qu%E1%BA%ADn+T%C3%A2n+B%C3%ACnh/@10.8159748,106.6723388,18z/data=!3m1!4b1?entry=ttu&g_ep=EgoyMDI1MTAyOS4yIKXMDSoASAFQAw%3D%3D"
"191 - 193 Nguyễn Hồng Đào, Phường 14, Quận Tân Bình",10.7930084,106.6395866,"https://www.google.com/maps/place/191+%C4%90.+Nguy%E1%BB%85n+H%E1%BB%93ng+%C4%90%C3%A0o,+Ph%C6%B0%E1%BB%9Dng+14,+T%C3%A2n+B%C3%ACnh,+Th%C3%A0nh+ph%E1%BB%91+H%E1%BB%93+Ch%C3%AD+Minh,+Vietnam/@10.7930084,106.6395866,17z/data=!3m1!4b1!4m6!3m5!1s0x3175294d489ca995:0x8f5246280a439ccb!8m2!3d10.7930031!4d106.6421615!16s%2Fg%2F11q2nmmy7j?entry=ttu&g_ep=EgoyMDI1MTAyOS4yIKXMDSoASAFQAw%3D%3D"
"77 Trần Thiện Chánh, Phường 12, Quận 10",10.7714805,106.6679711,"https://www.google.com/maps/place/77+Tr%E1%BA%A7n+Thi%E1%BB%87n+Ch%C3%A1nh,+Ph%C6%B0%E1%BB%9Dng+12,+Qu%E1%BA%ADn+10,+Th%C3%A0nh+ph%E1%BB%91+H%E1%BB%93+Ch%C3%AD+Minh,+Vietnam/@10.7714805,106.6679711,17z/data=!3m1!4b1!4m6!3m5!1s0x31752ede7e66e3ed:0xd12f4fdbe8b12c4c!8m2!3d10.7714752!4d106.670546!16s%2Fg%2F11c2939j4m?entry=ttu&g_ep=EgoyMDI1MTAyOS4yIKXMDSoASAFQAw%3D%3D"
"25A Lam Sơn, Phường 2, Quận Tân Bình",10.8098935,106.6641739,"https://www.google.com/maps/place/25A+%C4%90.+Lam+S%C6%A1n,+Ph%C6%B0%E1%BB%9Dng+2,+T%C3%A2n+B%C3%ACnh,+Th%C3%A0nh+ph%E1%BB%91+H%E1%BB%93+Ch%C3%AD+Minh+700000,+Vietnam/@10.8098935,106.6641739,17z/data=!3m1!4b1!4m6!3m5!1s0x3175292302d29325:0xb73f3320c8d99b5!8m2!3d10.8098882!4d106.6667488!16s%2Fg%2F11v100ckff?entry=ttu&g_ep=EgoyMDI1MTAyOS4yIKXMDSoASAFQAw%3D%3D"
