address,extracted_address,latitude,longitude,url,cleaned_url,url_type
Ministop -  Trương Vĩnh Ký,"212 Trương Vĩnh Ký, Tân Sơn Nhì, Tân Phú, Thành phố Hồ Chí Minh, Vietnam",10.7943579,106.6308498,"https://www.google.com/maps/place/MINISTOP%2BTr%C6%B0%C6%A1ng%2BV%C4%A9nh%2BK%C3%BD/@10.7943579,106.6308498,17z/data=!3m1!4b1!4m6!3m5!1s0x317529000c47913d:0xcea0eca8bf9ddacd!8m2!3d10.7943579!4d106.6308498!16s/g/11y0dy1gr9","https://www.google.com/maps/place/MINISTOP%2BTr%C6%B0%C6%A1ng%2BV%C4%A9nh%2BK%C3%BD/@10.7943579,106.6308498,17z/data=!3m1!4b1!4m6!3m5!1s0x317529000c47913d:0xcea0eca8bf9ddacd!8m2!3d10.7943579!4d106.6308498!16s/g/11y0dy1gr9",search+selected_place
Ministop -  Nguyễn Trãi 2,"927 Nguyễn Trãi, Phường 14, Quận 5, Thành phố Hồ Chí Minh, Vietnam",10.7527876,106.6553383,"https://www.google.com/maps/place/MINISTOP/@10.7527876,106.6553383,17z/data=!3m1!4b1!4m6!3m5!1s0x31752faee0d81739:0x2c8c6fd591cf5121!8m2!3d10.7527876!4d106.6553383!16s/g/11fnw0sqgz","https://www.google.com/maps/place/MINISTOP/@10.7527876,106.6553383,17z/data=!3m1!4b1!4m6!3m5!1s0x31752faee0d81739:0x2c8c6fd591cf5121!8m2!3d10.7527876!4d106.6553383!16s/g/11fnw0sqgz",search+selected_place
Ministop -  Lê Văn Sỹ 2,"407B Đ. Lê Văn Sỹ, Phường 12, Quận 3, Thành phố Hồ Chí Minh, Vietnam",10.7887404,106.6759977,"https://www.google.com/maps/place/MINISTOP%2B-%2BS269%2B-%2BL%C3%AA%2BV%C4%83n%2BS%E1%BB%B9%2B2/@10.7887404,106.6759977,17z/data=!3m1!4b1!4m6!3m5!1s0x31752f0011390e65:0x92279e08846e38fe!8m2!3d10.7887404!4d106.6759977!16s/g/11yhs09b58","https://www.google.com/maps/place/MINISTOP%2B-%2BS269%2B-%2BL%C3%AA%2BV%C4%83n%2BS%E1%BB%B9%2B2/@10.7887404,106.6759977,17z/data=!3m1!4b1!4m6!3m5!1s0x31752f0011390e65:0x92279e08846e38fe!8m2!3d10.7887404!4d106.6759977!16s/g/11yhs09b58",search+selected_place
Ministop -  Scenic Valley 2,"2 Đ. Quán Âm Bồ Tát, Tân Phú, Quận 7, Thành phố Hồ Chí Minh, Vietnam",10.7313368,106.7172979,"https://www.google.com/maps/place/MINISTOP%2BS268%2B-%2BSCENIC%2BVALLEY%2B2/@10.7313368,106.7172979,17z/data=!3m1!4b1!4m6!3m5!1s0x31752f0051cd8381:0x85abd69c5c6fa519!8m2!3d10.7313368!4d106.7172979!16s/g/11xz0js1mz","https://www.google.com/maps/place/MINISTOP%2BS268%2B-%2BSCENIC%2BVALLEY%2B2/@10.7313368,106.7172979,17z/data=!3m1!4b1!4m6!3m5!1s0x31752f0051cd8381:0x85abd69c5c6fa519!8m2!3d10.7313368!4d106.7172979!16s/g/11xz0js1mz",search+selected_place
Ministop -  Nơ Trang Long,"24 Nơ Trang Long, Phường 14, Bình Thạnh, Thành phố Hồ Chí Minh, Vietnam",10.8047368,106.6951393,"https://www.google.com/maps/place/S267%2BMinistop/@10.8047368,106.6951393,17z/data=!3m1!4b1!4m6!3m5!1s0x317529004adb0c1f:0xa9619d04899e2cb0!8m2!3d10.8047368!4d106.6951393!16s/g/11zhzcwjt6","https://www.google.com/maps/place/S267%2BMinistop/@10.8047368,106.6951393,17z/data=!3m1!4b1!4m6!3m5!1s0x317529004adb0c1f:0xa9619d04899e2cb0!8m2!3d10.8047368!4d106.6951393!16s/g/11zhzcwjt6",search+selected_place
Ministop -  Trần Quốc Hoàn,"117 Đ. Trần Quốc Hoàn, Phường 4, Tân Bình, Thành phố Hồ Chí Minh, Vietnam",10.8058828,106.6642476,"https://www.google.com/maps/place/MINISTOP%2B-%2BTR%E1%BA%A6N%2BQU%E1%BB%90C%2BHO%C3%80N/@10.8058828,106.6642476,17z/data=!3m1!4b1!4m6!3m5!1s0x317529002bc94a43:0x69381db8ded344c4!8m2!3d10.8058828!4d106.6642476!16s/g/11xncrd93n","https://www.google.com/maps/place/MINISTOP%2B-%2BTR%E1%BA%A6N%2BQU%E1%BB%90C%2BHO%C3%80N/@10.8058828,106.6642476,17z/data=!3m1!4b1!4m6!3m5!1s0x317529002bc94a43:0x69381db8ded344c4!8m2!3d10.8058828!4d106.6642476!16s/g/11xncrd93n",search+selected_place
Ministop -  Võ Oanh,"106 Nguyễn Gia Trí, Phường 25, Bình Thạnh, Thành phố Hồ Chí Minh, Vietnam",10.8043873,106.7160266,"https://www.google.com/maps/place/Ministop%2BVo%2BOanh/@10.8043873,106.7160266,17z/data=!3m1!4b1!4m6!3m5!1s0x317529acfbdb1863:0xa9a8653f253d6af6!8m2!3d10.8043873!4d106.7160266!16s/g/11t7dw7kc9","https://www.google.com/maps/place/Ministop%2BVo%2BOanh/@10.8043873,106.7160266,17z/data=!3m1!4b1!4m6!3m5!1s0x317529acfbdb1863:0xa9a8653f253d6af6!8m2!3d10.8043873!4d106.7160266!16s/g/11t7dw7kc9",search+selected_place
Ministop -  Tô Vĩnh Diện,"3A Tô Vĩnh Diện, Linh Chiểu, Thủ Đức, Thành phố Hồ Chí Minh, Vietnam",10.8523923,106.7667698,"https://www.google.com/maps/place/MINISTOP%2BS264%2B-%2BT%C3%94%2BV%C4%A8NH%2BDI%E1%BB%86N/@10.8523923,106.7667698,17z/data=!3m1!4b1!4m6!3m5!1s0x3175270067c951e1:0x7c0e13de2d04a91!8m2!3d10.8523923!4d106.7667698!16s/g/11xlpl0qd_","https://www.google.com/maps/place/MINISTOP%2BS264%2B-%2BT%C3%94%2BV%C4%A8NH%2BDI%E1%BB%86N/@10.8523923,106.7667698,17z/data=!3m1!4b1!4m6!3m5!1s0x3175270067c951e1:0x7c0e13de2d04a91!8m2!3d10.8523923!4d106.7667698!16s/g/11xlpl0qd_",search+selected_place
Ministop -  Hoàng Việt 3,"22 Hoàng Việt, Phường 4, Tân Bình, Thành phố Hồ Chí Minh, Vietnam",10.7953043,106.6590358,"https://www.google.com/maps/place/Ministop%2B-%2BS263%2B-%2BHo%C3%A0ng%2BVi%E1%BB%87t/@10.7953043,106.6590358,17z/data=!3m1!4b1!4m6!3m5!1s0x317529007611b5d1:0x528700dbb7bb77e7!8m2!3d10.7953043!4d106.6590358!16s/g/11y7jz_j_q","https://www.google.com/maps/place/Ministop%2B-%2BS263%2B-%2BHo%C3%A0ng%2BVi%E1%BB%87t/@10.7953043,106.6590358,17z/data=!3m1!4b1!4m6!3m5!1s0x317529007611b5d1:0x528700dbb7bb77e7!8m2!3d10.7953043!4d106.6590358!16s/g/11y7jz_j_q",search+selected_place
Ministop -  Đường số 20,"29 Đ. Số 20, Hiệp Bình Chánh, Thủ Đức, Thành phố Hồ Chí Minh, Vietnam",10.8277355,106.7228442,"https://www.google.com/maps/place/CHTL%2B-%2BMINISTOP%2B-%2B261%2B-%2B%C4%90%C6%B0%E1%BB%9Dng%2Bs%E1%BB%91%2B20/@10.8277355,106.7228442,17z/data=!3m1!4b1!4m6!3m5!1s0x317529004175dbe3:0xe58865645e8ed5a0!8m2!3d10.8277355!4d106.7228442!16s/g/11wc4j87ry","https://www.google.com/maps/place/CHTL%2B-%2BMINISTOP%2B-%2B261%2B-%2B%C4%90%C6%B0%E1%BB%9Dng%2Bs%E1%BB%91%2B20/@10.8277355,106.7228442,17z/data=!3m1!4b1!4m6!3m5!1s0x317529004175dbe3:0xe58865645e8ed5a0!8m2!3d10.8277355!4d106.7228442!16s/g/11wc4j87ry",search+selected_place
Ministop -  Đường số 1,"107 Đ. Số 1, Phường Thông Tây Hội, Gò Vấp, Thành phố Hồ Chí Minh, Vietnam",10.8458136,106.6613865,"https://www.google.com/maps/place/Ministop%2B%C4%91%C6%B0%E1%BB%9Dng%2Bs%E1%BB%91%2B1/@10.8458136,106.6613865,17z/data=!3m1!4b1!4m6!3m5!1s0x3175290025ddc723:0x838d0d38b6e3fb57!8m2!3d10.8458136!4d106.6613865!16s/g/11wq97szbh","https://www.google.com/maps/place/Ministop%2B%C4%91%C6%B0%E1%BB%9Dng%2Bs%E1%BB%91%2B1/@10.8458136,106.6613865,17z/data=!3m1!4b1!4m6!3m5!1s0x3175290025ddc723:0x838d0d38b6e3fb57!8m2!3d10.8458136!4d106.6613865!16s/g/11wq97szbh",search+selected_place
Ministop -  Lý Chính Thắng,"228 Lý Chính Thắng, Phường 9, Quận 3, Thành phố Hồ Chí Minh, Vietnam",10.7789479,106.6818124,"https://www.google.com/maps/place/CHTL%2BMinistop%2B-%2BS260%2B-%2BL%C3%BD%2BCh%C3%ADnh%2BTh%E1%BA%AFng/@10.7789479,106.6818124,17z/data=!3m1!4b1!4m6!3m5!1s0x31752f006ffb8135:0xcd8bf4d969c7c31f!8m2!3d10.7789479!4d106.6818124!16s/g/11w4cb_56h","https://www.google.com/maps/place/CHTL%2BMinistop%2B-%2BS260%2B-%2BL%C3%BD%2BCh%C3%ADnh%2BTh%E1%BA%AFng/@10.7789479,106.6818124,17z/data=!3m1!4b1!4m6!3m5!1s0x31752f006ffb8135:0xcd8bf4d969c7c31f!8m2!3d10.7789479!4d106.6818124!16s/g/11w4cb_56h",search+selected_place
Ministop -  Cư xá Phú Lâm,"48 Lô C Lý Chiêu Hoàng, Phường 10, Quận 6, Thành phố Hồ Chí Minh, Vietnam",10.7377209,106.6298096,"https://www.google.com/maps/place/CHTL%2B-%2BMINISTOP%2B-%2B259%2B-%2BC%C6%B0%2Bx%C3%A1%2BPh%C3%BA%2BL%C3%A2m%2BD/@10.7377209,106.6298096,17z/data=!3m1!4b1!4m6!3m5!1s0x31752f0067a8de63:0x712161c761860643!8m2!3d10.7377209!4d106.6298096!16s/g/11wc9lm7rc","https://www.google.com/maps/place/CHTL%2B-%2BMINISTOP%2B-%2B259%2B-%2BC%C6%B0%2Bx%C3%A1%2BPh%C3%BA%2BL%C3%A2m%2BD/@10.7377209,106.6298096,17z/data=!3m1!4b1!4m6!3m5!1s0x31752f0067a8de63:0x712161c761860643!8m2!3d10.7377209!4d106.6298096!16s/g/11wc9lm7rc",search+selected_place
Ministop -  Lê Minh Xuân,"102 Lê Minh Xuân, Phường 7, Tân Bình, Thành phố Hồ Chí Minh, Vietnam",10.7870851,106.6540672,"https://www.google.com/maps/place/MINISTOP%2B-%2BL%C3%AA%2BMinh%2BXu%C3%A2n/@10.7870851,106.6540672,17z/data=!3m1!4b1!4m6!3m5!1s0x31752f0078501f95:0x83a3d5ad6fab7638!8m2!3d10.7870851!4d106.6540672!16s/g/11w3vbqzf9","https://www.google.com/maps/place/MINISTOP%2B-%2BL%C3%AA%2BMinh%2BXu%C3%A2n/@10.7870851,106.6540672,17z/data=!3m1!4b1!4m6!3m5!1s0x31752f0078501f95:0x83a3d5ad6fab7638!8m2!3d10.7870851!4d106.6540672!16s/g/11w3vbqzf9",search+selected_place
Ministop -  Đường số 29,"102 Đường Số 29, Bình Trị Đông B, Bình Tân, Thành phố Hồ Chí Minh, Vietnam",10.7568145,106.611728,"https://www.google.com/maps/place/CHTL%2B-%2BMINISTOP%2B-%2BS257%2B-%2B%C4%90%C6%B0%E1%BB%9Dng%2Bs%E1%BB%91%2B29/@10.7568145,106.611728,17z/data=!3m1!4b1!4m6!3m5!1s0x31752d0009d9f3f5:0x7d10875e351a63b3!8m2!3d10.7568145!4d106.611728!16s/g/11y6b46zks","https://www.google.com/maps/place/CHTL%2B-%2BMINISTOP%2B-%2BS257%2B-%2B%C4%90%C6%B0%E1%BB%9Dng%2Bs%E1%BB%91%2B29/@10.7568145,106.611728,17z/data=!3m1!4b1!4m6!3m5!1s0x31752d0009d9f3f5:0x7d10875e351a63b3!8m2!3d10.7568145!4d106.611728!16s/g/11y6b46zks",search+selected_place
Ministop -  Tân Sơn Nhì 3,"293 Đ. Tân Kỳ Tân Quý, Tân Sơn Nhì, Tân Phú, Thành phố Hồ Chí Minh, Vietnam",10.8021666,106.6265805,"https://www.google.com/maps/place/MINISTOP%2B-%2BT%C3%82N%2BK%E1%BB%B2%2BT%C3%82N%2BQU%C3%9D/@10.8021666,106.6265805,17z/data=!3m1!4b1!4m6!3m5!1s0x31752b4ff1f46ee3:0x5e8717e2631358fa!8m2!3d10.8021666!4d106.6265805!16s/g/11pf681q26","https://www.google.com/maps/place/MINISTOP%2B-%2BT%C3%82N%2BK%E1%BB%B2%2BT%C3%82N%2BQU%C3%9D/@10.8021666,106.6265805,17z/data=!3m1!4b1!4m6!3m5!1s0x31752b4ff1f46ee3:0x5e8717e2631358fa!8m2!3d10.8021666!4d106.6265805!16s/g/11pf681q26",search+selected_place
Ministop -  Tân Kỳ Tân Quý 3,"293 Đ. Tân Kỳ Tân Quý, Tân Sơn Nhì, Tân Phú, Thành phố Hồ Chí Minh, Vietnam",10.8021666,106.6265805,"https://www.google.com/maps/place/MINISTOP%2B-%2BT%C3%82N%2BK%E1%BB%B2%2BT%C3%82N%2BQU%C3%9D/@10.8021666,106.6265805,17z/data=!3m1!4b1!4m6!3m5!1s0x31752b4ff1f46ee3:0x5e8717e2631358fa!8m2!3d10.8021666!4d106.6265805!16s/g/11pf681q26","https://www.google.com/maps/place/MINISTOP%2B-%2BT%C3%82N%2BK%E1%BB%B2%2BT%C3%82N%2BQU%C3%9D/@10.8021666,106.6265805,17z/data=!3m1!4b1!4m6!3m5!1s0x31752b4ff1f46ee3:0x5e8717e2631358fa!8m2!3d10.8021666!4d106.6265805!16s/g/11pf681q26",search+selected_place
Ministop -  Alnata Plus – Celadon City,"S2.0.02 Đ. Tân Thạnh, Sơn Kỳ, Tân Phú, Thành phố Hồ Chí Minh 70000, Vietnam",10.8039193,106.6167408,"https://www.google.com/maps/place/CHTL%2B-%2BMINISTOP%2B-%2BS254%2B-%2BCeladon%2BCity/@10.8039193,106.6167408,17z/data=!3m1!4b1!4m6!3m5!1s0x31752b005445caf1:0xb75d59c613fde84!8m2!3d10.8039193!4d106.6167408!16s/g/11w3lspy4c","https://www.google.com/maps/place/CHTL%2B-%2BMINISTOP%2B-%2BS254%2B-%2BCeladon%2BCity/@10.8039193,106.6167408,17z/data=!3m1!4b1!4m6!3m5!1s0x31752b005445caf1:0xb75d59c613fde84!8m2!3d10.8039193!4d106.6167408!16s/g/11w3lspy4c",search+selected_place
Ministop -  Đường 154,"223 Đ. 154, Khu Phố 3, Thủ Đức, Thành phố Hồ Chí Minh, Vietnam",10.8648481,106.8108131,"https://www.google.com/maps/place/Ministop%2BTopaz%2BHome%2B2/@10.8648481,106.8108131,17z/data=!3m1!4b1!4m6!3m5!1s0x3175270004299aa7:0x6027059844f6f3b1!8m2!3d10.8648481!4d106.8108131!16s/g/11w3bv9qcq","https://www.google.com/maps/place/Ministop%2BTopaz%2BHome%2B2/@10.8648481,106.8108131,17z/data=!3m1!4b1!4m6!3m5!1s0x3175270004299aa7:0x6027059844f6f3b1!8m2!3d10.8648481!4d106.8108131!16s/g/11w3bv9qcq",search+selected_place
Ministop -  Tô Hiến Thành,"163 Đ. Tô Hiến Thành, Phường 13, Quận 10, Thành phố Hồ Chí Minh, Vietnam",10.7805285,106.6691317,"https://www.google.com/maps/place/Ministop/@10.7805285,106.6691317,17z/data=!3m1!4b1!4m6!3m5!1s0x31752f0058cc8acd:0xe2388717e1b34937!8m2!3d10.7805285!4d106.6691317!16s/g/11vzgg48fb","https://www.google.com/maps/place/Ministop/@10.7805285,106.6691317,17z/data=!3m1!4b1!4m6!3m5!1s0x31752f0058cc8acd:0xe2388717e1b34937!8m2!3d10.7805285!4d106.6691317!16s/g/11vzgg48fb",search+selected_place
Ministop -  Westgate,"MHRP+3G Chung cư Westgate, TT. Tân Túc, Bình Chánh, Thành phố Hồ Chí Minh, Vietnam",10.6902398,106.5862555,"https://www.google.com/maps/place/Ministop%2B-%2BWestgate/@10.6902398,106.5862555,17z/data=!3m1!4b1!4m6!3m5!1s0x317533000fa7efe7:0x6c66ad9c7427587c!8m2!3d10.6902398!4d106.5862555!16s/g/11y43xgh7w","https://www.google.com/maps/place/Ministop%2B-%2BWestgate/@10.6902398,106.5862555,17z/data=!3m1!4b1!4m6!3m5!1s0x317533000fa7efe7:0x6c66ad9c7427587c!8m2!3d10.6902398!4d106.5862555!16s/g/11y43xgh7w",search+selected_place
Ministop -  Chương Dương 2,"24A Chương Dương, Linh Chiểu, Thủ Đức, Thành phố Hồ Chí Minh, Vietnam",10.8518964,106.7600827,"https://www.google.com/maps/place/CHTL%2B-%2BMINISTOP%2B-%2BS249%2B-%2BCh%C6%B0%C6%A1ng%2BD%C6%B0%C6%A1ng/@10.8518964,106.7600827,17z/data=!3m1!4b1!4m6!3m5!1s0x317527003eb8b265:0xb66c1c8a40cc9da4!8m2!3d10.8518964!4d106.7600827!16s/g/11w91xtj68","https://www.google.com/maps/place/CHTL%2B-%2BMINISTOP%2B-%2BS249%2B-%2BCh%C6%B0%C6%A1ng%2BD%C6%B0%C6%A1ng/@10.8518964,106.7600827,17z/data=!3m1!4b1!4m6!3m5!1s0x317527003eb8b265:0xb66c1c8a40cc9da4!8m2!3d10.8518964!4d106.7600827!16s/g/11w91xtj68",search+selected_place
Ministop -  UOA Tower,"6 Tân Trào, Tân Phú, Quận 7, Thành phố Hồ Chí Minh, Vietnam",10.7301206,106.7246932,"https://www.google.com/maps/place/Ministop%2B-%2BUOA%2BTower/@10.7301206,106.7246932,17z/data=!3m1!4b1!4m6!3m5!1s0x31752500042a5461:0xebe8bf52a1f4bea1!8m2!3d10.7301206!4d106.7246932!16s/g/11y3vq_2r4","https://www.google.com/maps/place/Ministop%2B-%2BUOA%2BTower/@10.7301206,106.7246932,17z/data=!3m1!4b1!4m6!3m5!1s0x31752500042a5461:0xebe8bf52a1f4bea1!8m2!3d10.7301206!4d106.7246932!16s/g/11y3vq_2r4",search+selected_place
Ministop -  Mạc Đĩnh Chi 2,"65BIS Mạc Đĩnh Chi, Đa Kao, Quận 1, Thành phố Hồ Chí Minh, Vietnam",10.7879076,106.6958575,"https://www.google.com/maps/place/Ministop%2B-%2B65bis%2BM%E1%BA%A1c%2B%C4%90%C4%A9nh%2BChi/@10.7879076,106.6958575,17z/data=!3m1!4b1!4m6!3m5!1s0x31752f002457f085:0x951193ca4b0a3823!8m2!3d10.7879076!4d106.6958575!16s/g/11vwrlsk_d","https://www.google.com/maps/place/Ministop%2B-%2B65bis%2BM%E1%BA%A1c%2B%C4%90%C4%A9nh%2BChi/@10.7879076,106.6958575,17z/data=!3m1!4b1!4m6!3m5!1s0x31752f002457f085:0x951193ca4b0a3823!8m2!3d10.7879076!4d106.6958575!16s/g/11vwrlsk_d",search+selected_place
Ministop -  Điện Biên Phủ 2,"215 Điện Biên Phủ, Phường 2, Bình Thạnh, Thành phố Hồ Chí Minh, Vietnam",10.8004298,106.7067983,"https://www.google.com/maps/place/Ministop%2BVietnam%2Bcompany%2Blimited/@10.8004298,106.7067983,17z/data=!3m1!4b1!4m6!3m5!1s0x31752f373ef3a5b1:0x569a2a75929fd426!8m2!3d10.8004298!4d106.7067983!16s/g/11f2b70817","https://www.google.com/maps/place/Ministop%2BVietnam%2Bcompany%2Blimited/@10.8004298,106.7067983,17z/data=!3m1!4b1!4m6!3m5!1s0x31752f373ef3a5b1:0x569a2a75929fd426!8m2!3d10.8004298!4d106.7067983!16s/g/11f2b70817",search+selected_place
Ministop -  Lê Quang Định 2,"484 Lê Quang Định, Phường 11, Bình Thạnh, Thành phố Hồ Chí Minh, Vietnam",10.8142932,106.6897471,"https://www.google.com/maps/place/MINISTOP/@10.8142932,106.6897471,17z/data=!3m1!4b1!4m6!3m5!1s0x317528e85f757187:0xb16fd146e3121940!8m2!3d10.8142932!4d106.6897471!16s/g/11cs16zn7w","https://www.google.com/maps/place/MINISTOP/@10.8142932,106.6897471,17z/data=!3m1!4b1!4m6!3m5!1s0x317528e85f757187:0xb16fd146e3121940!8m2!3d10.8142932!4d106.6897471!16s/g/11cs16zn7w",search+selected_place
Ministop -  An Dương Vương,"822-824 An Dương Vương, Phường 13, Quận 6, Thành phố Hồ Chí Minh, Vietnam",10.7532575,106.6244107,"https://www.google.com/maps/place/MINISTOP%2B-%2BS243%2B-%2BAn%2BD%C6%B0%C6%A1ng%2BV%C6%B0%C6%A1ng/@10.7532575,106.6244107,17z/data=!3m1!4b1!4m6!3m5!1s0x31752d0059628c91:0x4c7b780104f45cfe!8m2!3d10.7532575!4d106.6244107!16s/g/11vx25nyg4","https://www.google.com/maps/place/MINISTOP%2B-%2BS243%2B-%2BAn%2BD%C6%B0%C6%A1ng%2BV%C6%B0%C6%A1ng/@10.7532575,106.6244107,17z/data=!3m1!4b1!4m6!3m5!1s0x31752d0059628c91:0x4c7b780104f45cfe!8m2!3d10.7532575!4d106.6244107!16s/g/11vx25nyg4",search+selected_place
Ministop -  Hòa Bình,"55 Đ. Hòa Bình, Tân Thới Hoà, Tân Phú, Thành phố Hồ Chí Minh, Vietnam",10.7697429,106.6332897,"https://www.google.com/maps/place/Ministop%2B53%2BHo%C3%A0%2BB%C3%ACnh/@10.7697429,106.6332897,17z/data=!3m1!4b1!4m6!3m5!1s0x31752f001f57fd0d:0x87ac552f6c314a52!8m2!3d10.7697429!4d106.6332897!16s/g/11wfj7_h7k","https://www.google.com/maps/place/Ministop%2B53%2BHo%C3%A0%2BB%C3%ACnh/@10.7697429,106.6332897,17z/data=!3m1!4b1!4m6!3m5!1s0x31752f001f57fd0d:0x87ac552f6c314a52!8m2!3d10.7697429!4d106.6332897!16s/g/11wfj7_h7k",search+selected_place
Ministop -  Đại Lộ 3,"163 Đại Lộ 3, Phước Bình, Quận 9, Thành phố Hồ Chí Minh, Vietnam",10.8126285,106.7719921,"https://www.google.com/maps/place/Ministop%2B-%2BC%C4%90KT%2B%C4%90%E1%BB%91i%2BNgo%E1%BA%A1i/@10.8126285,106.7719921,17z/data=!3m1!4b1!4m6!3m5!1s0x317526f674a4dd07:0xa861f71f0ce7c3a!8m2!3d10.8126285!4d106.7719921!16s/g/11xdz_1_2","https://www.google.com/maps/place/Ministop%2B-%2BC%C4%90KT%2B%C4%90%E1%BB%91i%2BNgo%E1%BA%A1i/@10.8126285,106.7719921,17z/data=!3m1!4b1!4m6!3m5!1s0x317526f674a4dd07:0xa861f71f0ce7c3a!8m2!3d10.8126285!4d106.7719921!16s/g/11xdz_1_2",search+selected_place
Ministop -  Đường số 12,"13 Đ.Số 12, Khu đô thị An Phú An Khánh, Thủ Đức, Thành phố Hồ Chí Minh 71109, Vietnam",10.7925193,106.7319065,"https://www.google.com/maps/place/MINISTOP%2B-%2BS239%2B-%2B%C4%90%C6%B0%E1%BB%9Dng%2Bs%E1%BB%91%2B12/@10.7925193,106.7319065,17z/data=!3m1!4b1!4m6!3m5!1s0x317527002a111fc5:0x437c1c5d03656612!8m2!3d10.7925193!4d106.7319065!16s/g/11vz94j1vy","https://www.google.com/maps/place/MINISTOP%2B-%2BS239%2B-%2B%C4%90%C6%B0%E1%BB%9Dng%2Bs%E1%BB%91%2B12/@10.7925193,106.7319065,17z/data=!3m1!4b1!4m6!3m5!1s0x317527002a111fc5:0x437c1c5d03656612!8m2!3d10.7925193!4d106.7319065!16s/g/11vz94j1vy",search+selected_place
Ministop -  Kha Vạn Cân,"819 Đ. Kha Vạn Cân, Linh Chiểu, Thủ Đức, Thành phố Hồ Chí Minh, Vietnam",10.8570387,106.7568879,"https://www.google.com/maps/place/CHTL%2B-%2BMINISTOP%2B-%2BS240%2B-%2BKha%2BV%E1%BA%A1n%2BC%C3%A2n/@10.8570387,106.7568879,17z/data=!3m1!4b1!4m6!3m5!1s0x3175270036bdf1e1:0x155c0075c207cf60!8m2!3d10.8570387!4d106.7568879!16s/g/11vy3c27h3","https://www.google.com/maps/place/CHTL%2B-%2BMINISTOP%2B-%2BS240%2B-%2BKha%2BV%E1%BA%A1n%2BC%C3%A2n/@10.8570387,106.7568879,17z/data=!3m1!4b1!4m6!3m5!1s0x3175270036bdf1e1:0x155c0075c207cf60!8m2!3d10.8570387!4d106.7568879!16s/g/11vy3c27h3",search+selected_place
Ministop -  Đại học Văn Lang,"TK17/1 Nguyễn Cảnh Chân, Cầu Kho, Quận 1, Thành phố Hồ Chí Minh, Vietnam",10.7581011,106.6885685,"https://www.google.com/maps/place/MINISTOP%2BNguy%E1%BB%85n%2BC%E1%BA%A3nh%2BCh%C3%A2n/@10.7581011,106.6885685,17z/data=!3m1!4b1!4m6!3m5!1s0x31752fa0d63f4303:0x6468aec8016a5d50!8m2!3d10.7581011!4d106.6885685!16s/g/11gh4mb3t0","https://www.google.com/maps/place/MINISTOP%2BNguy%E1%BB%85n%2BC%E1%BA%A3nh%2BCh%C3%A2n/@10.7581011,106.6885685,17z/data=!3m1!4b1!4m6!3m5!1s0x31752fa0d63f4303:0x6468aec8016a5d50!8m2!3d10.7581011!4d106.6885685!16s/g/11gh4mb3t0",search+selected_place
Ministop -  Dương Đức Hiền,"33-35 Dương Đức Hiền, Tây Thạnh, Tân Phú, Thành phố Hồ Chí Minh, Vietnam",10.8090025,106.6269935,"https://www.google.com/maps/place/Ministop%2BT%C3%A2y%2BTh%E1%BA%A1nh/@10.8090025,106.6269935,17z/data=!3m1!4b1!4m6!3m5!1s0x31752b0053c1a157:0x9332ea0246d89baf!8m2!3d10.8090025!4d106.6269935!16s/g/11vps981by","https://www.google.com/maps/place/Ministop%2BT%C3%A2y%2BTh%E1%BA%A1nh/@10.8090025,106.6269935,17z/data=!3m1!4b1!4m6!3m5!1s0x31752b0053c1a157:0x9332ea0246d89baf!8m2!3d10.8090025!4d106.6269935!16s/g/11vps981by",search+selected_place
Ministop -  Hoàng Việt 2,"59 Hoàng Việt, Phường 4, Tân Bình, Thành phố Hồ Chí Minh, Vietnam",10.7930995,106.6581786,"https://www.google.com/maps/place/MINISTOP%2B-%2BS237%2B-%2BHo%C3%A0ng%2BVi%E1%BB%87t%2B2/@10.7930995,106.6581786,17z/data=!3m1!4b1!4m6!3m5!1s0x31752900183b03fd:0xd3ba4a7af71aec64!8m2!3d10.7930995!4d106.6581786!16s/g/11vs7_b1rn","https://www.google.com/maps/place/MINISTOP%2B-%2BS237%2B-%2BHo%C3%A0ng%2BVi%E1%BB%87t%2B2/@10.7930995,106.6581786,17z/data=!3m1!4b1!4m6!3m5!1s0x31752900183b03fd:0xd3ba4a7af71aec64!8m2!3d10.7930995!4d106.6581786!16s/g/11vs7_b1rn",search+selected_place
Ministop -  Âu Dương Lân,"352a Âu Dương Lân, Phường Rạch Ông, Quận 8, Thành phố Hồ Chí Minh, Vietnam",10.741317,106.685382,"https://www.google.com/maps/place/MINISTOP%2B-%2BS234%2B-%2B%C3%82u%2BD%C6%B0%C6%A1ng%2BL%C3%A2n/@10.741317,106.685382,17z/data=!3m1!4b1!4m6!3m5!1s0x31752f000a2fc391:0xbc9ac2e0adb04b4d!8m2!3d10.741317!4d106.685382!16s/g/11vs7_5srg","https://www.google.com/maps/place/MINISTOP%2B-%2BS234%2B-%2B%C3%82u%2BD%C6%B0%C6%A1ng%2BL%C3%A2n/@10.741317,106.685382,17z/data=!3m1!4b1!4m6!3m5!1s0x31752f000a2fc391:0xbc9ac2e0adb04b4d!8m2!3d10.741317!4d106.685382!16s/g/11vs7_5srg",search+selected_place
Ministop -  Hoàng Hoa Thám 4,"10A Hoàng Hoa Thám, Phường 7, Bình Thạnh, Thành phố Hồ Chí Minh, Vietnam",10.8047072,106.6918625,"https://www.google.com/maps/place/MINISTOP/@10.8047072,106.6918625,17z/data=!3m1!4b1!4m6!3m5!1s0x317528c467f81b55:0xa0c0e32a7fb95e48!8m2!3d10.8047072!4d106.6918625!16s/g/11btrs3q_0","https://www.google.com/maps/place/MINISTOP/@10.8047072,106.6918625,17z/data=!3m1!4b1!4m6!3m5!1s0x317528c467f81b55:0xa0c0e32a7fb95e48!8m2!3d10.8047072!4d106.6918625!16s/g/11btrs3q_0",search+selected_place
Ministop -  Nguyễn Văn Lượng,"87, street 11, district Go Vap, Phường 16, Gò Vấp, Thành phố Hồ Chí Minh, Vietnam",10.8398546,106.6670188,"https://www.google.com/maps/place/MINISTOP-S233/@10.8398546,106.6670188,17z/data=!3m1!4b1!4m6!3m5!1s0x317529fe448fa325:0xf201aa42b5fd24fd!8m2!3d10.8398546!4d106.6670188!16s/g/11w3p1wg60","https://www.google.com/maps/place/MINISTOP-S233/@10.8398546,106.6670188,17z/data=!3m1!4b1!4m6!3m5!1s0x317529fe448fa325:0xf201aa42b5fd24fd!8m2!3d10.8398546!4d106.6670188!16s/g/11w3p1wg60",search+selected_place
Ministop -  Nguyễn Chí Thanh,"157 Nguyễn Chí Thanh, Phường 12, Quận 5, Thành phố Hồ Chí Minh, Vietnam",10.7589765,106.6651685,"https://www.google.com/maps/place/Ministop%2B-%2BNguy%E1%BB%85n%2BCh%C3%AD%2BThanh/@10.7589765,106.6651685,17z/data=!3m1!4b1!4m6!3m5!1s0x31752f00726e7cf3:0xe89049e4163b538!8m2!3d10.7589765!4d106.6651685!16s/g/11vk9g9hfq","https://www.google.com/maps/place/Ministop%2B-%2BNguy%E1%BB%85n%2BCh%C3%AD%2BThanh/@10.7589765,106.6651685,17z/data=!3m1!4b1!4m6!3m5!1s0x31752f00726e7cf3:0xe89049e4163b538!8m2!3d10.7589765!4d106.6651685!16s/g/11vk9g9hfq",search+selected_place
Ministop -  Bùi Văn Ba,"208 Bùi Văn Ba, Tân Thuận Đông, Quận 7, Thành phố Hồ Chí Minh, Vietnam",10.7505766,106.7351001,"https://www.google.com/maps/place/Ministop%2BB%C3%B9i%2BV%C4%83n%2BBa/@10.7505766,106.7351001,17z/data=!3m1!4b1!4m6!3m5!1s0x317525005c8c9b25:0x4b0db4747142f9e!8m2!3d10.7505766!4d106.7351001!16s/g/11vyj5ms1v","https://www.google.com/maps/place/Ministop%2BB%C3%B9i%2BV%C4%83n%2BBa/@10.7505766,106.7351001,17z/data=!3m1!4b1!4m6!3m5!1s0x317525005c8c9b25:0x4b0db4747142f9e!8m2!3d10.7505766!4d106.7351001!16s/g/11vyj5ms1v",search+selected_place
Ministop -  Cityland Park Hills 2,"P5-00.13 Cityland Park Hills, 18 Đ. Phan Văn Trị, Phường 10, Gò Vấp, Thành phố Hồ Chí Minh, Vietnam",10.836833,106.6675504,"https://www.google.com/maps/place/Ministop/@10.836833,106.6675504,17z/data=!3m1!4b1!4m6!3m5!1s0x3175292161caf477:0x479077db8b93dede!8m2!3d10.836833!4d106.6675504!16s/g/11ftwg106f","https://www.google.com/maps/place/Ministop/@10.836833,106.6675504,17z/data=!3m1!4b1!4m6!3m5!1s0x3175292161caf477:0x479077db8b93dede!8m2!3d10.836833!4d106.6675504!16s/g/11ftwg106f",search+selected_place
Ministop -  Khu dân cư Vĩnh Lộc,"1 Đ. A8, Khu Phố 5, Bình Tân, Thành phố Hồ Chí Minh 700000, Vietnam",10.8043218,106.593699,"https://www.google.com/maps/place/Ministop%2B-%2BS228%2BKhu%2BD%C3%A2n%2BC%C6%B0%2BV%C4%A9nh%2BL%E1%BB%99c%2B-%2B%C4%90%C6%B0%E1%BB%9Dng%2BS%E1%BB%91%2B8/@10.8043218,106.593699,17z/data=!3m1!4b1!4m6!3m5!1s0x31752bd600f0d39d:0x18722e932b402d1d!8m2!3d10.8043218!4d106.593699!16s/g/11vl501_f7","https://www.google.com/maps/place/Ministop%2B-%2BS228%2BKhu%2BD%C3%A2n%2BC%C6%B0%2BV%C4%A9nh%2BL%E1%BB%99c%2B-%2B%C4%90%C6%B0%E1%BB%9Dng%2BS%E1%BB%91%2B8/@10.8043218,106.593699,17z/data=!3m1!4b1!4m6!3m5!1s0x31752bd600f0d39d:0x18722e932b402d1d!8m2!3d10.8043218!4d106.593699!16s/g/11vl501_f7",search+selected_place
Ministop -  Lạc Long Quân 3,"353 Lạc Long Quân, Phường 5, Quận 11, Thành phố Hồ Chí Minh, Vietnam",10.7709861,106.6451441,"https://www.google.com/maps/place/Ministop%2BL%E1%BA%A1c%2BLong%2BQu%C3%A2n/@10.7709861,106.6451441,17z/data=!3m1!4b1!4m6!3m5!1s0x31752f0021a4c275:0xe0b827355610deaa!8m2!3d10.7709861!4d106.6451441!16s/g/11vm9ntpzn","https://www.google.com/maps/place/Ministop%2BL%E1%BA%A1c%2BLong%2BQu%C3%A2n/@10.7709861,106.6451441,17z/data=!3m1!4b1!4m6!3m5!1s0x31752f0021a4c275:0xe0b827355610deaa!8m2!3d10.7709861!4d106.6451441!16s/g/11vm9ntpzn",search+selected_place
Ministop -  Đất Mới,"367 Bình Trị Đông, khu phố 5, Bình Tân, Thành phố Hồ Chí Minh, Vietnam",10.7726109,106.609078,"https://www.google.com/maps/place/MINISTOP%2B-%2BS227%2B-%2B%C4%90%E1%BA%A5t%2BM%E1%BB%9Bi/@10.7726109,106.609078,17z/data=!3m1!4b1!4m6!3m5!1s0x31752d003fbf1593:0x28173fc666ce9a84!8m2!3d10.7726109!4d106.609078!16s/g/11ld86x5_s","https://www.google.com/maps/place/MINISTOP%2B-%2BS227%2B-%2B%C4%90%E1%BA%A5t%2BM%E1%BB%9Bi/@10.7726109,106.609078,17z/data=!3m1!4b1!4m6!3m5!1s0x31752d003fbf1593:0x28173fc666ce9a84!8m2!3d10.7726109!4d106.609078!16s/g/11ld86x5_s",search+selected_place
Ministop -  Phạm Văn Bạch,"997 Phạm Văn Bạch, Phường 12, Gò Vấp, Thành phố Hồ Chí Minh, Vietnam",10.8358509,106.6443396,"https://www.google.com/maps/place/Ministop%2BPh%E1%BA%A1m%2BV%C4%83n%2BB%E1%BA%A1ch/@10.8358509,106.6443396,17z/data=!3m1!4b1!4m6!3m5!1s0x317529ee3567db43:0x9ff2b44d0824817!8m2!3d10.8358509!4d106.6443396!16s/g/11vkrk5n3r","https://www.google.com/maps/place/Ministop%2BPh%E1%BA%A1m%2BV%C4%83n%2BB%E1%BA%A1ch/@10.8358509,106.6443396,17z/data=!3m1!4b1!4m6!3m5!1s0x317529ee3567db43:0x9ff2b44d0824817!8m2!3d10.8358509!4d106.6443396!16s/g/11vkrk5n3r",search+selected_place
Ministop -  Cao ốc Re,"Bắc Sơn, Trảng Bom District, Dong Nai, Vietnam",10.9663656,106.9547279,"https://www.google.com/maps/place/Mini%2BStop/@10.9663656,106.9547279,17z/data=!3m1!4b1!4m6!3m5!1s0x3174e721466e4a0f:0xcf898445c430840!8m2!3d10.9663656!4d106.9547279!16s/g/11hm427vtn","https://www.google.com/maps/place/Mini%2BStop/@10.9663656,106.9547279,17z/data=!3m1!4b1!4m6!3m5!1s0x3174e721466e4a0f:0xcf898445c430840!8m2!3d10.9663656!4d106.9547279!16s/g/11hm427vtn",search+selected_place
Ministop -  Phan Văn Đạt,"13 Phan Văn Đạt, Bến Nghé, Quận 1, Thành phố Hồ Chí Minh, Vietnam",10.7752135,106.7050892,"https://www.google.com/maps/place/Mini%2BStop/@10.7752135,106.7050892,17z/data=!3m1!4b1!4m6!3m5!1s0x31752fc70da97fa1:0xd2289a13ec3f93eb!8m2!3d10.7752135!4d106.7050892!16s/g/11vdjhvrqr","https://www.google.com/maps/place/Mini%2BStop/@10.7752135,106.7050892,17z/data=!3m1!4b1!4m6!3m5!1s0x31752fc70da97fa1:0xd2289a13ec3f93eb!8m2!3d10.7752135!4d106.7050892!16s/g/11vdjhvrqr",search+selected_place
Ministop -  Lý Tự Trọng 3,"126 Lý Tự Trọng, Phường Bến Thành, Quận 1, Thành phố Hồ Chí Minh 700000, Vietnam",10.773993,106.6967236,"https://www.google.com/maps/place/Ministop%2B-%2BL%C3%BD%2BT%E1%BB%B1%2BTr%E1%BB%8Dng%2B3/@10.773993,106.6967236,17z/data=!3m1!4b1!4m6!3m5!1s0x31752f8dbc2e05d7:0x600a77e7b74b25b7!8m2!3d10.773993!4d106.6967236!16s/g/11y1htdjpk","https://www.google.com/maps/place/Ministop%2B-%2BL%C3%BD%2BT%E1%BB%B1%2BTr%E1%BB%8Dng%2B3/@10.773993,106.6967236,17z/data=!3m1!4b1!4m6!3m5!1s0x31752f8dbc2e05d7:0x600a77e7b74b25b7!8m2!3d10.773993!4d106.6967236!16s/g/11y1htdjpk",search+selected_place
Ministop -  Tân Quý 2,"446 Đ. Tân Kỳ Tân Quý, Tân Quý, Tân Phú, Thành phố Hồ Chí Minh, Vietnam",10.7985708,106.6165472,"https://www.google.com/maps/place/Ministop%2BS210%2B-%2B446%2BT%C3%A2n%2BK%E1%BB%B3%2BT%C3%A2n%2BQu%C3%BD/@10.7985708,106.6165472,17z/data=!3m1!4b1!4m6!3m5!1s0x31752b2d5ecd5969:0x2616307ab6825485!8m2!3d10.7985708!4d106.6165472!16s/g/11kqrg8sk2","https://www.google.com/maps/place/Ministop%2BS210%2B-%2B446%2BT%C3%A2n%2BK%E1%BB%B3%2BT%C3%A2n%2BQu%C3%BD/@10.7985708,106.6165472,17z/data=!3m1!4b1!4m6!3m5!1s0x31752b2d5ecd5969:0x2616307ab6825485!8m2!3d10.7985708!4d106.6165472!16s/g/11kqrg8sk2",search+selected_place
Ministop -  Trần Bình Trọng,"52A Trần Bình Trọng, Phường 5, Bình Thạnh, Thành phố Hồ Chí Minh, Vietnam",10.8127055,106.6879861,"https://www.google.com/maps/place/MINISTOP/@10.8127055,106.6879861,17z/data=!3m1!4b1!4m6!3m5!1s0x3175295cffff2989:0x3d988226a14d5c63!8m2!3d10.8127055!4d106.6879861!16s/g/11krtx7b82","https://www.google.com/maps/place/MINISTOP/@10.8127055,106.6879861,17z/data=!3m1!4b1!4m6!3m5!1s0x3175295cffff2989:0x3d988226a14d5c63!8m2!3d10.8127055!4d106.6879861!16s/g/11krtx7b82",search+selected_place
Ministop -  Lạc Long Quân 2,"353 Lạc Long Quân, Phường 5, Quận 11, Thành phố Hồ Chí Minh, Vietnam",10.7709861,106.6451441,"https://www.google.com/maps/place/Ministop%2BL%E1%BA%A1c%2BLong%2BQu%C3%A2n/@10.7709861,106.6451441,17z/data=!3m1!4b1!4m6!3m5!1s0x31752f0021a4c275:0xe0b827355610deaa!8m2!3d10.7709861!4d106.6451441!16s/g/11vm9ntpzn","https://www.google.com/maps/place/Ministop%2BL%E1%BA%A1c%2BLong%2BQu%C3%A2n/@10.7709861,106.6451441,17z/data=!3m1!4b1!4m6!3m5!1s0x31752f0021a4c275:0xe0b827355610deaa!8m2!3d10.7709861!4d106.6451441!16s/g/11vm9ntpzn",search+selected_place
Ministop -  Thành Thái 3,"5 Đ. Thành Thái, Phường 14, Quận 10, Thành phố Hồ Chí Minh, Vietnam",10.7693551,106.6661588,"https://www.google.com/maps/place/MINISTOP%2BViet%2BNam/@10.7693551,106.6661588,17z/data=!3m1!4b1!4m6!3m5!1s0x31752f4a191cb8df:0xf20c5ed312e9ed1a!8m2!3d10.7693551!4d106.6661588!16s/g/11v3q6mrcy","https://www.google.com/maps/place/MINISTOP%2BViet%2BNam/@10.7693551,106.6661588,17z/data=!3m1!4b1!4m6!3m5!1s0x31752f4a191cb8df:0xf20c5ed312e9ed1a!8m2!3d10.7693551!4d106.6661588!16s/g/11v3q6mrcy",search+selected_place
Ministop -  Mã Lò,"102 Đường Số 29, Bình Trị Đông B, Bình Tân, Thành phố Hồ Chí Minh, Vietnam",10.7568145,106.611728,"https://www.google.com/maps/place/CHTL%2B-%2BMINISTOP%2B-%2BS257%2B-%2B%C4%90%C6%B0%E1%BB%9Dng%2Bs%E1%BB%91%2B29/@10.7568145,106.611728,17z/data=!3m1!4b1!4m6!3m5!1s0x31752d0009d9f3f5:0x7d10875e351a63b3!8m2!3d10.7568145!4d106.611728!16s/g/11y6b46zks","https://www.google.com/maps/place/CHTL%2B-%2BMINISTOP%2B-%2BS257%2B-%2B%C4%90%C6%B0%E1%BB%9Dng%2Bs%E1%BB%91%2B29/@10.7568145,106.611728,17z/data=!3m1!4b1!4m6!3m5!1s0x31752d0009d9f3f5:0x7d10875e351a63b3!8m2!3d10.7568145!4d106.611728!16s/g/11y6b46zks",search+selected_place
Ministop -  Lê Văn Thọ,"314 Đ. Lê Văn Thọ, Phường 11, Gò Vấp, Thành phố Hồ Chí Minh 70000, Vietnam",10.8454085,106.6571299,"https://www.google.com/maps/place/MiniStop%2Bl%C3%AA%2Bv%C4%83n%2Bth%E1%BB%8D/@10.8454085,106.6571299,17z/data=!3m1!4b1!4m6!3m5!1s0x317529004fb9e7a9:0x6e9b0c45a3460be7!8m2!3d10.8454085!4d106.6571299!16s/g/11y43t68sr","https://www.google.com/maps/place/MiniStop%2Bl%C3%AA%2Bv%C4%83n%2Bth%E1%BB%8D/@10.8454085,106.6571299,17z/data=!3m1!4b1!4m6!3m5!1s0x317529004fb9e7a9:0x6e9b0c45a3460be7!8m2!3d10.8454085!4d106.6571299!16s/g/11y43t68sr",search+selected_place
Ministop -  Lê Đức Thọ 2,"527 Đ. Lê Đức Thọ, Phường 16, Gò Vấp, Thành phố Hồ Chí Minh 70000, Vietnam",10.8463217,106.6704441,"https://www.google.com/maps/place/MINISTOP%2B-%2BL%C3%AA%2B%C4%90%E1%BB%A9c%2BTh%E1%BB%8D/@10.8463217,106.6704441,17z/data=!3m1!4b1!4m6!3m5!1s0x31752976c24363db:0xbec98fd9626dabe5!8m2!3d10.8463217!4d106.6704441!16s/g/11syj81266","https://www.google.com/maps/place/MINISTOP%2B-%2BL%C3%AA%2B%C4%90%E1%BB%A9c%2BTh%E1%BB%8D/@10.8463217,106.6704441,17z/data=!3m1!4b1!4m6!3m5!1s0x31752976c24363db:0xbec98fd9626dabe5!8m2!3d10.8463217!4d106.6704441!16s/g/11syj81266",search+selected_place
Ministop -  Cư Xá Lữ Gia,"43B Đường Số 2, Khu Phố 2, Quận 11, Thành phố Hồ Chí Minh, Vietnam",10.7717332,106.6546196,"https://www.google.com/maps/place/Mini%2BStop/@10.7717332,106.6546196,17z/data=!3m1!4b1!4m6!3m5!1s0x31752f27fd7bd077:0x1c7d2e440ee8a00!8m2!3d10.7717332!4d106.6546196!16s/g/11l5x2kb43","https://www.google.com/maps/place/Mini%2BStop/@10.7717332,106.6546196,17z/data=!3m1!4b1!4m6!3m5!1s0x31752f27fd7bd077:0x1c7d2e440ee8a00!8m2!3d10.7717332!4d106.6546196!16s/g/11l5x2kb43",search+selected_place
Ministop -  Bệnh Viện Quân Y 175,"768 Nguyễn Kiệm, Phường 3, Gò Vấp, Thành phố Hồ Chí Minh, Vietnam",10.8164443,106.6802522,"https://www.google.com/maps/place/Ministop%2BB%E1%BB%87nh%2Bvi%E1%BB%87n%2Bqu%C3%A2n%2By/@10.8164443,106.6802522,17z/data=!3m1!4b1!4m6!3m5!1s0x31752996cb1c03a9:0x5bf536fd3cd97bb!8m2!3d10.8164443!4d106.6802522!16s/g/11vj6xbj37","https://www.google.com/maps/place/Ministop%2BB%E1%BB%87nh%2Bvi%E1%BB%87n%2Bqu%C3%A2n%2By/@10.8164443,106.6802522,17z/data=!3m1!4b1!4m6!3m5!1s0x31752996cb1c03a9:0x5bf536fd3cd97bb!8m2!3d10.8164443!4d106.6802522!16s/g/11vj6xbj37",search+selected_place
Ministop -  Tân Kỳ Tân Quý 2,"446 Đ. Tân Kỳ Tân Quý, Tân Quý, Tân Phú, Thành phố Hồ Chí Minh, Vietnam",10.7985708,106.6165472,"https://www.google.com/maps/place/Ministop%2BS210%2B-%2B446%2BT%C3%A2n%2BK%E1%BB%B3%2BT%C3%A2n%2BQu%C3%BD/@10.7985708,106.6165472,17z/data=!3m1!4b1!4m6!3m5!1s0x31752b2d5ecd5969:0x2616307ab6825485!8m2!3d10.7985708!4d106.6165472!16s/g/11kqrg8sk2","https://www.google.com/maps/place/Ministop%2BS210%2B-%2B446%2BT%C3%A2n%2BK%E1%BB%B3%2BT%C3%A2n%2BQu%C3%BD/@10.7985708,106.6165472,17z/data=!3m1!4b1!4m6!3m5!1s0x31752b2d5ecd5969:0x2616307ab6825485!8m2!3d10.7985708!4d106.6165472!16s/g/11kqrg8sk2",search+selected_place
Ministop -  One Verandah,"1 Tạ Hiện, Phường Thạnh Mỹ Lợi, Thủ Đức, Thành phố Hồ Chí Minh, Vietnam",10.7768961,106.7515739,"https://www.google.com/maps/place/Ministop%2BOne%2BVerandah/@10.7768961,106.7515739,17z/data=!3m1!4b1!4m6!3m5!1s0x317525000c1ced8d:0xdd9e4e798fcefed7!8m2!3d10.7768961!4d106.7515739!16s/g/11vpdlvtwk","https://www.google.com/maps/place/Ministop%2BOne%2BVerandah/@10.7768961,106.7515739,17z/data=!3m1!4b1!4m6!3m5!1s0x317525000c1ced8d:0xdd9e4e798fcefed7!8m2!3d10.7768961!4d106.7515739!16s/g/11vpdlvtwk",search+selected_place
Ministop -  Đường số 01,"107 Đ. Số 1, Phường Thông Tây Hội, Gò Vấp, Thành phố Hồ Chí Minh, Vietnam",10.8458136,106.6613865,"https://www.google.com/maps/place/Ministop%2B%C4%91%C6%B0%E1%BB%9Dng%2Bs%E1%BB%91%2B1/@10.8458136,106.6613865,17z/data=!3m1!4b1!4m6!3m5!1s0x3175290025ddc723:0x838d0d38b6e3fb57!8m2!3d10.8458136!4d106.6613865!16s/g/11wq97szbh","https://www.google.com/maps/place/Ministop%2B%C4%91%C6%B0%E1%BB%9Dng%2Bs%E1%BB%91%2B1/@10.8458136,106.6613865,17z/data=!3m1!4b1!4m6!3m5!1s0x3175290025ddc723:0x838d0d38b6e3fb57!8m2!3d10.8458136!4d106.6613865!16s/g/11wq97szbh",search+selected_place
Ministop -  Âu Cơ 3,"5/7A Đ. Âu Cơ, Phường 9, Tân Bình, Thành phố Hồ Chí Minh, Vietnam",10.7755593,106.6506395,"https://www.google.com/maps/place/MINISTOP/@10.7755593,106.6506395,17z/data=!3m1!4b1!4m6!3m5!1s0x31752f152cddb775:0x12da2d3da54b7a75!8m2!3d10.7755593!4d106.6506395!16s/g/11kk4jxrwl","https://www.google.com/maps/place/MINISTOP/@10.7755593,106.6506395,17z/data=!3m1!4b1!4m6!3m5!1s0x31752f152cddb775:0x12da2d3da54b7a75!8m2!3d10.7755593!4d106.6506395!16s/g/11kk4jxrwl",search+selected_place
Ministop -  Vườn Lài 3,"56 Đ. Vườn Lài, Phú Thọ Hoà, Tân Phú, Thành phố Hồ Chí Minh, Vietnam",10.7878404,106.6335554,"https://www.google.com/maps/place/MINISTOP%2B-%2BV%C6%B0%E1%BB%9Dn%2BL%C3%A0i/@10.7878404,106.6335554,17z/data=!3m1!4b1!4m6!3m5!1s0x31752eabe7858d9b:0xff6810d747e66634!8m2!3d10.7878404!4d106.6335554!16s/g/11crzwdzw6","https://www.google.com/maps/place/MINISTOP%2B-%2BV%C6%B0%E1%BB%9Dn%2BL%C3%A0i/@10.7878404,106.6335554,17z/data=!3m1!4b1!4m6!3m5!1s0x31752eabe7858d9b:0xff6810d747e66634!8m2!3d10.7878404!4d106.6335554!16s/g/11crzwdzw6",search+selected_place
Ministop -  Lý Tự Trọng 2,"101a Lý Tự Trọng, Phường Bến Thành, Quận 1, Thành phố Hồ Chí Minh 700000, Vietnam",10.7742391,106.6976364,"https://www.google.com/maps/place/Ministop%2B-%2BL%C3%BD%2BT%E1%BB%B1%2BTr%E1%BB%8Dng%2B2/@10.7742391,106.6976364,17z/data=!3m1!4b1!4m6!3m5!1s0x31752f5ee2a6f757:0x231cc6dfc458fd6!8m2!3d10.7742391!4d106.6976364!16s/g/11svfntrzy","https://www.google.com/maps/place/Ministop%2B-%2BL%C3%BD%2BT%E1%BB%B1%2BTr%E1%BB%8Dng%2B2/@10.7742391,106.6976364,17z/data=!3m1!4b1!4m6!3m5!1s0x31752f5ee2a6f757:0x231cc6dfc458fd6!8m2!3d10.7742391!4d106.6976364!16s/g/11svfntrzy",search+selected_place
Ministop -  Thạch Thị Thanh,"55 Thạch Thị Thanh, Phường Tân Định, Quận 1, Thành phố Hồ Chí Minh, Vietnam",10.7904497,106.6921152,"https://www.google.com/maps/place/MINISTOP%2BTH%E1%BA%A0CH%2BTH%E1%BB%8A%2BTHANH/@10.7904497,106.6921152,17z/data=!3m1!4b1!4m6!3m5!1s0x31752977661ab321:0xe94825b4124fd61!8m2!3d10.7904497!4d106.6921152!16s/g/11ks077jsc","https://www.google.com/maps/place/MINISTOP%2BTH%E1%BA%A0CH%2BTH%E1%BB%8A%2BTHANH/@10.7904497,106.6921152,17z/data=!3m1!4b1!4m6!3m5!1s0x31752977661ab321:0xe94825b4124fd61!8m2!3d10.7904497!4d106.6921152!16s/g/11ks077jsc",search+selected_place
Ministop -  Nguyễn Văn Khối,"220/82 Nguyễn Văn Khối, Phường 8, Gò Vấp, Thành phố Hồ Chí Minh, Vietnam",10.8451435,106.6541435,"https://www.google.com/maps/place/Ministop/@10.8451435,106.6541435,17z/data=!3m1!4b1!4m6!3m5!1s0x317529f2a90c65dd:0x1e4becc9eae70918!8m2!3d10.8451435!4d106.6541435!16s/g/11stbfx6yg","https://www.google.com/maps/place/Ministop/@10.8451435,106.6541435,17z/data=!3m1!4b1!4m6!3m5!1s0x317529f2a90c65dd:0x1e4becc9eae70918!8m2!3d10.8451435!4d106.6541435!16s/g/11stbfx6yg",search+selected_place
Ministop -  Lý Thánh Tông,"46 Lý Thánh Tông, Tân Thới Hoà, Tân Phú, Thành phố Hồ Chí Minh 70000, Vietnam",10.7670654,106.6300416,"https://www.google.com/maps/place/Ministop%2BL%C3%BD%2BTh%C3%A1nh%2BT%C3%B4ng%2B-%2BS200/@10.7670654,106.6300416,17z/data=!3m1!4b1!4m6!3m5!1s0x31752f08c027c90b:0x54828d333b192a3!8m2!3d10.7670654!4d106.6300416!16s/g/11st68zc7k","https://www.google.com/maps/place/Ministop%2BL%C3%BD%2BTh%C3%A1nh%2BT%C3%B4ng%2B-%2BS200/@10.7670654,106.6300416,17z/data=!3m1!4b1!4m6!3m5!1s0x31752f08c027c90b:0x54828d333b192a3!8m2!3d10.7670654!4d106.6300416!16s/g/11st68zc7k",search+selected_place
Ministop -  Đường số 28,"143 Đ. Số 28, Phường 6, Gò Vấp, Thành phố Hồ Chí Minh, Vietnam",10.8437874,106.6810944,"https://www.google.com/maps/place/C%E1%BB%ADa%2Bh%C3%A0ng%2Bti%E1%BB%87n%2Bl%E1%BB%A3i%2Bministop/@10.8437874,106.6810944,17z/data=!3m1!4b1!4m6!3m5!1s0x317529001bc1daaf:0xb594d98674f820e0!8m2!3d10.8437874!4d106.6810944!16s/g/11stdssk6c","https://www.google.com/maps/place/C%E1%BB%ADa%2Bh%C3%A0ng%2Bti%E1%BB%87n%2Bl%E1%BB%A3i%2Bministop/@10.8437874,106.6810944,17z/data=!3m1!4b1!4m6!3m5!1s0x317529001bc1daaf:0xb594d98674f820e0!8m2!3d10.8437874!4d106.6810944!16s/g/11stdssk6c",search+selected_place
Ministop -  Đường số 59,"107 Đ. Số 1, Phường Thông Tây Hội, Gò Vấp, Thành phố Hồ Chí Minh, Vietnam",10.8458136,106.6613865,"https://www.google.com/maps/place/Ministop%2B%C4%91%C6%B0%E1%BB%9Dng%2Bs%E1%BB%91%2B1/@10.8458136,106.6613865,17z/data=!3m1!4b1!4m6!3m5!1s0x3175290025ddc723:0x838d0d38b6e3fb57!8m2!3d10.8458136!4d106.6613865!16s/g/11wq97szbh","https://www.google.com/maps/place/Ministop%2B%C4%91%C6%B0%E1%BB%9Dng%2Bs%E1%BB%91%2B1/@10.8458136,106.6613865,17z/data=!3m1!4b1!4m6!3m5!1s0x3175290025ddc723:0x838d0d38b6e3fb57!8m2!3d10.8458136!4d106.6613865!16s/g/11wq97szbh",search+selected_place
Ministop -  Huỳnh Văn Nghệ,"98 Đ. Huỳnh Văn Nghệ, Phường 15, Tân Bình, Thành phố Hồ Chí Minh, Vietnam",10.8297136,106.6386629,"https://www.google.com/maps/place/Ministop%2BHu%E1%BB%B3nh%2BV%C4%83n%2BNgh%E1%BB%87/@10.8297136,106.6386629,17z/data=!3m1!4b1!4m6!3m5!1s0x3175291691bb0c3b:0x3184fba11b21278a!8m2!3d10.8297136!4d106.6386629!16s/g/11kqrggtpc","https://www.google.com/maps/place/Ministop%2BHu%E1%BB%B3nh%2BV%C4%83n%2BNgh%E1%BB%87/@10.8297136,106.6386629,17z/data=!3m1!4b1!4m6!3m5!1s0x3175291691bb0c3b:0x3184fba11b21278a!8m2!3d10.8297136!4d106.6386629!16s/g/11kqrggtpc",search+selected_place
Ministop -  Thạch Lam 2,"113 Đ. Thạch Lam, Phú Thạnh, Tân Phú, Thành phố Hồ Chí Minh, Vietnam",10.7769422,106.6300744,"https://www.google.com/maps/place/MINISTOP/@10.7769422,106.6300744,17z/data=!3m1!4b1!4m6!3m5!1s0x31752fae15a8f369:0x47cdd9483520eeaf!8m2!3d10.7769422!4d106.6300744!16s/g/11tk27690x","https://www.google.com/maps/place/MINISTOP/@10.7769422,106.6300744,17z/data=!3m1!4b1!4m6!3m5!1s0x31752fae15a8f369:0x47cdd9483520eeaf!8m2!3d10.7769422!4d106.6300744!16s/g/11tk27690x",search+selected_place
Ministop -  Trịnh Đình Trọng 2,"272 Trịnh Đình Trọng, Phú Trung, Tân Phú, Thành phố Hồ Chí Minh, Vietnam",10.7756152,106.6394052,"https://www.google.com/maps/place/MINISTOP/@10.7756152,106.6394052,17z/data=!3m1!4b1!4m6!3m5!1s0x31752f4fe6ee2313:0x6c3cda2241cdcb63!8m2!3d10.7756152!4d106.6394052!16s/g/11tjzm689g","https://www.google.com/maps/place/MINISTOP/@10.7756152,106.6394052,17z/data=!3m1!4b1!4m6!3m5!1s0x31752f4fe6ee2313:0x6c3cda2241cdcb63!8m2!3d10.7756152!4d106.6394052!16s/g/11tjzm689g",search+selected_place
Ministop -  Bùi Quang Là,"92-94 Bùi Quang Là, Phường 12, Gò Vấp, Thành phố Hồ Chí Minh 700000, Vietnam",10.8350598,106.6395588,"https://www.google.com/maps/place/MINISTOP/@10.8350598,106.6395588,17z/data=!3m1!4b1!4m6!3m5!1s0x317529fd3f45ac89:0x446f7a34c821a828!8m2!3d10.8350598!4d106.6395588!16s/g/11jt4g1qq0","https://www.google.com/maps/place/MINISTOP/@10.8350598,106.6395588,17z/data=!3m1!4b1!4m6!3m5!1s0x317529fd3f45ac89:0x446f7a34c821a828!8m2!3d10.8350598!4d106.6395588!16s/g/11jt4g1qq0",search+selected_place
Ministop -  Topaz City,"223 Đ. 154, Khu Phố 3, Thủ Đức, Thành phố Hồ Chí Minh, Vietnam",10.8648481,106.8108131,"https://www.google.com/maps/place/Ministop%2BTopaz%2BHome%2B2/@10.8648481,106.8108131,17z/data=!3m1!4b1!4m6!3m5!1s0x3175270004299aa7:0x6027059844f6f3b1!8m2!3d10.8648481!4d106.8108131!16s/g/11w3bv9qcq","https://www.google.com/maps/place/Ministop%2BTopaz%2BHome%2B2/@10.8648481,106.8108131,17z/data=!3m1!4b1!4m6!3m5!1s0x3175270004299aa7:0x6027059844f6f3b1!8m2!3d10.8648481!4d106.8108131!16s/g/11w3bv9qcq",search+selected_place
Ministop -  Bàu Cát,"307a Đ. Bàu Cát, Phường 12, Tân Bình, Thành phố Hồ Chí Minh 700000, Vietnam",10.7906665,106.6463613,"https://www.google.com/maps/place/MINISTOP/@10.7906665,106.6463613,17z/data=!3m1!4b1!4m6!3m5!1s0x31752fd8f8f5d77b:0x6be2f87b8e291eb6!8m2!3d10.7906665!4d106.6463613!16s/g/11js_wyd24","https://www.google.com/maps/place/MINISTOP/@10.7906665,106.6463613,17z/data=!3m1!4b1!4m6!3m5!1s0x31752fd8f8f5d77b:0x6be2f87b8e291eb6!8m2!3d10.7906665!4d106.6463613!16s/g/11js_wyd24",search+selected_place
Ministop -  Tân Kỳ Tân Quý,"293 Đ. Tân Kỳ Tân Quý, Tân Sơn Nhì, Tân Phú, Thành phố Hồ Chí Minh, Vietnam",10.8021666,106.6265805,"https://www.google.com/maps/place/MINISTOP%2B-%2BT%C3%82N%2BK%E1%BB%B2%2BT%C3%82N%2BQU%C3%9D/@10.8021666,106.6265805,17z/data=!3m1!4b1!4m6!3m5!1s0x31752b4ff1f46ee3:0x5e8717e2631358fa!8m2!3d10.8021666!4d106.6265805!16s/g/11pf681q26","https://www.google.com/maps/place/MINISTOP%2B-%2BT%C3%82N%2BK%E1%BB%B2%2BT%C3%82N%2BQU%C3%9D/@10.8021666,106.6265805,17z/data=!3m1!4b1!4m6!3m5!1s0x31752b4ff1f46ee3:0x5e8717e2631358fa!8m2!3d10.8021666!4d106.6265805!16s/g/11pf681q26",search+selected_place
Ministop -  Phạm Văn Chí,"220 Đ. Phạm Văn Chí, Phường 1, Quận 6, Thành phố Hồ Chí Minh 700000, Vietnam",10.7448523,106.6466297,"https://www.google.com/maps/place/Ministop%2BPh%E1%BA%A1m%2BV%C4%83n%2BCh%C3%AD/@10.7448523,106.6466297,17z/data=!3m1!4b1!4m6!3m5!1s0x31752f000d743a7d:0x471364d359f60ab4!8m2!3d10.7448523!4d106.6466297!16s/g/11y5gyjm3w","https://www.google.com/maps/place/Ministop%2BPh%E1%BA%A1m%2BV%C4%83n%2BCh%C3%AD/@10.7448523,106.6466297,17z/data=!3m1!4b1!4m6!3m5!1s0x31752f000d743a7d:0x471364d359f60ab4!8m2!3d10.7448523!4d106.6466297!16s/g/11y5gyjm3w",search+selected_place
Ministop -  Đường số 10,"86 Đường số 10, P.13, Quận 6, Thành phố Hồ Chí Minh, Vietnam",10.7532715,106.6274072,"https://www.google.com/maps/place/Ministop/@10.7532715,106.6274072,17z/data=!3m1!4b1!4m6!3m5!1s0x31752d37bd48e7f5:0x8a79f93f7ef4be34!8m2!3d10.7532715!4d106.6274072!16s/g/11s86f18rh","https://www.google.com/maps/place/Ministop/@10.7532715,106.6274072,17z/data=!3m1!4b1!4m6!3m5!1s0x31752d37bd48e7f5:0x8a79f93f7ef4be34!8m2!3d10.7532715!4d106.6274072!16s/g/11s86f18rh",search+selected_place
Ministop -  Thạch Lam,"113 Đ. Thạch Lam, Phú Thạnh, Tân Phú, Thành phố Hồ Chí Minh, Vietnam",10.7769422,106.6300744,"https://www.google.com/maps/place/MINISTOP/@10.7769422,106.6300744,17z/data=!3m1!4b1!4m6!3m5!1s0x31752fae15a8f369:0x47cdd9483520eeaf!8m2!3d10.7769422!4d106.6300744!16s/g/11tk27690x","https://www.google.com/maps/place/MINISTOP/@10.7769422,106.6300744,17z/data=!3m1!4b1!4m6!3m5!1s0x31752fae15a8f369:0x47cdd9483520eeaf!8m2!3d10.7769422!4d106.6300744!16s/g/11tk27690x",search+selected_place
Ministop -  Water Point,"Bắc Sơn, Trảng Bom District, Dong Nai, Vietnam",10.9663656,106.9547279,"https://www.google.com/maps/place/Mini%2BStop/@10.9663656,106.9547279,17z/data=!3m1!4b1!4m6!3m5!1s0x3174e721466e4a0f:0xcf898445c430840!8m2!3d10.9663656!4d106.9547279!16s/g/11hm427vtn","https://www.google.com/maps/place/Mini%2BStop/@10.9663656,106.9547279,17z/data=!3m1!4b1!4m6!3m5!1s0x3174e721466e4a0f:0xcf898445c430840!8m2!3d10.9663656!4d106.9547279!16s/g/11hm427vtn",search+selected_place
Ministop -  Akari City,"PJ84+WXV, 77 Võ Văn Kiệt, An Lạc, Bình Tân, Thành phố Hồ Chí Minh, Vietnam",10.7173998,106.6073924,"https://www.google.com/maps/place/Aeon%2BMinistop%2BAkari%2BCity%2BAK5/@10.7173998,106.6073924,17z/data=!3m1!4b1!4m6!3m5!1s0x31752d11b5c44b9f:0x7c85383277859d81!8m2!3d10.7173998!4d106.6073924!16s/g/11t4cc6r10","https://www.google.com/maps/place/Aeon%2BMinistop%2BAkari%2BCity%2BAK5/@10.7173998,106.6073924,17z/data=!3m1!4b1!4m6!3m5!1s0x31752d11b5c44b9f:0x7c85383277859d81!8m2!3d10.7173998!4d106.6073924!16s/g/11t4cc6r10",search+selected_place
Ministop -  Đường số 6,"86 Đường số 10, P.13, Quận 6, Thành phố Hồ Chí Minh, Vietnam",10.7532715,106.6274072,"https://www.google.com/maps/place/Ministop/@10.7532715,106.6274072,17z/data=!3m1!4b1!4m6!3m5!1s0x31752d37bd48e7f5:0x8a79f93f7ef4be34!8m2!3d10.7532715!4d106.6274072!16s/g/11s86f18rh","https://www.google.com/maps/place/Ministop/@10.7532715,106.6274072,17z/data=!3m1!4b1!4m6!3m5!1s0x31752d37bd48e7f5:0x8a79f93f7ef4be34!8m2!3d10.7532715!4d106.6274072!16s/g/11s86f18rh",search+selected_place
Ministop -  Vũ Tùng 2,"135 - 137 Đ. Vũ Tùng, Phường 2, Bình Thạnh, Thành phố Hồ Chí Minh, Vietnam",10.8021706,106.7012237,"https://www.google.com/maps/place/Ministop%2BV%C5%A9%2BT%C3%B9ng/@10.8021706,106.7012237,17z/data=!3m1!4b1!4m6!3m5!1s0x317528b8ff423c3b:0x38504e3ea5d3c730!8m2!3d10.8021706!4d106.7012237!16s/g/11vkz8pdn6","https://www.google.com/maps/place/Ministop%2BV%C5%A9%2BT%C3%B9ng/@10.8021706,106.7012237,17z/data=!3m1!4b1!4m6!3m5!1s0x317528b8ff423c3b:0x38504e3ea5d3c730!8m2!3d10.8021706!4d106.7012237!16s/g/11vkz8pdn6",search+selected_place
Ministop -  Thống Nhất,"141 Thống Nhất, Tân Thành, Tân Phú, Thành phố Hồ Chí Minh, Vietnam",10.7907559,106.633678,"https://www.google.com/maps/place/MINISTOP/@10.7907559,106.633678,17z/data=!3m1!4b1!4m6!3m5!1s0x31752f92998d25af:0xf5b0d3d5c081e93a!8m2!3d10.7907559!4d106.633678!16s/g/11s39m5s_v","https://www.google.com/maps/place/MINISTOP/@10.7907559,106.633678,17z/data=!3m1!4b1!4m6!3m5!1s0x31752f92998d25af:0xf5b0d3d5c081e93a!8m2!3d10.7907559!4d106.633678!16s/g/11s39m5s_v",search+selected_place
Ministop -  Lê Đức Thọ,"527 Đ. Lê Đức Thọ, Phường 16, Gò Vấp, Thành phố Hồ Chí Minh 70000, Vietnam",10.8463217,106.6704441,"https://www.google.com/maps/place/MINISTOP%2B-%2BL%C3%AA%2B%C4%90%E1%BB%A9c%2BTh%E1%BB%8D/@10.8463217,106.6704441,17z/data=!3m1!4b1!4m6!3m5!1s0x31752976c24363db:0xbec98fd9626dabe5!8m2!3d10.8463217!4d106.6704441!16s/g/11syj81266","https://www.google.com/maps/place/MINISTOP%2B-%2BL%C3%AA%2B%C4%90%E1%BB%A9c%2BTh%E1%BB%8D/@10.8463217,106.6704441,17z/data=!3m1!4b1!4m6!3m5!1s0x31752976c24363db:0xbec98fd9626dabe5!8m2!3d10.8463217!4d106.6704441!16s/g/11syj81266",search+selected_place
Ministop -  Tô Hiệu,"58k Đ. Tô Hiệu, Tân Thới Hoà, Tân Phú, Thành phố Hồ Chí Minh, Vietnam",10.7699177,106.6268392,"https://www.google.com/maps/place/Ministop%2BT%C3%B4%2BHi%E1%BB%87u/@10.7699177,106.6268392,17z/data=!3m1!4b1!4m6!3m5!1s0x31752d0960436181:0x3d00848b49f7f57a!8m2!3d10.7699177!4d106.6268392!16s/g/11rzs45rsb","https://www.google.com/maps/place/Ministop%2BT%C3%B4%2BHi%E1%BB%87u/@10.7699177,106.6268392,17z/data=!3m1!4b1!4m6!3m5!1s0x31752d0960436181:0x3d00848b49f7f57a!8m2!3d10.7699177!4d106.6268392!16s/g/11rzs45rsb",search+selected_place
Ministop -  Võ Thành Trang,"120 Võ Thành Trang, Phường 11, Tân Bình, Thành phố Hồ Chí Minh, Vietnam",10.7913259,106.6499456,"https://www.google.com/maps/place/Ministop%2BVo%2BThanh%2BTrang/@10.7913259,106.6499456,17z/data=!3m1!4b1!4m6!3m5!1s0x31752fea95c9df95:0x67ec8c44e6bb4ce8!8m2!3d10.7913259!4d106.6499456!16s/g/11t6lbcklc","https://www.google.com/maps/place/Ministop%2BVo%2BThanh%2BTrang/@10.7913259,106.6499456,17z/data=!3m1!4b1!4m6!3m5!1s0x31752fea95c9df95:0x67ec8c44e6bb4ce8!8m2!3d10.7913259!4d106.6499456!16s/g/11t6lbcklc",search+selected_place
Ministop -  Tôn Thất Hiệp,"284 Đ. Tôn Thất Hiệp, Phường 8, Quận 11, Thành phố Hồ Chí Minh, Vietnam",10.7611809,106.6522799,"https://www.google.com/maps/place/MINISTOP%2BT%C3%B4n%2BTh%E1%BA%A5t%2BHi%E1%BB%87p/@10.7611809,106.6522799,17z/data=!3m1!4b1!4m6!3m5!1s0x31752f791f966257:0x883f46f888ceff28!8m2!3d10.7611809!4d106.6522799!16s/g/11t6y4n2vz","https://www.google.com/maps/place/MINISTOP%2BT%C3%B4n%2BTh%E1%BA%A5t%2BHi%E1%BB%87p/@10.7611809,106.6522799,17z/data=!3m1!4b1!4m6!3m5!1s0x31752f791f966257:0x883f46f888ceff28!8m2!3d10.7611809!4d106.6522799!16s/g/11t6y4n2vz",search+selected_place
Ministop -  Sunwah Pearl,"QPQ9+F8G, Đường D8, Saigon Pearl, Bình Thạnh, Thành phố Hồ Chí Minh, Vietnam",10.7886989,106.7183382,"https://www.google.com/maps/place/MINISTOP/@10.7886989,106.7183382,17z/data=!3m1!4b1!4m6!3m5!1s0x317529bc0e30cb97:0x2ed053856213a833!8m2!3d10.7886989!4d106.7183382!16s/g/11q26250s8","https://www.google.com/maps/place/MINISTOP/@10.7886989,106.7183382,17z/data=!3m1!4b1!4m6!3m5!1s0x317529bc0e30cb97:0x2ed053856213a833!8m2!3d10.7886989!4d106.7183382!16s/g/11q26250s8",search+selected_place
Ministop -  Safira D,"179 Đ. Võ Chí Công, Bình Trưng Đông, Thủ Đức, Thành phố Hồ Chí Minh, Vietnam",10.801393,106.7938978,"https://www.google.com/maps/place/Ministop%2BSafira/@10.801393,106.7938978,17z/data=!3m1!4b1!4m6!3m5!1s0x3175270047803f49:0x420d5f80cd7f5213!8m2!3d10.801393!4d106.7938978!16s/g/11w1jy8c8l","https://www.google.com/maps/place/Ministop%2BSafira/@10.801393,106.7938978,17z/data=!3m1!4b1!4m6!3m5!1s0x3175270047803f49:0x420d5f80cd7f5213!8m2!3d10.801393!4d106.7938978!16s/g/11w1jy8c8l",search+selected_place
Ministop -  HaDo Centrosa Garden,"200 Đ. 3 Tháng 2, Phường 12, Quận 10, Thành phố Hồ Chí Minh 70000, Vietnam",10.7753466,106.6780884,"https://www.google.com/maps/place/B%C3%A1n%2BV%C3%A0%2BCho%2BThu%C3%AA%2BH%C3%A0%2B%C4%90%C3%B4%2BCentrosa%2BQu%E1%BA%ADn%2B10/@10.7753466,106.6780884,17z/data=!3m1!4b1!4m6!3m5!1s0x31752f1706b84a3f:0xf087de792371f0bc!8m2!3d10.7753466!4d106.6780884!16s/g/11sl0c4t3t","https://www.google.com/maps/place/B%C3%A1n%2BV%C3%A0%2BCho%2BThu%C3%AA%2BH%C3%A0%2B%C4%90%C3%B4%2BCentrosa%2BQu%E1%BA%ADn%2B10/@10.7753466,106.6780884,17z/data=!3m1!4b1!4m6!3m5!1s0x31752f1706b84a3f:0xf087de792371f0bc!8m2!3d10.7753466!4d106.6780884!16s/g/11sl0c4t3t",search+selected_place
Ministop -  Sài Gòn South,"Phước Kiển, Nhà Bè, Ho Chi Minh City, Vietnam",10.7204206,106.7042296,"https://www.google.com/maps/place/MINISTOP%2BSAIGON%2BSOUTH/@10.7204206,106.7042296,17z/data=!3m1!4b1!4m6!3m5!1s0x31752f812b64f4cf:0x62e617975563ed87!8m2!3d10.7204206!4d106.7042296!16s/g/11n103g8qb","https://www.google.com/maps/place/MINISTOP%2BSAIGON%2BSOUTH/@10.7204206,106.7042296,17z/data=!3m1!4b1!4m6!3m5!1s0x31752f812b64f4cf:0x62e617975563ed87!8m2!3d10.7204206!4d106.7042296!16s/g/11n103g8qb",search+selected_place
Ministop -  Saigon Royal,"Tháp A, Bến Vân Đồn, Phường 12, Quận 4, Thành phố Hồ Chí Minh, Vietnam",10.7669506,106.7039699,"https://www.google.com/maps/place/Ministop%2BSaigon%2BRoyal/@10.7669506,106.7039699,17z/data=!3m1!4b1!4m6!3m5!1s0x31752f6a75f3d199:0x82676162b98eaf9b!8m2!3d10.7669506!4d106.7039699!16s/g/11rb61366v","https://www.google.com/maps/place/Ministop%2BSaigon%2BRoyal/@10.7669506,106.7039699,17z/data=!3m1!4b1!4m6!3m5!1s0x31752f6a75f3d199:0x82676162b98eaf9b!8m2!3d10.7669506!4d106.7039699!16s/g/11rb61366v",search+selected_place
Ministop -  The CBD,"123/7 Đ. Đồng Văn Cống, Phường Thạnh Mỹ Lợi, Quận 2, Thành phố Hồ Chí Minh, Vietnam",10.7745241,106.7621116,"https://www.google.com/maps/place/Ministop%2BCBD%2B%C4%90%E1%BB%93ng%2BV%C4%83n%2BC%E1%BB%91ng/@10.7745241,106.7621116,17z/data=!3m1!4b1!4m6!3m5!1s0x317525a968055a4f:0x8475e87e6bdabc67!8m2!3d10.7745241!4d106.7621116!16s/g/11j99c6pk9","https://www.google.com/maps/place/Ministop%2BCBD%2B%C4%90%E1%BB%93ng%2BV%C4%83n%2BC%E1%BB%91ng/@10.7745241,106.7621116,17z/data=!3m1!4b1!4m6!3m5!1s0x317525a968055a4f:0x8475e87e6bdabc67!8m2!3d10.7745241!4d106.7621116!16s/g/11j99c6pk9",search+selected_place
Ministop -  Trần Hưng Đạo,"949 Trần Hưng Đạo, Phường 1, Quận 5, Thành phố Hồ Chí Minh 700000, Vietnam",10.7540705,106.6772072,"https://www.google.com/maps/place/MINISTOP/@10.7540705,106.6772072,17z/data=!3m1!4b1!4m6!3m5!1s0x31752f026ee37c6d:0x90cec6d253b5e012!8m2!3d10.7540705!4d106.6772072!16s/g/11ljc_fcl8","https://www.google.com/maps/place/MINISTOP/@10.7540705,106.6772072,17z/data=!3m1!4b1!4m6!3m5!1s0x31752f026ee37c6d:0x90cec6d253b5e012!8m2!3d10.7540705!4d106.6772072!16s/g/11ljc_fcl8",search+selected_place
Ministop -  Điện Biên Phủ,"475A Điện Biên Phủ, Phường 25, Bình Thạnh, Thành phố Hồ Chí Minh, Vietnam",10.8025372,106.7146403,"https://www.google.com/maps/place/MINISTOP%2BHUTECH/@10.8025372,106.7146403,17z/data=!3m1!4b1!4m6!3m5!1s0x317528a450d7cb9f:0xf65d8cc95cd2683f!8m2!3d10.8025372!4d106.7146403!16s/g/11c4nwfd12","https://www.google.com/maps/place/MINISTOP%2BHUTECH/@10.8025372,106.7146403,17z/data=!3m1!4b1!4m6!3m5!1s0x317528a450d7cb9f:0xf65d8cc95cd2683f!8m2!3d10.8025372!4d106.7146403!16s/g/11c4nwfd12",search+selected_place
Ministop -  Bùi Đình Túy 2,"247 C Bùi Đình Tuý, Phường 14, Bình Thạnh, Thành phố Hồ Chí Minh, Vietnam",10.8075409,106.701661,"https://www.google.com/maps/place/Ministop/@10.8075409,106.701661,17z/data=!3m1!4b1!4m6!3m5!1s0x317528bf0dc25777:0x265855396e6251a5!8m2!3d10.8075409!4d106.701661!16s/g/11fyls00d5","https://www.google.com/maps/place/Ministop/@10.8075409,106.701661,17z/data=!3m1!4b1!4m6!3m5!1s0x317528bf0dc25777:0x265855396e6251a5!8m2!3d10.8075409!4d106.701661!16s/g/11fyls00d5",search+selected_place
Ministop -  Đại học Ngân Hàng,"Bắc Sơn, Trảng Bom District, Dong Nai, Vietnam",10.9663656,106.9547279,"https://www.google.com/maps/place/Mini%2BStop/@10.9663656,106.9547279,17z/data=!3m1!4b1!4m6!3m5!1s0x3174e721466e4a0f:0xcf898445c430840!8m2!3d10.9663656!4d106.9547279!16s/g/11hm427vtn","https://www.google.com/maps/place/Mini%2BStop/@10.9663656,106.9547279,17z/data=!3m1!4b1!4m6!3m5!1s0x3174e721466e4a0f:0xcf898445c430840!8m2!3d10.9663656!4d106.9547279!16s/g/11hm427vtn",search+selected_place
Ministop -  Nguyễn Trãi,"927 Nguyễn Trãi, Phường 14, Quận 5, Thành phố Hồ Chí Minh, Vietnam",10.7527876,106.6553383,"https://www.google.com/maps/place/MINISTOP/@10.7527876,106.6553383,17z/data=!3m1!4b1!4m6!3m5!1s0x31752faee0d81739:0x2c8c6fd591cf5121!8m2!3d10.7527876!4d106.6553383!16s/g/11fnw0sqgz","https://www.google.com/maps/place/MINISTOP/@10.7527876,106.6553383,17z/data=!3m1!4b1!4m6!3m5!1s0x31752faee0d81739:0x2c8c6fd591cf5121!8m2!3d10.7527876!4d106.6553383!16s/g/11fnw0sqgz",search+selected_place
Ministop -  Palm Residence,"SH7C, 12A đường A5, KDC Palm Residence, Khu Phố 3, Thủ Đức, Thành phố Hồ Chí Minh, Vietnam",10.7921532,106.7612333,"https://www.google.com/maps/place/Ministop%2BPalm%2BResidence/@10.7921532,106.7612333,17z/data=!3m1!4b1!4m6!3m5!1s0x31752732ab42095b:0x2a6d15e6c1322530!8m2!3d10.7921532!4d106.7612333!16s/g/11h58cynm1","https://www.google.com/maps/place/Ministop%2BPalm%2BResidence/@10.7921532,106.7612333,17z/data=!3m1!4b1!4m6!3m5!1s0x31752732ab42095b:0x2a6d15e6c1322530!8m2!3d10.7921532!4d106.7612333!16s/g/11h58cynm1",search+selected_place
Ministop -  Homyland Riverside,"360 Nguyễn Duy Trinh, Phường Bình Trưng Tây, Quận 2, Thành phố Hồ Chí Minh, Vietnam",10.7894095,106.7686563,"https://www.google.com/maps/place/Ministop%2BHomyland%2BRiverside/@10.7894095,106.7686563,17z/data=!3m1!4b1!4m6!3m5!1s0x317527abe6891fff:0x43b240654865d4ed!8m2!3d10.7894095!4d106.7686563!16s/g/11fr0cjpj4","https://www.google.com/maps/place/Ministop%2BHomyland%2BRiverside/@10.7894095,106.7686563,17z/data=!3m1!4b1!4m6!3m5!1s0x317527abe6891fff:0x43b240654865d4ed!8m2!3d10.7894095!4d106.7686563!16s/g/11fr0cjpj4",search+selected_place
Ministop -  Cityland,"P5-00.13 Cityland Park Hills, 18 Đ. Phan Văn Trị, Phường 10, Gò Vấp, Thành phố Hồ Chí Minh, Vietnam",10.836833,106.6675504,"https://www.google.com/maps/place/Ministop/@10.836833,106.6675504,17z/data=!3m1!4b1!4m6!3m5!1s0x3175292161caf477:0x479077db8b93dede!8m2!3d10.836833!4d106.6675504!16s/g/11ftwg106f","https://www.google.com/maps/place/Ministop/@10.836833,106.6675504,17z/data=!3m1!4b1!4m6!3m5!1s0x3175292161caf477:0x479077db8b93dede!8m2!3d10.836833!4d106.6675504!16s/g/11ftwg106f",search+selected_place
Ministop -  Mai Thị Lựu,"21 Mai Thị Lựu, Đa Kao, Quận 1, Thành phố Hồ Chí Minh, Vietnam",10.7906677,106.6996129,"https://www.google.com/maps/place/MiniStop/@10.7906677,106.6996129,17z/data=!3m1!4b1!4m6!3m5!1s0x317529f326c87e9b:0x211096385b921809!8m2!3d10.7906677!4d106.6996129!16s/g/11h_610dt_","https://www.google.com/maps/place/MiniStop/@10.7906677,106.6996129,17z/data=!3m1!4b1!4m6!3m5!1s0x317529f326c87e9b:0x211096385b921809!8m2!3d10.7906677!4d106.6996129!16s/g/11h_610dt_",search+selected_place
Ministop -  Ni Sư Huỳnh Liên,"71 Ni Sư Huỳnh Liên, Phường 10, Tân Bình, Thành phố Hồ Chí Minh, Vietnam",10.7834972,106.6487679,"https://www.google.com/maps/place/MINISTOP/@10.7834972,106.6487679,17z/data=!3m1!4b1!4m6!3m5!1s0x31752fcb666b12af:0xba70b8e0c20999fa!8m2!3d10.7834972!4d106.6487679!16s/g/11fr3fyzd4","https://www.google.com/maps/place/MINISTOP/@10.7834972,106.6487679,17z/data=!3m1!4b1!4m6!3m5!1s0x31752fcb666b12af:0xba70b8e0c20999fa!8m2!3d10.7834972!4d106.6487679!16s/g/11fr3fyzd4",search+selected_place
Ministop -  Masteri An Phú,"179 Võ Nguyên Giáp, Thảo Điền, Thủ Đức, Thành phố Hồ Chí Minh 71107, Vietnam",10.8035896,106.7477414,"https://www.google.com/maps/place/MASTERI%2BAN%2BPH%C3%9A/@10.8035896,106.7477414,17z/data=!3m1!4b1!4m6!3m5!1s0x317527ce496f91f1:0x99a4aabc4bac329f!8m2!3d10.8035896!4d106.7477414!16s/g/11hz2dyt4l","https://www.google.com/maps/place/MASTERI%2BAN%2BPH%C3%9A/@10.8035896,106.7477414,17z/data=!3m1!4b1!4m6!3m5!1s0x317527ce496f91f1:0x99a4aabc4bac329f!8m2!3d10.8035896!4d106.7477414!16s/g/11hz2dyt4l",search+selected_place
Ministop -  The Sun Avenue,"The Sun avenue, 28 Mai Chí Thọ, An Phú, Thủ Đức, Thành phố Hồ Chí Minh, Vietnam",10.7851449,106.7484762,"https://www.google.com/maps/place/Ministop%2BSun%2BAvenue/@10.7851449,106.7484762,17z/data=!3m1!4b1!4m6!3m5!1s0x3175256209df66f1:0x41fbe7f663720c6e!8m2!3d10.7851449!4d106.7484762!16s/g/11fr0cn4dx","https://www.google.com/maps/place/Ministop%2BSun%2BAvenue/@10.7851449,106.7484762,17z/data=!3m1!4b1!4m6!3m5!1s0x3175256209df66f1:0x41fbe7f663720c6e!8m2!3d10.7851449!4d106.7484762!16s/g/11fr0cn4dx",search+selected_place
Ministop -  Hồ Văn Huê,"113 Đ. Thích Quảng Đức, Phường 4, Phú Nhuận, Thành phố Hồ Chí Minh, Vietnam",10.8056129,106.681758,"https://www.google.com/maps/place/Ministop/@10.8056129,106.681758,17z/data=!3m1!4b1!4m6!3m5!1s0x317528d95bcf658d:0x1827e2d1cb9e6cc4!8m2!3d10.8056129!4d106.681758!16s/g/11h9zgpv4_","https://www.google.com/maps/place/Ministop/@10.8056129,106.681758,17z/data=!3m1!4b1!4m6!3m5!1s0x317528d95bcf658d:0x1827e2d1cb9e6cc4!8m2!3d10.8056129!4d106.681758!16s/g/11h9zgpv4_",search+selected_place
Ministop -  Đảo Kim Cương,"Đảo Kim Cương, Quận 2, Thủ Đức, Thành phố Hồ Chí Minh, Vietnam",10.7796021,106.746944,"https://www.google.com/maps/place/MINISTOP/@10.7796021,106.746944,17z/data=!3m1!4b1!4m6!3m5!1s0x31752511b4cfc54d:0x2593883397efdd9a!8m2!3d10.7796021!4d106.746944!16s/g/11h0yg8xq0","https://www.google.com/maps/place/MINISTOP/@10.7796021,106.746944,17z/data=!3m1!4b1!4m6!3m5!1s0x31752511b4cfc54d:0x2593883397efdd9a!8m2!3d10.7796021!4d106.746944!16s/g/11h0yg8xq0",search+selected_place
Ministop -  Vinhomes Golden River (Bason),"2 Tôn Đức Thắng, Bến Nghé, Quận 1, Thành phố Hồ Chí Minh, Vietnam",10.7867421,106.710601,"https://www.google.com/maps/place/MINISTOP%2B-%2BVinhomes%2BGolden%2BRiver/@10.7867421,106.710601,17z/data=!3m1!4b1!4m6!3m5!1s0x31752f8b320ad723:0xffcfda53d640e5af!8m2!3d10.7867421!4d106.710601!16s/g/11h0mj3mzd","https://www.google.com/maps/place/MINISTOP%2B-%2BVinhomes%2BGolden%2BRiver/@10.7867421,106.710601,17z/data=!3m1!4b1!4m6!3m5!1s0x31752f8b320ad723:0xffcfda53d640e5af!8m2!3d10.7867421!4d106.710601!16s/g/11h0mj3mzd",search+selected_place
Ministop -  Đường 3/2,"200 Đ. 3 Tháng 2, Phường 12, Quận 10, Thành phố Hồ Chí Minh, Vietnam",10.7753088,106.6779535,"https://www.google.com/maps/place/Mini%2Bstop/@10.7753088,106.6779535,17z/data=!3m1!4b1!4m6!3m5!1s0x31752fcdeccf645b:0xf1937807031f5fdf!8m2!3d10.7753088!4d106.6779535!16s/g/11nnsbhg2s","https://www.google.com/maps/place/Mini%2Bstop/@10.7753088,106.6779535,17z/data=!3m1!4b1!4m6!3m5!1s0x31752fcdeccf645b:0xf1937807031f5fdf!8m2!3d10.7753088!4d106.6779535!16s/g/11nnsbhg2s",search+selected_place
Ministop -  Phùng Văn Cung,"94d Đ. Phùng Văn Cung, Phường 7, Phú Nhuận, Thành phố Hồ Chí Minh, Vietnam",10.8020394,106.6846612,"https://www.google.com/maps/place/MINISTOP-S123/@10.8020394,106.6846612,17z/data=!3m1!4b1!4m6!3m5!1s0x3175299e7efd92ad:0x88d612b73553d988!8m2!3d10.8020394!4d106.6846612!16s/g/11kd9mtbvl","https://www.google.com/maps/place/MINISTOP-S123/@10.8020394,106.6846612,17z/data=!3m1!4b1!4m6!3m5!1s0x3175299e7efd92ad:0x88d612b73553d988!8m2!3d10.8020394!4d106.6846612!16s/g/11kd9mtbvl",search+selected_place
Ministop -  Lê Thánh Tôn,"11 Lê Thánh Tôn, Bến Nghé, Quận 1, Thành phố Hồ Chí Minh, Vietnam",10.7815277,106.7056722,"https://www.google.com/maps/place/Ministop%2BL%C3%AA%2BTh%C3%A1nh%2BT%C3%B4n/@10.7815277,106.7056722,17z/data=!3m1!4b1!4m6!3m5!1s0x31752f18c38f26ef:0x450658968a441c1!8m2!3d10.7815277!4d106.7056722!16s/g/11gy572bdc","https://www.google.com/maps/place/Ministop%2BL%C3%AA%2BTh%C3%A1nh%2BT%C3%B4n/@10.7815277,106.7056722,17z/data=!3m1!4b1!4m6!3m5!1s0x31752f18c38f26ef:0x450658968a441c1!8m2!3d10.7815277!4d106.7056722!16s/g/11gy572bdc",search+selected_place
Ministop -  Hoàng Văn Thụ,"521 Hoàng Văn Thụ, Phường 4, Tân Bình, Thành phố Hồ Chí Minh, Vietnam",10.7959324,106.6565079,"https://www.google.com/maps/place/MINISTOP/@10.7959324,106.6565079,17z/data=!3m1!4b1!4m6!3m5!1s0x317529e6211c83ff:0x62e20f4c6646bab7!8m2!3d10.7959324!4d106.6565079!16s/g/11fkl8wrnn","https://www.google.com/maps/place/MINISTOP/@10.7959324,106.6565079,17z/data=!3m1!4b1!4m6!3m5!1s0x317529e6211c83ff:0x62e20f4c6646bab7!8m2!3d10.7959324!4d106.6565079!16s/g/11fkl8wrnn",search+selected_place
Ministop -  Nguyễn Thái Bình 2,"Số 163 Nguyễn Thái Bình, Phường Nguyễn Thái Bình, Quận 1, Thành phố Hồ Chí Minh, Vietnam",10.7680338,106.6985382,"https://www.google.com/maps/place/Ministop%2BNguy%E1%BB%85n%2BTh%C3%A1i%2BB%C3%ACnh/@10.7680338,106.6985382,17z/data=!3m1!4b1!4m6!3m5!1s0x31752f035ebdb86b:0xcef0a3993cc93af4!8m2!3d10.7680338!4d106.6985382!16s/g/11f5k2bwhz","https://www.google.com/maps/place/Ministop%2BNguy%E1%BB%85n%2BTh%C3%A1i%2BB%C3%ACnh/@10.7680338,106.6985382,17z/data=!3m1!4b1!4m6!3m5!1s0x31752f035ebdb86b:0xcef0a3993cc93af4!8m2!3d10.7680338!4d106.6985382!16s/g/11f5k2bwhz",search+selected_place
Ministop -  Phổ Quang 2,"104 Đ. Phổ Quang, Phường 2, Tân Bình, Thành phố Hồ Chí Minh, Vietnam",10.8084579,106.6702581,"https://www.google.com/maps/place/MINISTOP/@10.8084579,106.6702581,17z/data=!3m1!4b1!4m6!3m5!1s0x31752941bac1867b:0xc0091c3348ee3902!8m2!3d10.8084579!4d106.6702581!16s/g/11sx50qnwg","https://www.google.com/maps/place/MINISTOP/@10.8084579,106.6702581,17z/data=!3m1!4b1!4m6!3m5!1s0x31752941bac1867b:0xc0091c3348ee3902!8m2!3d10.8084579!4d106.6702581!16s/g/11sx50qnwg",search+selected_place
Ministop -  Nguyễn Văn Nguyễn,"216c Nguyễn Văn Nguyễn, Phường Tân Định, Quận 1, Thành phố Hồ Chí Minh, Vietnam",10.7917188,106.6878628,"https://www.google.com/maps/place/Ministop%2BNguyen%2BVan%2BNguyen/@10.7917188,106.6878628,17z/data=!3m1!4b1!4m6!3m5!1s0x317528d29cdf7119:0x4c9f27ff8825d038!8m2!3d10.7917188!4d106.6878628!16s/g/11ggmgt8qj","https://www.google.com/maps/place/Ministop%2BNguyen%2BVan%2BNguyen/@10.7917188,106.6878628,17z/data=!3m1!4b1!4m6!3m5!1s0x317528d29cdf7119:0x4c9f27ff8825d038!8m2!3d10.7917188!4d106.6878628!16s/g/11ggmgt8qj",search+selected_place
Ministop -  Nguyễn Cảnh Chân,"TK17/1 Nguyễn Cảnh Chân, Cầu Kho, Quận 1, Thành phố Hồ Chí Minh, Vietnam",10.7581011,106.6885685,"https://www.google.com/maps/place/MINISTOP%2BNguy%E1%BB%85n%2BC%E1%BA%A3nh%2BCh%C3%A2n/@10.7581011,106.6885685,17z/data=!3m1!4b1!4m6!3m5!1s0x31752fa0d63f4303:0x6468aec8016a5d50!8m2!3d10.7581011!4d106.6885685!16s/g/11gh4mb3t0","https://www.google.com/maps/place/MINISTOP%2BNguy%E1%BB%85n%2BC%E1%BA%A3nh%2BCh%C3%A2n/@10.7581011,106.6885685,17z/data=!3m1!4b1!4m6!3m5!1s0x31752fa0d63f4303:0x6468aec8016a5d50!8m2!3d10.7581011!4d106.6885685!16s/g/11gh4mb3t0",search+selected_place
Ministop -  New City Thủ Thiêm,"17 Mai Chí Thọ, Phường An Khánh, Thủ Đức, Thành phố Hồ Chí Minh, Vietnam",10.7822175,106.7360938,"https://www.google.com/maps/place/Ministop%2BNew%2BCity/@10.7822175,106.7360938,17z/data=!3m1!4b1!4m6!3m5!1s0x317525e34fedf0ef:0xecee2d2cbabb516c!8m2!3d10.7822175!4d106.7360938!16s/g/11gf5s4130","https://www.google.com/maps/place/Ministop%2BNew%2BCity/@10.7822175,106.7360938,17z/data=!3m1!4b1!4m6!3m5!1s0x317525e34fedf0ef:0xecee2d2cbabb516c!8m2!3d10.7822175!4d106.7360938!16s/g/11gf5s4130",search+selected_place
Ministop -  Trần Trọng Cung,"69 Trần Trọng Cung, Tân Thuận Đông, Quận 7, Thành phố Hồ Chí Minh, Vietnam",10.7437729,106.7319172,"https://www.google.com/maps/place/MINISTOP/@10.7437729,106.7319172,17z/data=!3m1!4b1!4m6!3m5!1s0x3175257883c17f19:0x8424a570432a7313!8m2!3d10.7437729!4d106.7319172!16s/g/11f3n9_wvg","https://www.google.com/maps/place/MINISTOP/@10.7437729,106.7319172,17z/data=!3m1!4b1!4m6!3m5!1s0x3175257883c17f19:0x8424a570432a7313!8m2!3d10.7437729!4d106.7319172!16s/g/11f3n9_wvg",search+selected_place
Ministop -  Suối Tiên,"120 Song Hành Xa Lộ Hà Nội, P, Thủ Đức, Thành phố Hồ Chí Minh, Vietnam",10.8660597,106.8024359,"https://www.google.com/maps/place/MINISTOP/@10.8660597,106.8024359,17z/data=!3m1!4b1!4m6!3m5!1s0x3175275971ad014d:0x39d693bae6626097!8m2!3d10.8660597!4d106.8024359!16s/g/11h9rwsfv9","https://www.google.com/maps/place/MINISTOP/@10.8660597,106.8024359,17z/data=!3m1!4b1!4m6!3m5!1s0x3175275971ad014d:0x39d693bae6626097!8m2!3d10.8660597!4d106.8024359!16s/g/11h9rwsfv9",search+selected_place
Ministop -  Thành Thái 2,"136 Đ. Thành Thái, Phường 14, Quận 10, Thành phố Hồ Chí Minh, Vietnam",10.7749558,106.6643185,"https://www.google.com/maps/place/Ministop%2BCN%2BTh%C3%A0nh%2BTh%C3%A1i./@10.7749558,106.6643185,17z/data=!3m1!4b1!4m6!3m5!1s0x31752fdb6089e127:0x4aeec3df51b47bb2!8m2!3d10.7749558!4d106.6643185!16s/g/11f5psjp1d","https://www.google.com/maps/place/Ministop%2BCN%2BTh%C3%A0nh%2BTh%C3%A1i./@10.7749558,106.6643185,17z/data=!3m1!4b1!4m6!3m5!1s0x31752fdb6089e127:0x4aeec3df51b47bb2!8m2!3d10.7749558!4d106.6643185!16s/g/11f5psjp1d",search+selected_place
Ministop -  Hutech 2,"475A Điện Biên Phủ, Phường 25, Bình Thạnh, Thành phố Hồ Chí Minh, Vietnam",10.8025372,106.7146403,"https://www.google.com/maps/place/MINISTOP%2BHUTECH/@10.8025372,106.7146403,17z/data=!3m1!4b1!4m6!3m5!1s0x317528a450d7cb9f:0xf65d8cc95cd2683f!8m2!3d10.8025372!4d106.7146403!16s/g/11c4nwfd12","https://www.google.com/maps/place/MINISTOP%2BHUTECH/@10.8025372,106.7146403,17z/data=!3m1!4b1!4m6!3m5!1s0x317528a450d7cb9f:0xf65d8cc95cd2683f!8m2!3d10.8025372!4d106.7146403!16s/g/11c4nwfd12",search+selected_place
Ministop -  Nguyễn Cửu Vân,"79 Nguyễn Cửu Vân, Phường 17, Bình Thạnh, Thành phố Hồ Chí Minh, Vietnam",10.7956207,106.7072979,"https://www.google.com/maps/place/MINISTOP/@10.7956207,106.7072979,17z/data=!3m1!4b1!4m6!3m5!1s0x317528b13efc091d:0x10632743d9c26a64!8m2!3d10.7956207!4d106.7072979!16s/g/11f2rwc162","https://www.google.com/maps/place/MINISTOP/@10.7956207,106.7072979,17z/data=!3m1!4b1!4m6!3m5!1s0x317528b13efc091d:0x10632743d9c26a64!8m2!3d10.7956207!4d106.7072979!16s/g/11f2rwc162",search+selected_place
Ministop -  Vạn Kiếp 2,"87 Đ. Vạn Kiếp, Phường 1, Bình Thạnh, Thành phố Hồ Chí Minh, Vietnam",10.7992906,106.6936645,"https://www.google.com/maps/place/MINISTOP/@10.7992906,106.6936645,17z/data=!3m1!4b1!4m6!3m5!1s0x317529fbd5603f75:0xcb7a3e635ec6f2ba!8m2!3d10.7992906!4d106.6936645!16s/g/11f5k4pxjc","https://www.google.com/maps/place/MINISTOP/@10.7992906,106.6936645,17z/data=!3m1!4b1!4m6!3m5!1s0x317529fbd5603f75:0xcb7a3e635ec6f2ba!8m2!3d10.7992906!4d106.6936645!16s/g/11f5k4pxjc",search+selected_place
Ministop -  Phú Thọ,"75 Phú Thọ, Phường 1, Quận 11, Thành phố Hồ Chí Minh, Vietnam",10.7584143,106.6415694,"https://www.google.com/maps/place/Ministop/@10.7584143,106.6415694,17z/data=!3m1!4b1!4m6!3m5!1s0x31752e8fed95449f:0x96e5798e137267a1!8m2!3d10.7584143!4d106.6415694!16s/g/11f15hw5lw","https://www.google.com/maps/place/Ministop/@10.7584143,106.6415694,17z/data=!3m1!4b1!4m6!3m5!1s0x31752e8fed95449f:0x96e5798e137267a1!8m2!3d10.7584143!4d106.6415694!16s/g/11f15hw5lw",search+selected_place
Ministop -  Đại Học Hồng Bàng,"QM37+X6M, Đ. Hồng Bàng, Phường 11, Quận 5, Thành phố Hồ Chí Minh, Vietnam",10.7549556,106.663059,"https://www.google.com/maps/place/%E3%83%9F%E3%83%8B%E3%82%B9%E3%83%88%E3%83%83%E3%83%97/@10.7549556,106.663059,17z/data=!3m1!4b1!4m6!3m5!1s0x31752fa5611074bb:0xdc0b1a4b850d8fae!8m2!3d10.7549556!4d106.663059!16s/g/11j4n_h7zv","https://www.google.com/maps/place/%E3%83%9F%E3%83%8B%E3%82%B9%E3%83%88%E3%83%83%E3%83%97/@10.7549556,106.663059,17z/data=!3m1!4b1!4m6!3m5!1s0x31752fa5611074bb:0xdc0b1a4b850d8fae!8m2!3d10.7549556!4d106.663059!16s/g/11j4n_h7zv",search+selected_place
Ministop -  Bình Giã,"62 Bình Giã, Phường Tân Bình, Tân Bình, Thành phố Hồ Chí Minh, Vietnam",10.8005222,106.6447201,"https://www.google.com/maps/place/Ministop%2B-%2BB%C3%ACnh%2BGi%C3%A3/@10.8005222,106.6447201,17z/data=!3m1!4b1!4m6!3m5!1s0x3175294f1d1bff07:0xf02e34a4e07349ca!8m2!3d10.8005222!4d106.6447201!16s/g/11f5bxhsth","https://www.google.com/maps/place/Ministop%2B-%2BB%C3%ACnh%2BGi%C3%A3/@10.8005222,106.6447201,17z/data=!3m1!4b1!4m6!3m5!1s0x3175294f1d1bff07:0xf02e34a4e07349ca!8m2!3d10.8005222!4d106.6447201!16s/g/11f5bxhsth",search+selected_place
Ministop -  Cao Thắng 2,"262 Cao Thắng, Phường 12, Quận 10, Thành phố Hồ Chí Minh, Vietnam",10.7748906,106.6756687,"https://www.google.com/maps/place/MINISTOP/@10.7748906,106.6756687,17z/data=!3m1!4b1!4m6!3m5!1s0x31752f355073ae65:0xdbc436666ee9034f!8m2!3d10.7748906!4d106.6756687!16s/g/11gh7rygh2","https://www.google.com/maps/place/MINISTOP/@10.7748906,106.6756687,17z/data=!3m1!4b1!4m6!3m5!1s0x31752f355073ae65:0xdbc436666ee9034f!8m2!3d10.7748906!4d106.6756687!16s/g/11gh7rygh2",search+selected_place
Ministop -  Nguyễn Trọng Tuyển 2,"41 Nguyễn Trọng Tuyển, Phường 15, Phú Nhuận, Thành phố Hồ Chí Minh, Vietnam",10.7971661,106.6799951,"https://www.google.com/maps/place/MINISTOP/@10.7971661,106.6799951,17z/data=!3m1!4b1!4m6!3m5!1s0x317528d6ed138855:0x7830bf62c32124c2!8m2!3d10.7971661!4d106.6799951!16s/g/11f03ssw88","https://www.google.com/maps/place/MINISTOP/@10.7971661,106.6799951,17z/data=!3m1!4b1!4m6!3m5!1s0x317528d6ed138855:0x7830bf62c32124c2!8m2!3d10.7971661!4d106.6799951!16s/g/11f03ssw88",search+selected_place
Ministop -  Thích Quảng Đức,"113 Đ. Thích Quảng Đức, Phường 4, Phú Nhuận, Thành phố Hồ Chí Minh, Vietnam",10.8056129,106.681758,"https://www.google.com/maps/place/Ministop/@10.8056129,106.681758,17z/data=!3m1!4b1!4m6!3m5!1s0x317528d95bcf658d:0x1827e2d1cb9e6cc4!8m2!3d10.8056129!4d106.681758!16s/g/11h9zgpv4_","https://www.google.com/maps/place/Ministop/@10.8056129,106.681758,17z/data=!3m1!4b1!4m6!3m5!1s0x317528d95bcf658d:0x1827e2d1cb9e6cc4!8m2!3d10.8056129!4d106.681758!16s/g/11h9zgpv4_",search+selected_place
Ministop -  Ung Văn Khiêm,"31/53 Hẻm 31 Ung Văn Khiêm, Phường 25, Bình Thạnh, Thành phố Hồ Chí Minh, Vietnam",10.8099405,106.714914,"https://www.google.com/maps/place/MINISTOP/@10.8099405,106.714914,17z/data=!3m1!4b1!4m6!3m5!1s0x31752965c338adcb:0xf4a95584f7e67a9d!8m2!3d10.8099405!4d106.714914!16s/g/11ghfpq22z","https://www.google.com/maps/place/MINISTOP/@10.8099405,106.714914,17z/data=!3m1!4b1!4m6!3m5!1s0x31752965c338adcb:0xf4a95584f7e67a9d!8m2!3d10.8099405!4d106.714914!16s/g/11ghfpq22z",search+selected_place
Ministop -  Hoàng Diệu,"58 Đ. Hoàng Diệu 2, Linh Chiểu, Thủ Đức, Thành phố Hồ Chí Minh, Vietnam",10.8578065,106.7633672,"https://www.google.com/maps/place/MINI%2BSTOP/@10.8578065,106.7633672,17z/data=!3m1!4b1!4m6!3m5!1s0x317527a3aab4bbb7:0x6c6be78465fa5bad!8m2!3d10.8578065!4d106.7633672!16s/g/11j48glwqk","https://www.google.com/maps/place/MINI%2BSTOP/@10.8578065,106.7633672,17z/data=!3m1!4b1!4m6!3m5!1s0x317527a3aab4bbb7:0x6c6be78465fa5bad!8m2!3d10.8578065!4d106.7633672!16s/g/11j48glwqk",search+selected_place
Ministop -  Bệnh Viện Nhi Đồng 1 Khu Ngoại Trú,"341 Sư Vạn Hạnh, Phường 10, Hồ Chí Minh, Quận 10 Hồ Chí Minh, Vietnam",10.7684127,106.6707633,"https://www.google.com/maps/place/Ministop/@10.7684127,106.6707633,17z/data=!3m1!4b1!4m6!3m5!1s0x31752f7347ec6593:0xc1c262b432a06d02!8m2!3d10.7684127!4d106.6707633!16s/g/11gh95npyf","https://www.google.com/maps/place/Ministop/@10.7684127,106.6707633,17z/data=!3m1!4b1!4m6!3m5!1s0x31752f7347ec6593:0xc1c262b432a06d02!8m2!3d10.7684127!4d106.6707633!16s/g/11gh95npyf",search+selected_place
Ministop -  Masteri Thảo Điền,"41 Thái Ly, Thảo Điền, Thủ Đức, Thành phố Hồ Chí Minh, Vietnam",10.8060976,106.7310936,"https://www.google.com/maps/place/MINISTOP/@10.8060976,106.7310936,17z/data=!3m1!4b1!4m6!3m5!1s0x31752619190912c3:0xfd4bac9708a5182c!8m2!3d10.8060976!4d106.7310936!16s/g/11f3tj736w","https://www.google.com/maps/place/MINISTOP/@10.8060976,106.7310936,17z/data=!3m1!4b1!4m6!3m5!1s0x31752619190912c3:0xfd4bac9708a5182c!8m2!3d10.8060976!4d106.7310936!16s/g/11f3tj736w",search+selected_place
Ministop -  Bành Văn Trân,"108B Bành Văn Trân, Phường 7, Tân Bình, Thành phố Hồ Chí Minh, Vietnam",10.7885728,106.656536,"https://www.google.com/maps/place/MINISTOP/@10.7885728,106.656536,17z/data=!3m1!4b1!4m6!3m5!1s0x31752ecba5e127d5:0x80ef701978196e72!8m2!3d10.7885728!4d106.656536!16s/g/11f0866pgn","https://www.google.com/maps/place/MINISTOP/@10.7885728,106.656536,17z/data=!3m1!4b1!4m6!3m5!1s0x31752ecba5e127d5:0x80ef701978196e72!8m2!3d10.7885728!4d106.656536!16s/g/11f0866pgn",search+selected_place
Ministop -  Nguyễn Lâm,"Số 46 Nguyễn Lâm, Phường 6, Quận 10, Thành phố Hồ Chí Minh, Vietnam",10.7636764,106.6634433,"https://www.google.com/maps/place/MINISTOP/@10.7636764,106.6634433,17z/data=!3m1!4b1!4m6!3m5!1s0x31752eef4c418ebb:0xaed6636c33062029!8m2!3d10.7636764!4d106.6634433!16s/g/11f_p2x8f0","https://www.google.com/maps/place/MINISTOP/@10.7636764,106.6634433,17z/data=!3m1!4b1!4m6!3m5!1s0x31752eef4c418ebb:0xaed6636c33062029!8m2!3d10.7636764!4d106.6634433!16s/g/11f_p2x8f0",search+selected_place
Ministop -  Thành Thái,"136 Đ. Thành Thái, Phường 14, Quận 10, Thành phố Hồ Chí Minh, Vietnam",10.7749558,106.6643185,"https://www.google.com/maps/place/Ministop%2BCN%2BTh%C3%A0nh%2BTh%C3%A1i./@10.7749558,106.6643185,17z/data=!3m1!4b1!4m6!3m5!1s0x31752fdb6089e127:0x4aeec3df51b47bb2!8m2!3d10.7749558!4d106.6643185!16s/g/11f5psjp1d","https://www.google.com/maps/place/Ministop%2BCN%2BTh%C3%A0nh%2BTh%C3%A1i./@10.7749558,106.6643185,17z/data=!3m1!4b1!4m6!3m5!1s0x31752fdb6089e127:0x4aeec3df51b47bb2!8m2!3d10.7749558!4d106.6643185!16s/g/11f5psjp1d",search+selected_place
Ministop -  Lý Nam Đế,"117 Lý Nam Đế, Phường 7, Quận 11, Thành phố Hồ Chí Minh, Vietnam",10.7609007,106.6595134,"https://www.google.com/maps/place/Ministop%2BL%C3%BD%2BNam%2B%C4%90%E1%BA%BF/@10.7609007,106.6595134,17z/data=!3m1!4b1!4m6!3m5!1s0x31752eee6509f737:0xdec9428921968aca!8m2!3d10.7609007!4d106.6595134!16s/g/11f57whf9y","https://www.google.com/maps/place/Ministop%2BL%C3%BD%2BNam%2B%C4%90%E1%BA%BF/@10.7609007,106.6595134,17z/data=!3m1!4b1!4m6!3m5!1s0x31752eee6509f737:0xdec9428921968aca!8m2!3d10.7609007!4d106.6595134!16s/g/11f57whf9y",search+selected_place
Ministop -  Nguyễn Thiện Thuật 2,"138 Đ. Nguyễn Thiện Thuật, Phường 3, Quận 3, Thành phố Hồ Chí Minh, Vietnam",10.7681728,106.6798332,"https://www.google.com/maps/place/MINISTOP/@10.7681728,106.6798332,17z/data=!3m1!4b1!4m6!3m5!1s0x31752f1f7b7d42cb:0x59a8f834ba1d94f7!8m2!3d10.7681728!4d106.6798332!16s/g/11fxd_vj4s","https://www.google.com/maps/place/MINISTOP/@10.7681728,106.6798332,17z/data=!3m1!4b1!4m6!3m5!1s0x31752f1f7b7d42cb:0x59a8f834ba1d94f7!8m2!3d10.7681728!4d106.6798332!16s/g/11fxd_vj4s",search+selected_place
Ministop -  Trần Nhân Tôn,"179 Trần Nhân Tôn, Phường 2, Quận 10, Thành phố Hồ Chí Minh, Vietnam",10.763131,106.674549,"https://www.google.com/maps/place/MINISTOP/@10.763131,106.674549,17z/data=!3m1!4b1!4m6!3m5!1s0x31752ee22132f107:0xc637321cb7646f4d!8m2!3d10.763131!4d106.674549!16s/g/11gdggtmjm","https://www.google.com/maps/place/MINISTOP/@10.763131,106.674549,17z/data=!3m1!4b1!4m6!3m5!1s0x31752ee22132f107:0xc637321cb7646f4d!8m2!3d10.763131!4d106.674549!16s/g/11gdggtmjm",search+selected_place
Ministop -  Bùi Đình Túy,"247 C Bùi Đình Tuý, Phường 14, Bình Thạnh, Thành phố Hồ Chí Minh, Vietnam",10.8075409,106.701661,"https://www.google.com/maps/place/Ministop/@10.8075409,106.701661,17z/data=!3m1!4b1!4m6!3m5!1s0x317528bf0dc25777:0x265855396e6251a5!8m2!3d10.8075409!4d106.701661!16s/g/11fyls00d5","https://www.google.com/maps/place/Ministop/@10.8075409,106.701661,17z/data=!3m1!4b1!4m6!3m5!1s0x317528bf0dc25777:0x265855396e6251a5!8m2!3d10.8075409!4d106.701661!16s/g/11fyls00d5",search+selected_place
Ministop -  Đinh Bộ Lĩnh,"157 Đ. Đinh Bộ Lĩnh, Phường 26, Bình Thạnh, Thành phố Hồ Chí Minh, Vietnam",10.8092953,106.7090864,"https://www.google.com/maps/place/MINISTOP/@10.8092953,106.7090864,17z/data=!3m1!4b1!4m6!3m5!1s0x31752897cc352d4b:0xe60b318d7c4da837!8m2!3d10.8092953!4d106.7090864!16s/g/11c60063kk","https://www.google.com/maps/place/MINISTOP/@10.8092953,106.7090864,17z/data=!3m1!4b1!4m6!3m5!1s0x31752897cc352d4b:0xe60b318d7c4da837!8m2!3d10.8092953!4d106.7090864!16s/g/11c60063kk",search+selected_place
Ministop -  Vũ Tông Phan,"8 Vũ Tông Phan, An Phú, Thủ Đức, Thành phố Hồ Chí Minh, Vietnam",10.7978134,106.7428493,"https://www.google.com/maps/place/Ministop%2BVu%2BTong%2BPhan/@10.7978134,106.7428493,17z/data=!3m1!4b1!4m6!3m5!1s0x3175261275f934bd:0xf84c37ce15bb39d!8m2!3d10.7978134!4d106.7428493!16s/g/11csr6xmsg","https://www.google.com/maps/place/Ministop%2BVu%2BTong%2BPhan/@10.7978134,106.7428493,17z/data=!3m1!4b1!4m6!3m5!1s0x3175261275f934bd:0xf84c37ce15bb39d!8m2!3d10.7978134!4d106.7428493!16s/g/11csr6xmsg",search+selected_place
Ministop -  Bình Thới,"120 Đ. Bình Thới, Phường 14, Quận 11, Thành phố Hồ Chí Minh, Vietnam",10.7675984,106.6496975,"https://www.google.com/maps/place/MINISTOP/@10.7675984,106.6496975,17z/data=!3m1!4b1!4m6!3m5!1s0x31752e95aa6ffffd:0x726dda7e0fb9ee13!8m2!3d10.7675984!4d106.6496975!16s/g/11c6lbp7p_","https://www.google.com/maps/place/MINISTOP/@10.7675984,106.6496975,17z/data=!3m1!4b1!4m6!3m5!1s0x31752e95aa6ffffd:0x726dda7e0fb9ee13!8m2!3d10.7675984!4d106.6496975!16s/g/11c6lbp7p_",search+selected_place
Ministop -  Hoàng Hoa Thám 2,"10A Hoàng Hoa Thám, Phường 7, Bình Thạnh, Thành phố Hồ Chí Minh, Vietnam",10.8047072,106.6918625,"https://www.google.com/maps/place/MINISTOP/@10.8047072,106.6918625,17z/data=!3m1!4b1!4m6!3m5!1s0x317528c467f81b55:0xa0c0e32a7fb95e48!8m2!3d10.8047072!4d106.6918625!16s/g/11btrs3q_0","https://www.google.com/maps/place/MINISTOP/@10.8047072,106.6918625,17z/data=!3m1!4b1!4m6!3m5!1s0x317528c467f81b55:0xa0c0e32a7fb95e48!8m2!3d10.8047072!4d106.6918625!16s/g/11btrs3q_0",search+selected_place
Ministop -  Trần Quý Cáp,"43 Đ. Trần Quý Cáp, Phường 11, Bình Thạnh, Thành phố Hồ Chí Minh, Vietnam",10.8155772,106.6953528,"https://www.google.com/maps/place/Ministop/@10.8155772,106.6953528,17z/data=!3m1!4b1!4m6!3m5!1s0x317528ebeb79e5b3:0x6db724724cf5df80!8m2!3d10.8155772!4d106.6953528!16s/g/11g027y9_z","https://www.google.com/maps/place/Ministop/@10.8155772,106.6953528,17z/data=!3m1!4b1!4m6!3m5!1s0x317528ebeb79e5b3:0x6db724724cf5df80!8m2!3d10.8155772!4d106.6953528!16s/g/11g027y9_z",search+selected_place
Ministop -  Sư Vạn Hạnh,"435 Sư Vạn Hạnh, Phường 12, Quận 10, Thành phố Hồ Chí Minh, Vietnam",10.7727332,106.6689561,"https://www.google.com/maps/place/MINISTOP/@10.7727332,106.6689561,17z/data=!3m1!4b1!4m6!3m5!1s0x31752edc38f507a9:0x37fcd8802da0542a!8m2!3d10.7727332!4d106.6689561!16s/g/11c2k_sz7b","https://www.google.com/maps/place/MINISTOP/@10.7727332,106.6689561,17z/data=!3m1!4b1!4m6!3m5!1s0x31752edc38f507a9:0x37fcd8802da0542a!8m2!3d10.7727332!4d106.6689561!16s/g/11c2k_sz7b",search+selected_place
Ministop -  Trần Quốc Toản,"47 Trần Quốc Toản, Phường Võ Thị Sáu, Quận 3, Thành phố Hồ Chí Minh, Vietnam",10.78809,106.688799,"https://www.google.com/maps/place/MINISTOP/@10.78809,106.688799,17z/data=!3m1!4b1!4m6!3m5!1s0x31752f3299feb5b3:0xe084d7b4ee205d1a!8m2!3d10.78809!4d106.688799!16s/g/11cs2h8csp","https://www.google.com/maps/place/MINISTOP/@10.78809,106.688799,17z/data=!3m1!4b1!4m6!3m5!1s0x31752f3299feb5b3:0xe084d7b4ee205d1a!8m2!3d10.78809!4d106.688799!16s/g/11cs2h8csp",search+selected_place
Ministop -  Khu cư xá Bình Thới,"60 Đường Số 5 - Cư xá Bình Thới, Phường 8, Quận 11, Thành phố Hồ Chí Minh, Vietnam",10.7617535,106.6483527,"https://www.google.com/maps/place/MINISTOP/@10.7617535,106.6483527,17z/data=!3m1!4b1!4m6!3m5!1s0x31752e924a10bc49:0x969ce52c43ac1aa!8m2!3d10.7617535!4d106.6483527!16s/g/11g0209c1y","https://www.google.com/maps/place/MINISTOP/@10.7617535,106.6483527,17z/data=!3m1!4b1!4m6!3m5!1s0x31752e924a10bc49:0x969ce52c43ac1aa!8m2!3d10.7617535!4d106.6483527!16s/g/11g0209c1y",search+selected_place
Ministop -  Nguyễn Du,"15 Đường Nguyễn Du, Phường 1, Gò Vấp, Thành phố Hồ Chí Minh, Vietnam",10.8257653,106.6858293,"https://www.google.com/maps/place/MINISTOP/@10.8257653,106.6858293,17z/data=!3m1!4b1!4m6!3m5!1s0x317528fa5a0e254f:0xc6c52c15dd7f6a69!8m2!3d10.8257653!4d106.6858293!16s/g/11c533_126","https://www.google.com/maps/place/MINISTOP/@10.8257653,106.6858293,17z/data=!3m1!4b1!4m6!3m5!1s0x317528fa5a0e254f:0xc6c52c15dd7f6a69!8m2!3d10.8257653!4d106.6858293!16s/g/11c533_126",search+selected_place
Ministop -  Xóm Chiếu,"181/13 Xóm Chiếu, Phường 16, Quận 4, Thành phố Hồ Chí Minh, Vietnam",10.755345,106.709634,"https://www.google.com/maps/place/MINISTOP%2B-%2BX%C3%B3m%2BChi%E1%BA%BFu/@10.755345,106.709634,17z/data=!3m1!4b1!4m6!3m5!1s0x31752f4a56d68ae7:0xd3851d5f9536972c!8m2!3d10.755345!4d106.709634!16s/g/11y21kkkpt","https://www.google.com/maps/place/MINISTOP%2B-%2BX%C3%B3m%2BChi%E1%BA%BFu/@10.755345,106.709634,17z/data=!3m1!4b1!4m6!3m5!1s0x31752f4a56d68ae7:0xd3851d5f9536972c!8m2!3d10.755345!4d106.709634!16s/g/11y21kkkpt",search+selected_place
Ministop -  Lê Quang Định,"484 Lê Quang Định, Phường 11, Bình Thạnh, Thành phố Hồ Chí Minh, Vietnam",10.8142932,106.6897471,"https://www.google.com/maps/place/MINISTOP/@10.8142932,106.6897471,17z/data=!3m1!4b1!4m6!3m5!1s0x317528e85f757187:0xb16fd146e3121940!8m2!3d10.8142932!4d106.6897471!16s/g/11cs16zn7w","https://www.google.com/maps/place/MINISTOP/@10.8142932,106.6897471,17z/data=!3m1!4b1!4m6!3m5!1s0x317528e85f757187:0xb16fd146e3121940!8m2!3d10.8142932!4d106.6897471!16s/g/11cs16zn7w",search+selected_place
Ministop -  Trần Đình Xu,"114 Trần Đình Xu, Phường Nguyễn Cư Trinh, Quận 1, Thành phố Hồ Chí Minh, Vietnam",10.762161,106.689194,"https://www.google.com/maps/place/MINISTOP%2B-%2BTr%E1%BA%A7n%2B%C4%90%C3%ACnh%2BXu/@10.762161,106.689194,17z/data=!3m1!4b1!4m6!3m5!1s0x31752f10b726059d:0x28f131b567e63f1c!8m2!3d10.762161!4d106.689194!16s/g/11c2lk7cq_","https://www.google.com/maps/place/MINISTOP%2B-%2BTr%E1%BA%A7n%2B%C4%90%C3%ACnh%2BXu/@10.762161,106.689194,17z/data=!3m1!4b1!4m6!3m5!1s0x31752f10b726059d:0x28f131b567e63f1c!8m2!3d10.762161!4d106.689194!16s/g/11c2lk7cq_",search+selected_place
Ministop -   KTX Đại Học Quốc Gia (Khu A),"Đường Tạ Quang Bửu, Khu phố 33, Dĩ An, Thành phố Hồ Chí Minh, Vietnam",10.8782463,106.8062905,"https://www.google.com/maps/place/HCMC%2BNational%2BUniversity%2BDormitory%2BZone%2BA/@10.8782463,106.8062905,17z/data=!3m1!4b1!4m6!3m5!1s0x3174d8a5f4e477e9:0x29d5aeb365cee20b!8m2!3d10.8782463!4d106.8062905!16s/g/1tncqcyc","https://www.google.com/maps/place/HCMC%2BNational%2BUniversity%2BDormitory%2BZone%2BA/@10.8782463,106.8062905,17z/data=!3m1!4b1!4m6!3m5!1s0x3174d8a5f4e477e9:0x29d5aeb365cee20b!8m2!3d10.8782463!4d106.8062905!16s/g/1tncqcyc",search+selected_place
Ministop -  Hoa Sứ,"61 Hoa Sứ, Phường 7, Phú Nhuận, Thành phố Hồ Chí Minh, Vietnam",10.7999295,106.688888,"https://www.google.com/maps/place/MINISTOP/@10.7999295,106.688888,17z/data=!3m1!4b1!4m6!3m5!1s0x317528cfefc2fd41:0x85ab313e0fe688a8!8m2!3d10.7999295!4d106.688888!16s/g/11c1tz0dlx","https://www.google.com/maps/place/MINISTOP/@10.7999295,106.688888,17z/data=!3m1!4b1!4m6!3m5!1s0x317528cfefc2fd41:0x85ab313e0fe688a8!8m2!3d10.7999295!4d106.688888!16s/g/11c1tz0dlx",search+selected_place
Ministop -  Nam Kỳ Khởi Nghĩa,"75Bis Nam Kỳ Khởi Nghĩa, Phường Bến Thành, Quận 1, Thành phố Hồ Chí Minh, Vietnam",10.7723735,106.7004262,"https://www.google.com/maps/place/Ministop%2BNam%2BK%E1%BB%B3%2BKh%E1%BB%9Fi%2BNgh%C4%A9a/@10.7723735,106.7004262,17z/data=!3m1!4b1!4m6!3m5!1s0x31752f40ae8ab241:0xc19751f218efa750!8m2!3d10.7723735!4d106.7004262!16s/g/11c1ncvy9q","https://www.google.com/maps/place/Ministop%2BNam%2BK%E1%BB%B3%2BKh%E1%BB%9Fi%2BNgh%C4%A9a/@10.7723735,106.7004262,17z/data=!3m1!4b1!4m6!3m5!1s0x31752f40ae8ab241:0xc19751f218efa750!8m2!3d10.7723735!4d106.7004262!16s/g/11c1ncvy9q",search+selected_place
Ministop -  Vũ Huy Tấn,"15K Vũ Huy Tấn, Phường 1, Bình Thạnh, Thành phố Hồ Chí Minh, Vietnam",10.795789,106.6942671,"https://www.google.com/maps/place/Ministop/@10.795789,106.6942671,17z/data=!3m1!4b1!4m6!3m5!1s0x317528c94e59e51b:0x8c16578afdbd48be!8m2!3d10.795789!4d106.6942671!16s/g/11cm0x2bds","https://www.google.com/maps/place/Ministop/@10.795789,106.6942671,17z/data=!3m1!4b1!4m6!3m5!1s0x317528c94e59e51b:0x8c16578afdbd48be!8m2!3d10.795789!4d106.6942671!16s/g/11cm0x2bds",search+selected_place
Ministop -  Đào Duy Từ,"17 Đ. Đào Duy Từ, Phường 8, Quận 10, Thành phố Hồ Chí Minh, Vietnam",10.7606079,106.6680807,"https://www.google.com/maps/place/MINISTOP%2B-%2B%C4%90%C3%A0o%2BDuy%2BT%E1%BB%AB/@10.7606079,106.6680807,17z/data=!3m1!4b1!4m6!3m5!1s0x31752ee4fa3d3fa7:0x3cf2e9daee10a139!8m2!3d10.7606079!4d106.6680807!16s/g/11c55j96w0","https://www.google.com/maps/place/MINISTOP%2B-%2B%C4%90%C3%A0o%2BDuy%2BT%E1%BB%AB/@10.7606079,106.6680807,17z/data=!3m1!4b1!4m6!3m5!1s0x31752ee4fa3d3fa7:0x3cf2e9daee10a139!8m2!3d10.7606079!4d106.6680807!16s/g/11c55j96w0",search+selected_place
Ministop -  Nguyễn Trọng Tuyển,"41 Nguyễn Trọng Tuyển, Phường 15, Phú Nhuận, Thành phố Hồ Chí Minh, Vietnam",10.7971661,106.6799951,"https://www.google.com/maps/place/MINISTOP/@10.7971661,106.6799951,17z/data=!3m1!4b1!4m6!3m5!1s0x317528d6ed138855:0x7830bf62c32124c2!8m2!3d10.7971661!4d106.6799951!16s/g/11f03ssw88","https://www.google.com/maps/place/MINISTOP/@10.7971661,106.6799951,17z/data=!3m1!4b1!4m6!3m5!1s0x317528d6ed138855:0x7830bf62c32124c2!8m2!3d10.7971661!4d106.6799951!16s/g/11f03ssw88",search+selected_place
Ministop -  Vườn Lài,"56 Đ. Vườn Lài, Phú Thọ Hoà, Tân Phú, Thành phố Hồ Chí Minh, Vietnam",10.7878404,106.6335554,"https://www.google.com/maps/place/MINISTOP%2B-%2BV%C6%B0%E1%BB%9Dn%2BL%C3%A0i/@10.7878404,106.6335554,17z/data=!3m1!4b1!4m6!3m5!1s0x31752eabe7858d9b:0xff6810d747e66634!8m2!3d10.7878404!4d106.6335554!16s/g/11crzwdzw6","https://www.google.com/maps/place/MINISTOP%2B-%2BV%C6%B0%E1%BB%9Dn%2BL%C3%A0i/@10.7878404,106.6335554,17z/data=!3m1!4b1!4m6!3m5!1s0x31752eabe7858d9b:0xff6810d747e66634!8m2!3d10.7878404!4d106.6335554!16s/g/11crzwdzw6",search+selected_place
Ministop -  Thăng Long,"33 Thăng Long, Phường 4, Tân Bình, Thành phố Hồ Chí Minh, Vietnam",10.8022968,106.6604245,"https://www.google.com/maps/place/MINISTOP%2B-%2BTh%C4%83ng%2BLong/@10.8022968,106.6604245,17z/data=!3m1!4b1!4m6!3m5!1s0x3175293a75c2e4af:0xc3d10960b1db2d8f!8m2!3d10.8022968!4d106.6604245!16s/g/11c1r7gcxt","https://www.google.com/maps/place/MINISTOP%2B-%2BTh%C4%83ng%2BLong/@10.8022968,106.6604245,17z/data=!3m1!4b1!4m6!3m5!1s0x3175293a75c2e4af:0xc3d10960b1db2d8f!8m2!3d10.8022968!4d106.6604245!16s/g/11c1r7gcxt",search+selected_place
Ministop -  Nguyễn Gia Trí,"106 Nguyễn Gia Trí, Phường 25, Bình Thạnh, Thành phố Hồ Chí Minh, Vietnam",10.8043873,106.7160266,"https://www.google.com/maps/place/Ministop%2BVo%2BOanh/@10.8043873,106.7160266,17z/data=!3m1!4b1!4m6!3m5!1s0x317529acfbdb1863:0xa9a8653f253d6af6!8m2!3d10.8043873!4d106.7160266!16s/g/11t7dw7kc9","https://www.google.com/maps/place/Ministop%2BVo%2BOanh/@10.8043873,106.7160266,17z/data=!3m1!4b1!4m6!3m5!1s0x317529acfbdb1863:0xa9a8653f253d6af6!8m2!3d10.8043873!4d106.7160266!16s/g/11t7dw7kc9",search+selected_place
Ministop -  Trần Khắc Chân,"79 Trần Khắc Chân, Phường Tân Định, Quận 1, Thành phố Hồ Chí Minh, Vietnam",10.7944479,106.6908865,"https://www.google.com/maps/place/MINISTOP%2B-%2BTr%E1%BA%A7n%2BKh%E1%BA%AFc%2BCh%C3%A2n/@10.7944479,106.6908865,17z/data=!3m1!4b1!4m6!3m5!1s0x317528cdcd673b07:0xa74bdd01cc537b69!8m2!3d10.7944479!4d106.6908865!16s/g/11c187w8sh","https://www.google.com/maps/place/MINISTOP%2B-%2BTr%E1%BA%A7n%2BKh%E1%BA%AFc%2BCh%C3%A2n/@10.7944479,106.6908865,17z/data=!3m1!4b1!4m6!3m5!1s0x317528cdcd673b07:0xa74bdd01cc537b69!8m2!3d10.7944479!4d106.6908865!16s/g/11c187w8sh",search+selected_place
Ministop -  Phạm Văn Hai,"204 Phạm Văn Hai, Phường 5, Tân Bình, Thành phố Hồ Chí Minh, Vietnam",10.7912538,106.6618123,"https://www.google.com/maps/place/MINISTOP/@10.7912538,106.6618123,17z/data=!3m1!4b1!4m6!3m5!1s0x31752932d4caaa59:0x25aea94eb7fc902f!8m2!3d10.7912538!4d106.6618123!16s/g/11c135dmy_","https://www.google.com/maps/place/MINISTOP/@10.7912538,106.6618123,17z/data=!3m1!4b1!4m6!3m5!1s0x31752932d4caaa59:0x25aea94eb7fc902f!8m2!3d10.7912538!4d106.6618123!16s/g/11c135dmy_",search+selected_place
Ministop -  Nguyễn Biểu,"207 Đ. Nguyễn Biểu, Phường 2, Quận 5, Thành phố Hồ Chí Minh, Vietnam",10.7572431,106.6831284,"https://www.google.com/maps/place/MINISTOP%2B-%2BNguy%E1%BB%85n%2BBi%E1%BB%83u/@10.7572431,106.6831284,17z/data=!3m1!4b1!4m6!3m5!1s0x31752f8ecdbd49f9:0x63fb6ab00ed6c2a1!8m2!3d10.7572431!4d106.6831284!16s/g/11sjp81cf0","https://www.google.com/maps/place/MINISTOP%2B-%2BNguy%E1%BB%85n%2BBi%E1%BB%83u/@10.7572431,106.6831284,17z/data=!3m1!4b1!4m6!3m5!1s0x31752f8ecdbd49f9:0x63fb6ab00ed6c2a1!8m2!3d10.7572431!4d106.6831284!16s/g/11sjp81cf0",search+selected_place
Ministop -  Trương Công Định,"88 Trương Công Định, Phường Tân Bình, Tân Bình, Thành phố Hồ Chí Minh, Vietnam",10.7964744,106.6409175,"https://www.google.com/maps/place/MINISTOP%2B-%2BTruong%2BCong%2BDinh/@10.7964744,106.6409175,17z/data=!3m1!4b1!4m6!3m5!1s0x3175294d8aaa746f:0xf19309f6fbe8ecf1!8m2!3d10.7964744!4d106.6409175!16s/g/11c1r6w2x8","https://www.google.com/maps/place/MINISTOP%2B-%2BTruong%2BCong%2BDinh/@10.7964744,106.6409175,17z/data=!3m1!4b1!4m6!3m5!1s0x3175294d8aaa746f:0xf19309f6fbe8ecf1!8m2!3d10.7964744!4d106.6409175!16s/g/11c1r6w2x8",search+selected_place
Ministop -  Bạch Đằng 2,"165 Đ. Bạch Đằng, Phường 2, Tân Bình, Thành phố Hồ Chí Minh, Vietnam",10.8156808,106.6750274,"https://www.google.com/maps/place/Ministop%2BB%E1%BA%A1ch%2B%C4%90%E1%BA%B1ng/@10.8156808,106.6750274,17z/data=!3m1!4b1!4m6!3m5!1s0x3175291e371024f3:0x69a71bf965aa85ca!8m2!3d10.8156808!4d106.6750274!16s/g/11crztn8nw","https://www.google.com/maps/place/Ministop%2BB%E1%BA%A1ch%2B%C4%90%E1%BA%B1ng/@10.8156808,106.6750274,17z/data=!3m1!4b1!4m6!3m5!1s0x3175291e371024f3:0x69a71bf965aa85ca!8m2!3d10.8156808!4d106.6750274!16s/g/11crztn8nw",search+selected_place
Ministop -  Ngô Tất Tố,"69 Ngô Tất Tố, Phường 19, Bình Thạnh, Thành phố Hồ Chí Minh, Vietnam",10.7929791,106.7111172,"https://www.google.com/maps/place/Ministop%2BNgo%2BTat%2BTo/@10.7929791,106.7111172,17z/data=!3m1!4b1!4m6!3m5!1s0x317528adf5a45f43:0xb56a1b4ac744cdb6!8m2!3d10.7929791!4d106.7111172!16s/g/11c55tnm_f","https://www.google.com/maps/place/Ministop%2BNgo%2BTat%2BTo/@10.7929791,106.7111172,17z/data=!3m1!4b1!4m6!3m5!1s0x317528adf5a45f43:0xb56a1b4ac744cdb6!8m2!3d10.7929791!4d106.7111172!16s/g/11c55tnm_f",search+selected_place
Ministop -  Hậu Giang,"Số 45 Hậu Giang, Phường 4, Tân Bình, Thành phố Hồ Chí Minh, Vietnam",10.8078959,106.6624332,"https://www.google.com/maps/place/Ministop%2B-%2BH%E1%BA%ADu%2BGiang/@10.8078959,106.6624332,17z/data=!3m1!4b1!4m6!3m5!1s0x3175293c9c881bfd:0x93b83ccb85e4f199!8m2!3d10.8078959!4d106.6624332!16s/g/11c4wxbf93","https://www.google.com/maps/place/Ministop%2B-%2BH%E1%BA%ADu%2BGiang/@10.8078959,106.6624332,17z/data=!3m1!4b1!4m6!3m5!1s0x3175293c9c881bfd:0x93b83ccb85e4f199!8m2!3d10.8078959!4d106.6624332!16s/g/11c4wxbf93",search+selected_place
Ministop -  Phạm Viết Chánh 2,"37-39 Phạm Viết Chánh, Phường 19, Bình Thạnh, Thành phố Hồ Chí Minh, Vietnam",10.7903691,106.7095082,"https://www.google.com/maps/place/MINISTOP/@10.7903691,106.7095082,17z/data=!3m1!4b1!4m6!3m5!1s0x317528b2e8bc9441:0x2c40b6357726853b!8m2!3d10.7903691!4d106.7095082!16s/g/11g6lzff40","https://www.google.com/maps/place/MINISTOP/@10.7903691,106.7095082,17z/data=!3m1!4b1!4m6!3m5!1s0x317528b2e8bc9441:0x2c40b6357726853b!8m2!3d10.7903691!4d106.7095082!16s/g/11g6lzff40",search+selected_place
Ministop -  Hutech (Điện Biên Phủ),"475A Điện Biên Phủ, Phường 25, Bình Thạnh, Thành phố Hồ Chí Minh, Vietnam",10.8025372,106.7146403,"https://www.google.com/maps/place/MINISTOP%2BHUTECH/@10.8025372,106.7146403,17z/data=!3m1!4b1!4m6!3m5!1s0x317528a450d7cb9f:0xf65d8cc95cd2683f!8m2!3d10.8025372!4d106.7146403!16s/g/11c4nwfd12","https://www.google.com/maps/place/MINISTOP%2BHUTECH/@10.8025372,106.7146403,17z/data=!3m1!4b1!4m6!3m5!1s0x317528a450d7cb9f:0xf65d8cc95cd2683f!8m2!3d10.8025372!4d106.7146403!16s/g/11c4nwfd12",search+selected_place
Ministop -  Hoàng Hoa Thám,"10A Hoàng Hoa Thám, Phường 7, Bình Thạnh, Thành phố Hồ Chí Minh, Vietnam",10.8047072,106.6918625,"https://www.google.com/maps/place/MINISTOP/@10.8047072,106.6918625,17z/data=!3m1!4b1!4m6!3m5!1s0x317528c467f81b55:0xa0c0e32a7fb95e48!8m2!3d10.8047072!4d106.6918625!16s/g/11btrs3q_0","https://www.google.com/maps/place/MINISTOP/@10.8047072,106.6918625,17z/data=!3m1!4b1!4m6!3m5!1s0x317528c467f81b55:0xa0c0e32a7fb95e48!8m2!3d10.8047072!4d106.6918625!16s/g/11btrs3q_0",search+selected_place
Ministop -  Hòa Hưng,"101 Hoà Hưng, Phường 12, Quận 10, Thành phố Hồ Chí Minh, Vietnam",10.7789394,106.6740024,"https://www.google.com/maps/place/MINISTOP/@10.7789394,106.6740024,17z/data=!3m1!4b1!4m6!3m5!1s0x31752ed831ca4493:0xce862cc97fa883ee!8m2!3d10.7789394!4d106.6740024!16s/g/1pwfbcylk","https://www.google.com/maps/place/MINISTOP/@10.7789394,106.6740024,17z/data=!3m1!4b1!4m6!3m5!1s0x31752ed831ca4493:0xce862cc97fa883ee!8m2!3d10.7789394!4d106.6740024!16s/g/1pwfbcylk",search+selected_place
Ministop -  Cư Xá Đô Thành,"131 Số 3, Cư xá Đô Thành, Quận 3, Thành phố Hồ Chí Minh, Vietnam",10.7721499,106.6810253,"https://www.google.com/maps/place/MINISTOP%2B-%2BC%C6%B0%2Bx%C3%A1%2B%C4%90%C3%B4%2BTh%C3%A0nh/@10.7721499,106.6810253,17z/data=!3m1!4b1!4m6!3m5!1s0x31752f216c08e221:0xf8f5818f6e0c5d2d!8m2!3d10.7721499!4d106.6810253!16s/g/11b6x9_srz","https://www.google.com/maps/place/MINISTOP%2B-%2BC%C6%B0%2Bx%C3%A1%2B%C4%90%C3%B4%2BTh%C3%A0nh/@10.7721499,106.6810253,17z/data=!3m1!4b1!4m6!3m5!1s0x31752f216c08e221:0xf8f5818f6e0c5d2d!8m2!3d10.7721499!4d106.6810253!16s/g/11b6x9_srz",search+selected_place
Ministop -  Nguyễn Thượng Hiền,"245 Đ. Nguyễn Thượng Hiền, Phường 5, Bình Thạnh, Thành phố Hồ Chí Minh, Vietnam",10.8058501,106.6858995,"https://www.google.com/maps/place/MINISTOP/@10.8058501,106.6858995,17z/data=!3m1!4b1!4m6!3m5!1s0x317528db7ad95891:0xc488a7759540df44!8m2!3d10.8058501!4d106.6858995!16s/g/11btrs8q7d","https://www.google.com/maps/place/MINISTOP/@10.8058501,106.6858995,17z/data=!3m1!4b1!4m6!3m5!1s0x317528db7ad95891:0xc488a7759540df44!8m2!3d10.8058501!4d106.6858995!16s/g/11btrs8q7d",search+selected_place
Ministop -  Trần Doãn Khanh,"2 Đ. Trần Doãn Khanh, Đa Kao, Quận 1, Thành phố Hồ Chí Minh, Vietnam",10.7886669,106.69775,"https://www.google.com/maps/place/MINISTOP/@10.7886669,106.69775,17z/data=!3m1!4b1!4m6!3m5!1s0x31752f3530228871:0x9ed43bba8815786!8m2!3d10.7886669!4d106.69775!16s/g/11c5ssqzxz","https://www.google.com/maps/place/MINISTOP/@10.7886669,106.69775,17z/data=!3m1!4b1!4m6!3m5!1s0x31752f3530228871:0x9ed43bba8815786!8m2!3d10.7886669!4d106.69775!16s/g/11c5ssqzxz",search+selected_place
MINISTOP -  Bạch Đằng,"165 Đ. Bạch Đằng, Phường 2, Tân Bình, Thành phố Hồ Chí Minh, Vietnam",10.8156808,106.6750274,"https://www.google.com/maps/place/Ministop%2BB%E1%BA%A1ch%2B%C4%90%E1%BA%B1ng/@10.8156808,106.6750274,17z/data=!3m1!4b1!4m6!3m5!1s0x3175291e371024f3:0x69a71bf965aa85ca!8m2!3d10.8156808!4d106.6750274!16s/g/11crztn8nw","https://www.google.com/maps/place/Ministop%2BB%E1%BA%A1ch%2B%C4%90%E1%BA%B1ng/@10.8156808,106.6750274,17z/data=!3m1!4b1!4m6!3m5!1s0x3175291e371024f3:0x69a71bf965aa85ca!8m2!3d10.8156808!4d106.6750274!16s/g/11crztn8nw",search+selected_place
MINISTOP -  Nguyễn Hồng Đào,"191 Đ. Nguyễn Hồng Đào, Phường Tân Bình, Tân Bình, Thành phố Hồ Chí Minh, Vietnam",10.7930031,106.6421615,"https://www.google.com/maps/place/Ministop/@10.7930031,106.6421615,17z/data=!3m1!4b1!4m6!3m5!1s0x3175294d4edea821:0xca237e6c06bb6378!8m2!3d10.7930031!4d106.6421615!16s/g/11b67njyft","https://www.google.com/maps/place/Ministop/@10.7930031,106.6421615,17z/data=!3m1!4b1!4m6!3m5!1s0x3175294d4edea821:0xca237e6c06bb6378!8m2!3d10.7930031!4d106.6421615!16s/g/11b67njyft",search+selected_place
MINISTOP -  Trần Thiện Chánh,"77 Trần Thiện Chánh, Phường 12, Quận 10, Thành phố Hồ Chí Minh, Vietnam",10.7715268,106.6705993,"https://www.google.com/maps/place/Ministop/@10.7715268,106.6705993,17z/data=!3m1!4b1!4m6!3m5!1s0x31752ede7e57aebd:0x7db7b8720bd9fc5f!8m2!3d10.7715268!4d106.6705993!16s/g/11c56btzlz","https://www.google.com/maps/place/Ministop/@10.7715268,106.6705993,17z/data=!3m1!4b1!4m6!3m5!1s0x31752ede7e57aebd:0x7db7b8720bd9fc5f!8m2!3d10.7715268!4d106.6705993!16s/g/11c56btzlz",search+selected_place
MINISTOP -  Lam Sơn,"25A Đ. Lam Sơn, Phường 2, Tân Bình, Thành phố Hồ Chí Minh, Vietnam",10.8099786,106.6667227,"https://www.google.com/maps/place/Ministop%2B-%2BLam%2BS%C6%A1n/@10.8099786,106.6667227,17z/data=!3m1!4b1!4m6!3m5!1s0x31752922fa50e7c1:0x8eaf0ee7bf9ff645!8m2!3d10.8099786!4d106.6667227!16s/g/11xh733fq","https://www.google.com/maps/place/Ministop%2B-%2BLam%2BS%C6%A1n/@10.8099786,106.6667227,17z/data=!3m1!4b1!4m6!3m5!1s0x31752922fa50e7c1:0x8eaf0ee7bf9ff645!8m2!3d10.8099786!4d106.6667227!16s/g/11xh733fq",search+selected_place
