,name,extracted_address,latitude,longitude,url,cleaned_url,url_type,address,addr_cos_sim,annotated_url
0,Ministop -  Nguyễn Trãi 2,"927 Nguyễn Trãi, Phường 14, Quận 5, Thành phố Hồ Chí Minh, Vietnam",10.7527876,106.6553383,"https://www.google.com/maps/place/MINISTOP/@10.7527876,106.6553383,17z/data=!3m1!4b1!4m6!3m5!1s0x31752faee0d81739:0x2c8c6fd591cf5121!8m2!3d10.7527876!4d106.6553383!16s/g/11fnw0sqgz","https://www.google.com/maps/place/MINISTOP/@10.7527876,106.6553383,17z/data=!3m1!4b1!4m6!3m5!1s0x31752faee0d81739:0x2c8c6fd591cf5121!8m2!3d10.7527876!4d106.6553383!16s/g/11fnw0sqgz",search+selected_place,"318 Nguyễn Trãi, Phường An Đông, Thành phố Hồ Chí Minh.",0.7912725,"https://www.google.com/maps/place/Ministop+-+318+Nguy%E1%BB%85n+Tr%C3%A3i/@10.7560026,106.674836,17z/data=!3m1!4b1!4m6!3m5!1s0x31752f0067d157b3:0xe0577ff0296c36cc!8m2!3d10.7560026!4d106.674836!16s%2Fg%2F11xvtqltwj?entry=ttu&g_ep=EgoyMDI1MTEwNC4xIKXMDSoASAFQAw%3D%3D"
1,Ministop -  Scenic Valley 2,"2 Đ. Quán Âm Bồ Tát, Tân Phú, Quận 7, Thành phố Hồ Chí Minh, Vietnam",10.7313368,106.7172979,"https://www.google.com/maps/place/MINISTOP%2BS268%2B-%2BSCENIC%2BVALLEY%2B2/@10.7313368,106.7172979,17z/data=!3m1!4b1!4m6!3m5!1s0x31752f0051cd8381:0x85abd69c5c6fa519!8m2!3d10.7313368!4d106.7172979!16s/g/11xz0js1mz","https://www.google.com/maps/place/MINISTOP%2BS268%2B-%2BSCENIC%2BVALLEY%2B2/@10.7313368,106.7172979,17z/data=!3m1!4b1!4m6!3m5!1s0x31752f0051cd8381:0x85abd69c5c6fa519!8m2!3d10.7313368!4d106.7172979!16s/g/11xz0js1mz",search+selected_place,"A0.03, trệt + lầu 1 (Tầng 1+2), Dự án khu dân cư Scenic Valley 2 (Lô MD4-4) – Phú Mỹ Hưng, Phường Tân Mỹ, Thành phố Hồ Chí Minh.",0.6973743,"https://www.google.com/maps/place/MINISTOP+S268+-+SCENIC+VALLEY+2/@10.7313368,106.7172979,17z/data=!3m1!4b1!4m6!3m5!1s0x31752f0051cd8381:0x85abd69c5c6fa519!8m2!3d10.7313368!4d106.7172979!16s%2Fg%2F11xz0js1mz?entry=ttu&g_ep=EgoyMDI1MTEwNC4xIKXMDSoASAFQAw%3D%3D"
2,Ministop -  Tân Sơn Nhì 3,"293 Đ. Tân Kỳ Tân Quý, Tân Sơn Nhì, Tân Phú, Thành phố Hồ Chí Minh, Vietnam",10.8021666,106.6265805,"https://www.google.com/maps/place/MINISTOP%2B-%2BT%C3%82N%2BK%E1%BB%B2%2BT%C3%82N%2BQU%C3%9D/@10.8021666,106.6265805,17z/data=!3m1!4b1!4m6!3m5!1s0x31752b4ff1f46ee3:0x5e8717e2631358fa!8m2!3d10.8021666!4d106.6265805!16s/g/11pf681q26","https://www.google.com/maps/place/MINISTOP%2B-%2BT%C3%82N%2BK%E1%BB%B2%2BT%C3%82N%2BQU%C3%9D/@10.8021666,106.6265805,17z/data=!3m1!4b1!4m6!3m5!1s0x31752b4ff1f46ee3:0x5e8717e2631358fa!8m2!3d10.8021666!4d106.6265805!16s/g/11pf681q26",search+selected_place,"200A - 200B Tân Sơn Nhì, Phường Tân Sơn Nhì, Quận Tân Phú, Thành phố Hồ Chí Minh.",0.7816329,"https://www.google.com/maps/place/CHTL+Ministop+-+S256+-+T%C3%A2n+S%C6%A1n+Nh%C3%AC/@10.7990691,106.6318827,17z/data=!3m1!4b1!4m6!3m5!1s0x3175290077e3f453:0x59a2d476e31264d7!8m2!3d10.7990691!4d106.6318827!16s%2Fg%2F11vxygdcwx?entry=ttu&g_ep=EgoyMDI1MTEwNC4xIKXMDSoASAFQAw%3D%3D"
3,Ministop -  Tân Kỳ Tân Quý 3,"293 Đ. Tân Kỳ Tân Quý, Tân Sơn Nhì, Tân Phú, Thành phố Hồ Chí Minh, Vietnam",10.8021666,106.6265805,"https://www.google.com/maps/place/MINISTOP%2B-%2BT%C3%82N%2BK%E1%BB%B2%2BT%C3%82N%2BQU%C3%9D/@10.8021666,106.6265805,17z/data=!3m1!4b1!4m6!3m5!1s0x31752b4ff1f46ee3:0x5e8717e2631358fa!8m2!3d10.8021666!4d106.6265805!16s/g/11pf681q26","https://www.google.com/maps/place/MINISTOP%2B-%2BT%C3%82N%2BK%E1%BB%B2%2BT%C3%82N%2BQU%C3%9D/@10.8021666,106.6265805,17z/data=!3m1!4b1!4m6!3m5!1s0x31752b4ff1f46ee3:0x5e8717e2631358fa!8m2!3d10.8021666!4d106.6265805!16s/g/11pf681q26",search+selected_place,"164A Tân Kỳ Tân Quý, Phường Sơn Kỳ, Quận Tân Phú, Thành phố Hồ Chí Minh.",0.8127612,"https://www.google.com/maps/place/MINISTOP+-+Tan+Ky+Tan+Quy/@10.803264,106.6221479,15z/data=!4m10!1m2!2m1!1zbWluaXN0b3AgMTY0QSBUw6JuIEvhu7MgVMOibiBRdcO9LCBQaMaw4budbmcgU8ahbiBL4buzLCBRdeG6rW4gVMOibiBQaMO6LCBUaMOgbmggcGjhu5EgSOG7kyBDaMOtIE1pbmgu!3m6!1s0x317529000bfa0347:0x3c73f3c990def354!8m2!3d10.803264!4d106.6309026!15sCmZtaW5pc3RvcCAxNjRBIFTDom4gS-G7syBUw6JuIFF1w70sIFBoxrDhu51uZyBTxqFuIEvhu7MsIFF14bqtbiBUw6JuIFBow7osIFRow6BuaCBwaOG7kSBI4buTIENow60gTWluaC4iA4gBAVpkImJtaW5pc3RvcCAxNjRhIHTDom4ga-G7syB0w6JuIHF1w70gcGjGsOG7nW5nIHPGoW4ga-G7syBxdeG6rW4gdMOibiBwaMO6IHRow6BuaCBwaOG7kSBo4buTIGNow60gbWluaJIBEWNvbnZlbmllbmNlX3N0b3JlmgEjQ2haRFNVaE5NRzluUzBWSlEwRm5TVVJpT1hKUVdWcFJFQUXgAQD6AQQIABBD!16s%2Fg%2F11v_4pv2c9?entry=ttu&g_ep=EgoyMDI1MTEwNC4xIKXMDSoASAFQAw%3D%3D"
4,Ministop -  Alnata Plus – Celadon City,"S2.0.02 Đ. Tân Thạnh, Sơn Kỳ, Tân Phú, Thành phố Hồ Chí Minh 70000, Vietnam",10.8039193,106.6167408,"https://www.google.com/maps/place/CHTL%2B-%2BMINISTOP%2B-%2BS254%2B-%2BCeladon%2BCity/@10.8039193,106.6167408,17z/data=!3m1!4b1!4m6!3m5!1s0x31752b005445caf1:0xb75d59c613fde84!8m2!3d10.8039193!4d106.6167408!16s/g/11w3lspy4c","https://www.google.com/maps/place/CHTL%2B-%2BMINISTOP%2B-%2BS254%2B-%2BCeladon%2BCity/@10.8039193,106.6167408,17z/data=!3m1!4b1!4m6!3m5!1s0x31752b005445caf1:0xb75d59c613fde84!8m2!3d10.8039193!4d106.6167408!16s/g/11w3lspy4c",search+selected_place,"S2.0.02, Tầng Trệt và Tầng 1, Khối đế P2, Khu A6 (Alnata Plus – Celadon City), Số 2, Đường N1, Phường Sơn Kỳ, Quận Tân Phú, Thành phố Hồ Chí Minh.",0.7402806,"https://www.google.com/maps/place/CHTL+-+MINISTOP+-+S254+-+Celadon+City/@10.8043461,106.6161862,18.49z/data=!4m6!3m5!1s0x31752b005445caf1:0xb75d59c613fde84!8m2!3d10.8039193!4d106.6167408!16s%2Fg%2F11w3lspy4c?entry=ttu&g_ep=EgoyMDI1MTEwNC4xIKXMDSoASAFQAw%3D%3D"
5,Ministop -  Westgate,"MHRP+3G Chung cư Westgate, TT. Tân Túc, Bình Chánh, Thành phố Hồ Chí Minh, Vietnam",10.6902398,106.5862555,"https://www.google.com/maps/place/Ministop%2B-%2BWestgate/@10.6902398,106.5862555,17z/data=!3m1!4b1!4m6!3m5!1s0x317533000fa7efe7:0x6c66ad9c7427587c!8m2!3d10.6902398!4d106.5862555!16s/g/11y43xgh7w","https://www.google.com/maps/place/Ministop%2B-%2BWestgate/@10.6902398,106.5862555,17z/data=!3m1!4b1!4m6!3m5!1s0x317533000fa7efe7:0x6c66ad9c7427587c!8m2!3d10.6902398!4d106.5862555!16s/g/11y43xgh7w",search+selected_place,"0.04 Lầu Trệt (Thông tầng) Tháp A1, Dự án Westgate, Lô F Trung tâm hành chính huyện Bình Chánh, Đường Tân Túc, Khu phố 4, Thị trấn Tân Túc, Huyện Bình Chánh, Thành phố Hồ Chí Minh.",0.6454748,"https://www.google.com/maps/place/Ministop+-+Westgate/@10.6904507,106.5865452,17z/data=!4m6!3m5!1s0x317533000fa7efe7:0x6c66ad9c7427587c!8m2!3d10.6902398!4d106.5862555!16s%2Fg%2F11y43xgh7w?entry=ttu&g_ep=EgoyMDI1MTEwNC4xIKXMDSoASAFQAw%3D%3D"
6,Ministop -  UOA Tower,"6 Tân Trào, Tân Phú, Quận 7, Thành phố Hồ Chí Minh, Vietnam",10.7301206,106.7246932,"https://www.google.com/maps/place/Ministop%2B-%2BUOA%2BTower/@10.7301206,106.7246932,17z/data=!3m1!4b1!4m6!3m5!1s0x31752500042a5461:0xebe8bf52a1f4bea1!8m2!3d10.7301206!4d106.7246932!16s/g/11y3vq_2r4","https://www.google.com/maps/place/Ministop%2B-%2BUOA%2BTower/@10.7301206,106.7246932,17z/data=!3m1!4b1!4m6!3m5!1s0x31752500042a5461:0xebe8bf52a1f4bea1!8m2!3d10.7301206!4d106.7246932!16s/g/11y3vq_2r4",search+selected_place,"UOA Tower, 6 Tân Trào, Phường Tân Phú, Quận 7, Thành phố Hồ Chí Minh.",0.7663414,"https://www.google.com/maps/place/Ministop+-+UOA+Tower/@10.7301206,106.7246932,17z/data=!3m1!4b1!4m6!3m5!1s0x31752500042a5461:0xebe8bf52a1f4bea1!8m2!3d10.7301206!4d106.7246932!16s%2Fg%2F11y3vq_2r4?entry=ttu&g_ep=EgoyMDI1MTEwNC4xIKXMDSoASAFQAw%3D%3D"
7,Ministop -  Điện Biên Phủ 2,"215 Điện Biên Phủ, Phường 2, Bình Thạnh, Thành phố Hồ Chí Minh, Vietnam",10.8004298,106.7067983,"https://www.google.com/maps/place/Ministop%2BVietnam%2Bcompany%2Blimited/@10.8004298,106.7067983,17z/data=!3m1!4b1!4m6!3m5!1s0x31752f373ef3a5b1:0x569a2a75929fd426!8m2!3d10.8004298!4d106.7067983!16s/g/11f2b70817","https://www.google.com/maps/place/Ministop%2BVietnam%2Bcompany%2Blimited/@10.8004298,106.7067983,17z/data=!3m1!4b1!4m6!3m5!1s0x31752f373ef3a5b1:0x569a2a75929fd426!8m2!3d10.8004298!4d106.7067983!16s/g/11f2b70817",search+selected_place,"153 Điện Biên Phủ, Phường 2, Quận Bình Thạnh, Thành phố Hồ Chí Minh.",0.82347506,"https://www.google.com/maps/place/CHTL+-+MINISTOP+-+246+-+%C4%90i%E1%BB%87n+Bi%C3%AAn+Ph%E1%BB%A7/@10.7974295,106.6993773,16z/data=!4m10!1m2!2m1!1zbWluaXN0b3AgMTUzIMSQaeG7h24gQmnDqm4gUGjhu6csIFBoxrDhu51uZyAyLCBRdeG6rW4gQsOsbmggVGjhuqFuaCwgVGjDoG5oIHBo4buRIEjhu5MgQ2jDrSBNaW5oLg!3m6!1s0x317529003a924565:0x20fa51ea59cde12d!8m2!3d10.7974295!4d106.7037547!15sCmFtaW5pc3RvcCAxNTMgxJBp4buHbiBCacOqbiBQaOG7pywgUGjGsOG7nW5nIDIsIFF14bqtbiBCw6xuaCBUaOG6oW5oLCBUaMOgbmggcGjhu5EgSOG7kyBDaMOtIE1pbmguIgOIAQGSAQxvdXRsZXRfc3RvcmXgAQA!16s%2Fg%2F11lnwmwb71?entry=ttu&g_ep=EgoyMDI1MTEwNC4xIKXMDSoASAFQAw%3D%3D"
8,Ministop -  Lê Quang Định 2,"484 Lê Quang Định, Phường 11, Bình Thạnh, Thành phố Hồ Chí Minh, Vietnam",10.8142932,106.6897471,"https://www.google.com/maps/place/MINISTOP/@10.8142932,106.6897471,17z/data=!3m1!4b1!4m6!3m5!1s0x317528e85f757187:0xb16fd146e3121940!8m2!3d10.8142932!4d106.6897471!16s/g/11cs16zn7w","https://www.google.com/maps/place/MINISTOP/@10.8142932,106.6897471,17z/data=!3m1!4b1!4m6!3m5!1s0x317528e85f757187:0xb16fd146e3121940!8m2!3d10.8142932!4d106.6897471!16s/g/11cs16zn7w",search+selected_place,"97 Lê Quang Định, Phường 14, Quận Bình Thạnh, Thành phố Hồ Chí Minh.",0.75505877,"https://www.google.com/maps/place/Ministop/@10.8063378,106.679345,14z/data=!4m10!1m2!2m1!1zbWluaXN0b3AgOTcgTMOqIFF1YW5nIMSQ4buLbmgsIFBoxrDhu51uZyAxNCwgUXXhuq1uIELDrG5oIFRo4bqhbmgsIFRow6BuaCBwaOG7kSBI4buTIENow60gTWluaC4!3m6!1s0x31752900179abc1b:0xcca34a06295501ee!8m2!3d10.8063378!4d106.6968545!15sCl9taW5pc3RvcCA5NyBMw6ogUXVhbmcgxJDhu4tuaCwgUGjGsOG7nW5nIDE0LCBRdeG6rW4gQsOsbmggVGjhuqFuaCwgVGjDoG5oIHBo4buRIEjhu5MgQ2jDrSBNaW5oLiIDiAEBkgERY29udmVuaWVuY2Vfc3RvcmXgAQA!16s%2Fg%2F11vwnh8zv7?entry=ttu&g_ep=EgoyMDI1MTEwNC4xIKXMDSoASAFQAw%3D%3D"
9,Ministop -  Đại học Văn Lang,"TK17/1 Nguyễn Cảnh Chân, Cầu Kho, Quận 1, Thành phố Hồ Chí Minh, Vietnam",10.7581011,106.6885685,"https://www.google.com/maps/place/MINISTOP%2BNguy%E1%BB%85n%2BC%E1%BA%A3nh%2BCh%C3%A2n/@10.7581011,106.6885685,17z/data=!3m1!4b1!4m6!3m5!1s0x31752fa0d63f4303:0x6468aec8016a5d50!8m2!3d10.7581011!4d106.6885685!16s/g/11gh4mb3t0","https://www.google.com/maps/place/MINISTOP%2BNguy%E1%BB%85n%2BC%E1%BA%A3nh%2BCh%C3%A2n/@10.7581011,106.6885685,17z/data=!3m1!4b1!4m6!3m5!1s0x31752fa0d63f4303:0x6468aec8016a5d50!8m2!3d10.7581011!4d106.6885685!16s/g/11gh4mb3t0",search+selected_place,"233A Phan Văn Trị, Phường 11, Quận Bình Thạnh, Thành phố Hồ Chí Minh.",0.7376776,"https://www.google.com/maps/place/Ministop+V%C4%83n+Lang+-+C%C6%A1+S%E1%BB%9F+2/@10.812495,106.6942517,17z/data=!3m1!4b1!4m6!3m5!1s0x3175290025a7cfe9:0xf9a88d897c7f1f17!8m2!3d10.812495!4d106.6942517!16s%2Fg%2F11y37b8zld?entry=ttu&g_ep=EgoyMDI1MTEwNC4xIKXMDSoASAFQAw%3D%3D"
10,Ministop -  Hoàng Hoa Thám 4,"10A Hoàng Hoa Thám, Phường 7, Bình Thạnh, Thành phố Hồ Chí Minh, Vietnam",10.8047072,106.6918625,"https://www.google.com/maps/place/MINISTOP/@10.8047072,106.6918625,17z/data=!3m1!4b1!4m6!3m5!1s0x317528c467f81b55:0xa0c0e32a7fb95e48!8m2!3d10.8047072!4d106.6918625!16s/g/11btrs3q_0","https://www.google.com/maps/place/MINISTOP/@10.8047072,106.6918625,17z/data=!3m1!4b1!4m6!3m5!1s0x317528c467f81b55:0xa0c0e32a7fb95e48!8m2!3d10.8047072!4d106.6918625!16s/g/11btrs3q_0",search+selected_place,"153A Hoàng Hoa Thám, Phường 13, Quận Tân Bình, Thành phố Hồ Chí Minh.",0.7947673,"https://www.google.com/maps/place/MINISTOP+-+S235+-+Ho%C3%A0ng+Hoa+Th%C3%A1m/@10.8047562,106.6430689,16z/data=!4m10!1m2!2m1!1zbWluaXN0b3AgMTUzQSBIb8OgbmcgSG9hIFRow6FtLCBQaMaw4budbmcgMTMsIFF14bqtbiBUw6JuIELDrG5oLCBUaMOgbmggcGjhu5EgSOG7kyBDaMOtIE1pbmgu!3m6!1s0x317529001bb91ded:0xebd9359dae21fe29!8m2!3d10.8047562!4d106.6474463!15sCl1taW5pc3RvcCAxNTNBIEhvw6BuZyBIb2EgVGjDoW0sIFBoxrDhu51uZyAxMywgUXXhuq1uIFTDom4gQsOsbmgsIFRow6BuaCBwaOG7kSBI4buTIENow60gTWluaC4iA4gBAZIBEWNvbnZlbmllbmNlX3N0b3Jl4AEA!16s%2Fg%2F11y45kc44q?entry=ttu&g_ep=EgoyMDI1MTEwNC4xIKXMDSoASAFQAw%3D%3D"
11,Ministop -  Nguyễn Văn Lượng,"87, street 11, district Go Vap, Phường 16, Gò Vấp, Thành phố Hồ Chí Minh, Vietnam",10.8398546,106.6670188,"https://www.google.com/maps/place/MINISTOP-S233/@10.8398546,106.6670188,17z/data=!3m1!4b1!4m6!3m5!1s0x317529fe448fa325:0xf201aa42b5fd24fd!8m2!3d10.8398546!4d106.6670188!16s/g/11w3p1wg60","https://www.google.com/maps/place/MINISTOP-S233/@10.8398546,106.6670188,17z/data=!3m1!4b1!4m6!3m5!1s0x317529fe448fa325:0xf201aa42b5fd24fd!8m2!3d10.8398546!4d106.6670188!16s/g/11w3p1wg60",search+selected_place,"368/16 Nguyễn Văn Lượng, Phường 16, Quận Gò Vấp, Thành phố Hồ Chí Minh.",0.6804873,"https://www.google.com/maps/place/MINISTOP-S233/@10.8398526,106.6660438,18z/data=!4m6!3m5!1s0x317529fe448fa325:0xf201aa42b5fd24fd!8m2!3d10.8398546!4d106.6670188!16s%2Fg%2F11w3p1wg60?entry=ttu&g_ep=EgoyMDI1MTEwNC4xIKXMDSoASAFQAw%3D%3D"
12,Ministop -  Cityland Park Hills 2,"P5-00.13 Cityland Park Hills, 18 Đ. Phan Văn Trị, Phường 10, Gò Vấp, Thành phố Hồ Chí Minh, Vietnam",10.836833,106.6675504,"https://www.google.com/maps/place/Ministop/@10.836833,106.6675504,17z/data=!3m1!4b1!4m6!3m5!1s0x3175292161caf477:0x479077db8b93dede!8m2!3d10.836833!4d106.6675504!16s/g/11ftwg106f","https://www.google.com/maps/place/Ministop/@10.836833,106.6675504,17z/data=!3m1!4b1!4m6!3m5!1s0x3175292161caf477:0x479077db8b93dede!8m2!3d10.836833!4d106.6675504!16s/g/11ftwg106f",search+selected_place,"Lô thương mại TMDV03 tại tầng 1, địa chỉ số 0.08 Chung cư CH3, Đường số 8, Khu dân cư Cityland, Phường 10, Quận Gò Vấp, Thành phố Hồ Chí Minh.",0.5941821,"https://www.google.com/maps/place/Ministop/@10.83559,106.6656871,18z/data=!4m10!1m2!2m1!1zTMO0IHRoxrDGoW5nIG3huqFpIFRNRFYwMyB04bqhaSB04bqnbmcgMSwgxJHhu4thIGNo4buJIHPhu5EgMC4wOCBDaHVuZyBjxrAgQ0gzLCDEkMaw4budbmcgc-G7kSA4LCBLaHUgZMOibiBjxrAgQ2l0eWxhbmQsIFBoxrDhu51uZyAxMCwgUXXhuq1uIEfDsiBW4bqlcCwgVGjDoG5oIHBo4buRIEjhu5MgQ2jDrSBNaW5oLg!3m6!1s0x317529006995cb15:0x92026f344c60d9d0!8m2!3d10.8355893!4d106.6667895!15sCrUBTMO0IHRoxrDGoW5nIG3huqFpIFRNRFYwMyB04bqhaSB04bqnbmcgMSwgxJHhu4thIGNo4buJIHPhu5EgMC4wOCBDaHVuZyBjxrAgQ0gzLCDEkMaw4budbmcgc-G7kSA4LCBLaHUgZMOibiBjxrAgQ2l0eWxhbmQsIFBoxrDhu51uZyAxMCwgUXXhuq1uIEfDsiBW4bqlcCwgVGjDoG5oIHBo4buRIEjhu5MgQ2jDrSBNaW5oLlqxASKuAWzDtCB0aMawxqFuZyBt4bqhaSB0bWR2MDMgdOG6oWkgdOG6p25nIDEgxJHhu4thIGNo4buJIHPhu5EgMC4wOCBjaHVuZyBjxrAgY2gzIMSRxrDhu51uZyBz4buRIDgga2h1IGTDom4gY8awIGNpdHlsYW5kIHBoxrDhu51uZyAxMCBxdeG6rW4gZ8OyIHbhuqVwIHRow6BuaCBwaOG7kSBo4buTIGNow60gbWluaJIBDWdyb2Nlcnlfc3RvcmWaASRDaGREU1VoTk1HOW5TMFZKUTBGblRVUnZkMWxIU1ROblJSQULgAQD6AQQIABA1!16s%2Fg%2F11wfx04pgc?entry=ttu&g_ep=EgoyMDI1MTEwNC4xIKXMDSoASAFQAw%3D%3D"
13,Ministop -  Khu dân cư Vĩnh Lộc,"1 Đ. A8, Khu Phố 5, Bình Tân, Thành phố Hồ Chí Minh 700000, Vietnam",10.8043218,106.593699,"https://www.google.com/maps/place/Ministop%2B-%2BS228%2BKhu%2BD%C3%A2n%2BC%C6%B0%2BV%C4%A9nh%2BL%E1%BB%99c%2B-%2B%C4%90%C6%B0%E1%BB%9Dng%2BS%E1%BB%91%2B8/@10.8043218,106.593699,17z/data=!3m1!4b1!4m6!3m5!1s0x31752bd600f0d39d:0x18722e932b402d1d!8m2!3d10.8043218!4d106.593699!16s/g/11vl501_f7","https://www.google.com/maps/place/Ministop%2B-%2BS228%2BKhu%2BD%C3%A2n%2BC%C6%B0%2BV%C4%A9nh%2BL%E1%BB%99c%2B-%2B%C4%90%C6%B0%E1%BB%9Dng%2BS%E1%BB%91%2B8/@10.8043218,106.593699,17z/data=!3m1!4b1!4m6!3m5!1s0x31752bd600f0d39d:0x18722e932b402d1d!8m2!3d10.8043218!4d106.593699!16s/g/11vl501_f7",search+selected_place,"01 Đường số 8, Khu dân cư Vĩnh Lộc, Khu phố 4, Phường Bình Hưng Hòa B, Quận Bình Tân, Thành phố Hồ Chí Minh.",0.7840859,"https://www.google.com/maps/place/Ministop+-+S228+Khu+D%C3%A2n+C%C6%B0+V%C4%A9nh+L%E1%BB%99c+-+%C4%90%C6%B0%E1%BB%9Dng+S%E1%BB%91+8/@10.8043218,106.593699,17z/data=!3m1!4b1!4m6!3m5!1s0x31752bd600f0d39d:0x18722e932b402d1d!8m2!3d10.8043218!4d106.593699!16s%2Fg%2F11vl501_f7?entry=ttu&g_ep=EgoyMDI1MTEwNC4xIKXMDSoASAFQAw%3D%3D"
14,Ministop -  Cao ốc Re,"Bắc Sơn, Trảng Bom District, Dong Nai, Vietnam",10.9663656,106.9547279,"https://www.google.com/maps/place/Mini%2BStop/@10.9663656,106.9547279,17z/data=!3m1!4b1!4m6!3m5!1s0x3174e721466e4a0f:0xcf898445c430840!8m2!3d10.9663656!4d106.9547279!16s/g/11hm427vtn","https://www.google.com/maps/place/Mini%2BStop/@10.9663656,106.9547279,17z/data=!3m1!4b1!4m6!3m5!1s0x3174e721466e4a0f:0xcf898445c430840!8m2!3d10.9663656!4d106.9547279!16s/g/11hm427vtn",search+selected_place,"Tầng 1&2 – TMDV 03 – Cao ốc RES11, 205 Lạc Long Quân, Phường 03, Quận 11, Thành phố Hồ Chí Minh.",0.56177294,"https://www.google.com/maps/place/MINISTOP+-+S225+-+Cao+%E1%BB%91c+Res11/@10.8043218,106.593699,13z/data=!4m10!1m2!2m1!1zbWluaXN0b3AgVOG6p25nIDEmMiDigJMgVE1EViAwMyDigJMgQ2FvIOG7kWMgUkVTMTEsIDIwNSBM4bqhYyBMb25nIFF1w6JuLCBQaMaw4budbmcgMDMsIFF14bqtbiAxMSwgVGjDoG5oIHBo4buRIEjhu5MgQ2jDrSBNaW5oLg!3m6!1s0x31752f001e56f52f:0xc470499605e6a34d!8m2!3d10.763596!4d106.6418318!15sCn9taW5pc3RvcCBU4bqnbmcgMSYyIOKAkyBUTURWIDAzIOKAkyBDYW8g4buRYyBSRVMxMSwgMjA1IEzhuqFjIExvbmcgUXXDom4sIFBoxrDhu51uZyAwMywgUXXhuq1uIDExLCBUaMOgbmggcGjhu5EgSOG7kyBDaMOtIE1pbmguIgOIAQFadCJybWluaXN0b3AgdOG6p25nIDEmMiB0bWR2IDAzIGNhbyDhu5FjIHJlczExIDIwNSBs4bqhYyBsb25nIHF1w6JuIHBoxrDhu51uZyAwMyBxdeG6rW4gMTEgdGjDoG5oIHBo4buRIGjhu5MgY2jDrSBtaW5okgERY29udmVuaWVuY2Vfc3RvcmWaASNDaFpEU1VoTk1HOW5TMFZNWDBsMlNsQTRiMkpMUkZGQkVBReABAPoBBAgAEDI!16s%2Fg%2F11vs7pg277?entry=ttu&g_ep=EgoyMDI1MTEwNC4xIKXMDSoASAFQAw%3D%3D"
15,Ministop -  Tân Quý 2,"446 Đ. Tân Kỳ Tân Quý, Tân Quý, Tân Phú, Thành phố Hồ Chí Minh, Vietnam",10.7985708,106.6165472,"https://www.google.com/maps/place/Ministop%2BS210%2B-%2B446%2BT%C3%A2n%2BK%E1%BB%B3%2BT%C3%A2n%2BQu%C3%BD/@10.7985708,106.6165472,17z/data=!3m1!4b1!4m6!3m5!1s0x31752b2d5ecd5969:0x2616307ab6825485!8m2!3d10.7985708!4d106.6165472!16s/g/11kqrg8sk2","https://www.google.com/maps/place/Ministop%2BS210%2B-%2B446%2BT%C3%A2n%2BK%E1%BB%B3%2BT%C3%A2n%2BQu%C3%BD/@10.7985708,106.6165472,17z/data=!3m1!4b1!4m6!3m5!1s0x31752b2d5ecd5969:0x2616307ab6825485!8m2!3d10.7985708!4d106.6165472!16s/g/11kqrg8sk2",search+selected_place,"192 - 194 Tân Quý, Phường Tân Quý, Quận Tân Phú, Thành phố Hồ Chí Minh.",0.80181277,"https://www.google.com/maps/place/MINISTOP+-+T%C3%82N+K%E1%BB%B2+T%C3%82N+QU%C3%9D/@10.8021666,106.6178258,15z/data=!4m10!1m2!2m1!1zbWluaXN0b3AgMTkyIC0gMTk0IFTDom4gUXXDvSwgUGjGsOG7nW5nIFTDom4gUXXDvSwgUXXhuq1uIFTDom4gUGjDuiwgVGjDoG5oIHBo4buRIEjhu5MgQ2jDrSBNaW5oLg!3m6!1s0x31752b4ff1f46ee3:0x5e8717e2631358fa!8m2!3d10.8021666!4d106.6265805!15sCmFtaW5pc3RvcCAxOTIgLSAxOTQgVMOibiBRdcO9LCBQaMaw4budbmcgVMOibiBRdcO9LCBRdeG6rW4gVMOibiBQaMO6LCBUaMOgbmggcGjhu5EgSOG7kyBDaMOtIE1pbmguIgOIAQFaXSJbbWluaXN0b3AgMTkyIDE5NCB0w6JuIHF1w70gcGjGsOG7nW5nIHTDom4gcXXDvSBxdeG6rW4gdMOibiBwaMO6IHRow6BuaCBwaOG7kSBo4buTIGNow60gbWluaJIBEWNvbnZlbmllbmNlX3N0b3JlmgEkQ2hkRFNVaE5NRzluUzBWSlEwRm5TVU42ZG5ONVdUTlJSUkFC4AEA-gEECAAQSQ!16s%2Fg%2F11pf681q26?entry=ttu&g_ep=EgoyMDI1MTEwNC4xIKXMDSoASAFQAw%3D%3D"
16,Ministop -  Trần Bình Trọng,"52A Trần Bình Trọng, Phường 5, Bình Thạnh, Thành phố Hồ Chí Minh, Vietnam",10.8127055,106.6879861,"https://www.google.com/maps/place/MINISTOP/@10.8127055,106.6879861,17z/data=!3m1!4b1!4m6!3m5!1s0x3175295cffff2989:0x3d988226a14d5c63!8m2!3d10.8127055!4d106.6879861!16s/g/11krtx7b82","https://www.google.com/maps/place/MINISTOP/@10.8127055,106.6879861,17z/data=!3m1!4b1!4m6!3m5!1s0x3175295cffff2989:0x3d988226a14d5c63!8m2!3d10.8127055!4d106.6879861!16s/g/11krtx7b82",search+selected_place,"52G Trần Bình Trọng, Phường 05, Quận Bình Thạnh, Thành phố Hồ Chí Minh.",0.84664166,"https://www.google.com/maps/place/MINISTOP/@10.8127055,106.6879861,17z/data=!3m1!4b1!4m6!3m5!1s0x3175295cffff2989:0x3d988226a14d5c63!8m2!3d10.8127055!4d106.6879861!16s%2Fg%2F11krtx7b82?entry=ttu&g_ep=EgoyMDI1MTEwNC4xIKXMDSoASAFQAw%3D%3D"
17,Ministop -  Mã Lò,"102 Đường Số 29, Bình Trị Đông B, Bình Tân, Thành phố Hồ Chí Minh, Vietnam",10.7568145,106.611728,"https://www.google.com/maps/place/CHTL%2B-%2BMINISTOP%2B-%2BS257%2B-%2B%C4%90%C6%B0%E1%BB%9Dng%2Bs%E1%BB%91%2B29/@10.7568145,106.611728,17z/data=!3m1!4b1!4m6!3m5!1s0x31752d0009d9f3f5:0x7d10875e351a63b3!8m2!3d10.7568145!4d106.611728!16s/g/11y6b46zks","https://www.google.com/maps/place/CHTL%2B-%2BMINISTOP%2B-%2BS257%2B-%2B%C4%90%C6%B0%E1%BB%9Dng%2Bs%E1%BB%91%2B29/@10.7568145,106.611728,17z/data=!3m1!4b1!4m6!3m5!1s0x31752d0009d9f3f5:0x7d10875e351a63b3!8m2!3d10.7568145!4d106.611728!16s/g/11y6b46zks",search+selected_place,"168 Mã Lò, Khu phố 2, Phường Bình Trị Đông A, Quận Bình Tân, Thành phố Hồ Chí Minh.",0.75673234,"https://www.google.com/maps/place/MNS+M%C3%A3+L%C3%B2/@10.7648187,106.604,21z/data=!4m15!1m8!3m7!1s0x31752c477365dacf:0x521265656c22a6c3!2zMTY4IE3DoyBMw7IsIELDrG5oIFRy4buLIMSQw7RuZyBBLCBCw6xuaCBUw6JuLCBUaMOgbmggcGjhu5EgSOG7kyBDaMOtIE1pbmgsIFZpZXRuYW0!3b1!8m2!3d10.7648115!4d106.6040554!16s%2Fg%2F11hblpwb_8!3m5!1s0x31752d0053e378cd:0xd2294277bff55dce!8m2!3d10.7648218!4d106.6041478!16s%2Fg%2F11vt0m6b3z?entry=ttu&g_ep=EgoyMDI1MTEwNC4xIKXMDSoASAFQAw%3D%3D"
18,Ministop -  Lê Đức Thọ 2,"527 Đ. Lê Đức Thọ, Phường 16, Gò Vấp, Thành phố Hồ Chí Minh 70000, Vietnam",10.8463217,106.6704441,"https://www.google.com/maps/place/MINISTOP%2B-%2BL%C3%AA%2B%C4%90%E1%BB%A9c%2BTh%E1%BB%8D/@10.8463217,106.6704441,17z/data=!3m1!4b1!4m6!3m5!1s0x31752976c24363db:0xbec98fd9626dabe5!8m2!3d10.8463217!4d106.6704441!16s/g/11syj81266","https://www.google.com/maps/place/MINISTOP%2B-%2BL%C3%AA%2B%C4%90%E1%BB%A9c%2BTh%E1%BB%8D/@10.8463217,106.6704441,17z/data=!3m1!4b1!4m6!3m5!1s0x31752976c24363db:0xbec98fd9626dabe5!8m2!3d10.8463217!4d106.6704441!16s/g/11syj81266",search+selected_place,"1177 Lê Đức Thọ, Phường 15, Quận Gò Vấp, Thành phố Hồ Chí Minh.",0.7942897,"https://www.google.com/maps/place/Ministop/@10.8541806,106.652736,16z/data=!4m10!1m2!2m1!1zbWluaXN0b3AgMTE3NyBMw6ogxJDhu6ljIFRo4buNLCBQaMaw4budbmcgMTUsIFF14bqtbiBHw7IgVuG6pXAsIFRow6BuaCBwaOG7kSBI4buTIENow60gTWluaC4!3m6!1s0x3175297c7530748f:0xa0e494ffd4ec42c6!8m2!3d10.8541806!4d106.6571134!15sClxtaW5pc3RvcCAxMTc3IEzDqiDEkOG7qWMgVGjhu40sIFBoxrDhu51uZyAxNSwgUXXhuq1uIEfDsiBW4bqlcCwgVGjDoG5oIHBo4buRIEjhu5MgQ2jDrSBNaW5oLiIDiAEBWloiWG1pbmlzdG9wIDExNzcgbMOqIMSR4bupYyB0aOG7jSBwaMaw4budbmcgMTUgcXXhuq1uIGfDsiB24bqlcCB0aMOgbmggcGjhu5EgaOG7kyBjaMOtIG1pbmiSAQ1ncm9jZXJ5X3N0b3Jl4AEA!16s%2Fg%2F11v4jglpwz?entry=ttu&g_ep=EgoyMDI1MTEwNC4xIKXMDSoASAFQAw%3D%3D"
19,Ministop -  Cư Xá Lữ Gia,"43B Đường Số 2, Khu Phố 2, Quận 11, Thành phố Hồ Chí Minh, Vietnam",10.7717332,106.6546196,"https://www.google.com/maps/place/Mini%2BStop/@10.7717332,106.6546196,17z/data=!3m1!4b1!4m6!3m5!1s0x31752f27fd7bd077:0x1c7d2e440ee8a00!8m2!3d10.7717332!4d106.6546196!16s/g/11l5x2kb43","https://www.google.com/maps/place/Mini%2BStop/@10.7717332,106.6546196,17z/data=!3m1!4b1!4m6!3m5!1s0x31752f27fd7bd077:0x1c7d2e440ee8a00!8m2!3d10.7717332!4d106.6546196!16s/g/11l5x2kb43",search+selected_place,"77B Đường số 2 Cư Xá Lữ Gia, Phường 15, Quận 11, Thành phố Hồ Chí Minh.",0.82827854,"https://www.google.com/maps/place/Mini+Stop/@10.7717869,106.6544805,21z/data=!4m15!1m8!3m7!1s0x31752ec044e8b2a9:0xfd67c0b8a52d1744!2zNzdCIMSQxrDhu51uZyBT4buRIDIsIFBoxrDhu51uZyAxNSwgUXXhuq1uIDExLCBUaMOgbmggcGjhu5EgSOG7kyBDaMOtIE1pbmgsIFZpZXRuYW0!3b1!8m2!3d10.7718043!4d106.6546874!16s%2Fg%2F11t40gjcm9!3m5!1s0x31752f27fd7bd077:0x1c7d2e440ee8a00!8m2!3d10.7717332!4d106.6546196!16s%2Fg%2F11l5x2kb43?entry=ttu&g_ep=EgoyMDI1MTEwNC4xIKXMDSoASAFQAw%3D%3D"
20,Ministop -  One Verandah,"1 Tạ Hiện, Phường Thạnh Mỹ Lợi, Thủ Đức, Thành phố Hồ Chí Minh, Vietnam",10.7768961,106.7515739,"https://www.google.com/maps/place/Ministop%2BOne%2BVerandah/@10.7768961,106.7515739,17z/data=!3m1!4b1!4m6!3m5!1s0x317525000c1ced8d:0xdd9e4e798fcefed7!8m2!3d10.7768961!4d106.7515739!16s/g/11vpdlvtwk","https://www.google.com/maps/place/Ministop%2BOne%2BVerandah/@10.7768961,106.7515739,17z/data=!3m1!4b1!4m6!3m5!1s0x317525000c1ced8d:0xdd9e4e798fcefed7!8m2!3d10.7768961!4d106.7515739!16s/g/11vpdlvtwk",search+selected_place,"Cửa hàng thương mại số SH11 và SH12, Dự án One Verandah, số 02 đường Bát Nàn, Khu phố 01, Phường Thạnh Mỹ Lợi, Thành phố Thủ Đức, Thành phố Hồ Chí Minh.",0.7657127,"https://www.google.com/maps/place/Ministop+One+Verandah/@10.7768961,106.7515739,17z/data=!3m1!4b1!4m6!3m5!1s0x317525000c1ced8d:0xdd9e4e798fcefed7!8m2!3d10.7768961!4d106.7515739!16s%2Fg%2F11vpdlvtwk?entry=ttu&g_ep=EgoyMDI1MTEwNC4xIKXMDSoASAFQAw%3D%3D"
21,Ministop -  Lý Thánh Tông,"46 Lý Thánh Tông, Tân Thới Hoà, Tân Phú, Thành phố Hồ Chí Minh 70000, Vietnam",10.7670654,106.6300416,"https://www.google.com/maps/place/Ministop%2BL%C3%BD%2BTh%C3%A1nh%2BT%C3%B4ng%2B-%2BS200/@10.7670654,106.6300416,17z/data=!3m1!4b1!4m6!3m5!1s0x31752f08c027c90b:0x54828d333b192a3!8m2!3d10.7670654!4d106.6300416!16s/g/11st68zc7k","https://www.google.com/maps/place/Ministop%2BL%C3%BD%2BTh%C3%A1nh%2BT%C3%B4ng%2B-%2BS200/@10.7670654,106.6300416,17z/data=!3m1!4b1!4m6!3m5!1s0x31752f08c027c90b:0x54828d333b192a3!8m2!3d10.7670654!4d106.6300416!16s/g/11st68zc7k",search+selected_place,"46 Lý Thánh Tông, Phường Hiệp Tân, Quận Tân Phú, Thành phố Hồ Chí Minh.",0.84460944,"https://www.google.com/maps/place/Ministop+L%C3%BD+Th%C3%A1nh+T%C3%B4ng+-+S200/@10.7670654,106.6300416,17z/data=!3m1!4b1!4m6!3m5!1s0x31752f08c027c90b:0x54828d333b192a3!8m2!3d10.7670654!4d106.6300416!16s%2Fg%2F11st68zc7k?entry=ttu&g_ep=EgoyMDI1MTEwNC4xIKXMDSoASAFQAw%3D%3D"
22,Ministop -  Đường số 59,"107 Đ. Số 1, Phường Thông Tây Hội, Gò Vấp, Thành phố Hồ Chí Minh, Vietnam",10.8458136,106.6613865,"https://www.google.com/maps/place/Ministop%2B%C4%91%C6%B0%E1%BB%9Dng%2Bs%E1%BB%91%2B1/@10.8458136,106.6613865,17z/data=!3m1!4b1!4m6!3m5!1s0x3175290025ddc723:0x838d0d38b6e3fb57!8m2!3d10.8458136!4d106.6613865!16s/g/11wq97szbh","https://www.google.com/maps/place/Ministop%2B%C4%91%C6%B0%E1%BB%9Dng%2Bs%E1%BB%91%2B1/@10.8458136,106.6613865,17z/data=!3m1!4b1!4m6!3m5!1s0x3175290025ddc723:0x838d0d38b6e3fb57!8m2!3d10.8458136!4d106.6613865!16s/g/11wq97szbh",search+selected_place,"83 Đường số 59, Phường 14, Quận Gò Vấp, Thành phố Hồ Chí Minh",0.8144046,"https://www.google.com/maps/place/Ministops/@10.854558,106.6509065,20z/data=!4m14!1m7!3m6!1s0x317529007927a555:0x18b1ab7f4b421f2a!2sMinistops!8m2!3d10.8546417!4d106.6511678!16s%2Fg%2F11xgrc78d_!3m5!1s0x317529007927a555:0x18b1ab7f4b421f2a!8m2!3d10.8546417!4d106.6511678!16s%2Fg%2F11xgrc78d_?entry=ttu&g_ep=EgoyMDI1MTEwNC4xIKXMDSoASAFQAw%3D%3D"
23,Ministop -  Thạch Lam 2,"113 Đ. Thạch Lam, Phú Thạnh, Tân Phú, Thành phố Hồ Chí Minh, Vietnam",10.7769422,106.6300744,"https://www.google.com/maps/place/MINISTOP/@10.7769422,106.6300744,17z/data=!3m1!4b1!4m6!3m5!1s0x31752fae15a8f369:0x47cdd9483520eeaf!8m2!3d10.7769422!4d106.6300744!16s/g/11tk27690x","https://www.google.com/maps/place/MINISTOP/@10.7769422,106.6300744,17z/data=!3m1!4b1!4m6!3m5!1s0x31752fae15a8f369:0x47cdd9483520eeaf!8m2!3d10.7769422!4d106.6300744!16s/g/11tk27690x",search+selected_place,"280 Thạch Lam, Phường Phú Thạnh, Quận Tân Phú, Thành phố Hồ Chí Minh.",0.8357531,"https://www.google.com/maps/place/MINISTOP/@10.7790501,106.6248131,17z/data=!3m1!4b1!4m6!3m5!1s0x31752d376d9e8e07:0xf01cfa3edc78d52c!8m2!3d10.7790501!4d106.6248131!16s%2Fg%2F11txfbgz5_?entry=ttu&g_ep=EgoyMDI1MTEwNC4xIKXMDSoASAFQAw%3D%3D"
24,Ministop -  Bùi Quang Là,"92-94 Bùi Quang Là, Phường 12, Gò Vấp, Thành phố Hồ Chí Minh 700000, Vietnam",10.8350598,106.6395588,"https://www.google.com/maps/place/MINISTOP/@10.8350598,106.6395588,17z/data=!3m1!4b1!4m6!3m5!1s0x317529fd3f45ac89:0x446f7a34c821a828!8m2!3d10.8350598!4d106.6395588!16s/g/11jt4g1qq0","https://www.google.com/maps/place/MINISTOP/@10.8350598,106.6395588,17z/data=!3m1!4b1!4m6!3m5!1s0x317529fd3f45ac89:0x446f7a34c821a828!8m2!3d10.8350598!4d106.6395588!16s/g/11jt4g1qq0",search+selected_place,"92 – 94 Bùi Quang Là, Phường 12, Quận Gò Vấp, Thành phố Hồ Chí Minh.",0.8379239,"https://www.google.com/maps/place/MINISTOP/@10.8350598,106.6395588,17z/data=!3m1!4b1!4m6!3m5!1s0x317529fd3f45ac89:0x446f7a34c821a828!8m2!3d10.8350598!4d106.6395588!16s%2Fg%2F11jt4g1qq0?entry=ttu&g_ep=EgoyMDI1MTEwNC4xIKXMDSoASAFQAw%3D%3D"
25,Ministop -  Topaz City,"223 Đ. 154, Khu Phố 3, Thủ Đức, Thành phố Hồ Chí Minh, Vietnam",10.8648481,106.8108131,"https://www.google.com/maps/place/Ministop%2BTopaz%2BHome%2B2/@10.8648481,106.8108131,17z/data=!3m1!4b1!4m6!3m5!1s0x3175270004299aa7:0x6027059844f6f3b1!8m2!3d10.8648481!4d106.8108131!16s/g/11w3bv9qcq","https://www.google.com/maps/place/Ministop%2BTopaz%2BHome%2B2/@10.8648481,106.8108131,17z/data=!3m1!4b1!4m6!3m5!1s0x3175270004299aa7:0x6027059844f6f3b1!8m2!3d10.8648481!4d106.8108131!16s/g/11w3bv9qcq",search+selected_place,"Lô thương mại dịch vụ B1 tầng 1, Chung cư Topaz City - 39 Cao Lỗ, Phường 04, Quận 08, Thành phố Hồ Chí Minh.",0.67867243,"https://www.google.com/maps/place/Ministop/@10.7379039,106.677294,17z/data=!4m10!1m2!2m1!1zbWluaXN0b3AgQ2h1bmcgY8awIFRvcGF6IENpdHkgLSAzOSBDYW8gTOG7lywgUGjGsOG7nW5nIDA0LCBRdeG6rW4gMDgsIFRow6BuaCBwaOG7kSBI4buTIENow60gTWluaC4!3m6!1s0x31752f25e4c62179:0x8dfb9a685bbfdf8e!8m2!3d10.7379039!4d106.6794827!15sCmJtaW5pc3RvcCBDaHVuZyBjxrAgVG9wYXogQ2l0eSAtIDM5IENhbyBM4buXLCBQaMaw4budbmcgMDQsIFF14bqtbiAwOCwgVGjDoG5oIHBo4buRIEjhu5MgQ2jDrSBNaW5oLiIDiAEBWl4iXG1pbmlzdG9wIGNodW5nIGPGsCB0b3BheiBjaXR5IDM5IGNhbyBs4buXIHBoxrDhu51uZyAwNCBxdeG6rW4gMDggdGjDoG5oIHBo4buRIGjhu5MgY2jDrSBtaW5okgERY29udmVuaWVuY2Vfc3RvcmWaAURDaTlEUVVsUlFVTnZaRU5vZEhsalJqbHZUMnQzTkdGR2JGWk1XRlp6WlVVMVdXSjVNVk5hTW04MVV6Sk9kMDR4UlJBQuABAPoBBAgAEEM!16s%2Fg%2F11tspyl5t4?entry=ttu&g_ep=EgoyMDI1MTEwNC4xIKXMDSoASAFQAw%3D%3D"
26,Ministop -  Đường số 10,"86 Đường số 10, P.13, Quận 6, Thành phố Hồ Chí Minh, Vietnam",10.7532715,106.6274072,"https://www.google.com/maps/place/Ministop/@10.7532715,106.6274072,17z/data=!3m1!4b1!4m6!3m5!1s0x31752d37bd48e7f5:0x8a79f93f7ef4be34!8m2!3d10.7532715!4d106.6274072!16s/g/11s86f18rh","https://www.google.com/maps/place/Ministop/@10.7532715,106.6274072,17z/data=!3m1!4b1!4m6!3m5!1s0x31752d37bd48e7f5:0x8a79f93f7ef4be34!8m2!3d10.7532715!4d106.6274072!16s/g/11s86f18rh",search+selected_place,"86 – 88 Đường số 10, Phường 13, Quận 06, Thành phố Hồ Chí Minh.",0.8375623,"https://www.google.com/maps/place/Ministop/@10.7532715,106.6274072,17z/data=!3m1!4b1!4m6!3m5!1s0x31752d37bd48e7f5:0x8a79f93f7ef4be34!8m2!3d10.7532715!4d106.6274072!16s%2Fg%2F11s86f18rh?entry=ttu&g_ep=EgoyMDI1MTEwNC4xIKXMDSoASAFQAw%3D%3D"
27,Ministop -  Water Point,"Bắc Sơn, Trảng Bom District, Dong Nai, Vietnam",10.9663656,106.9547279,"https://www.google.com/maps/place/Mini%2BStop/@10.9663656,106.9547279,17z/data=!3m1!4b1!4m6!3m5!1s0x3174e721466e4a0f:0xcf898445c430840!8m2!3d10.9663656!4d106.9547279!16s/g/11hm427vtn","https://www.google.com/maps/place/Mini%2BStop/@10.9663656,106.9547279,17z/data=!3m1!4b1!4m6!3m5!1s0x3174e721466e4a0f:0xcf898445c430840!8m2!3d10.9663656!4d106.9547279!16s/g/11hm427vtn",search+selected_place,"Tầng trệt gian hàng số 02, Trạm xe buýt và khu thương mại dịch vụ thuộc Lô MC5 thuộc khu đô thị mới Vàm Cỏ Đông, Xã An Thạnh, Huyện Bến Lức, Tỉnh Long An.",0.52042764,"https://www.google.com/maps/place/Ministop/@10.657796,106.4596771,17z/data=!3m1!4b1!4m6!3m5!1s0x310acd0357c09003:0x350b48a2bcbd7abb!8m2!3d10.657796!4d106.4596771!16s%2Fg%2F11tbz0ptw6?entry=ttu&g_ep=EgoyMDI1MTEwNC4xIKXMDSoASAFQAw%3D%3D"
28,Ministop -  Akari City,"PJ84+WXV, 77 Võ Văn Kiệt, An Lạc, Bình Tân, Thành phố Hồ Chí Minh, Vietnam",10.7173998,106.6073924,"https://www.google.com/maps/place/Aeon%2BMinistop%2BAkari%2BCity%2BAK5/@10.7173998,106.6073924,17z/data=!3m1!4b1!4m6!3m5!1s0x31752d11b5c44b9f:0x7c85383277859d81!8m2!3d10.7173998!4d106.6073924!16s/g/11t4cc6r10","https://www.google.com/maps/place/Aeon%2BMinistop%2BAkari%2BCity%2BAK5/@10.7173998,106.6073924,17z/data=!3m1!4b1!4m6!3m5!1s0x31752d11b5c44b9f:0x7c85383277859d81!8m2!3d10.7173998!4d106.6073924!16s/g/11t4cc6r10",search+selected_place,"AK5-00.01 Akari City, 77 Võ Văn Kiệt P.An Lạc, Q.Bình Tân, TP.HCM",0.6508765,"https://www.google.com/maps/place/Aeon+Ministop+Akari+City+AK5/@10.7173998,106.6073924,17z/data=!3m1!4b1!4m6!3m5!1s0x31752d11b5c44b9f:0x7c85383277859d81!8m2!3d10.7173998!4d106.6073924!16s%2Fg%2F11t4cc6r10?entry=ttu&g_ep=EgoyMDI1MTEwNC4xIKXMDSoASAFQAw%3D%3D"
29,Ministop -  Đường số 6,"86 Đường số 10, P.13, Quận 6, Thành phố Hồ Chí Minh, Vietnam",10.7532715,106.6274072,"https://www.google.com/maps/place/Ministop/@10.7532715,106.6274072,17z/data=!3m1!4b1!4m6!3m5!1s0x31752d37bd48e7f5:0x8a79f93f7ef4be34!8m2!3d10.7532715!4d106.6274072!16s/g/11s86f18rh","https://www.google.com/maps/place/Ministop/@10.7532715,106.6274072,17z/data=!3m1!4b1!4m6!3m5!1s0x31752d37bd48e7f5:0x8a79f93f7ef4be34!8m2!3d10.7532715!4d106.6274072!16s/g/11s86f18rh",search+selected_place,"165 Đường số 6, Phường Bình Trị Đông B, Quận Bình Tân, TP. HCM",0.79149926,"https://www.google.com/maps/place/Ministop/@10.7535445,106.618983,17z/data=!3m1!4b1!4m6!3m5!1s0x31752d005d5d485b:0x1f2aafef8ccb1c65!8m2!3d10.7535445!4d106.618983!16s%2Fg%2F11wwhsq81q?entry=ttu&g_ep=EgoyMDI1MTEwNC4xIKXMDSoASAFQAw%3D%3D"
30,Ministop -  Lê Đức Thọ,"527 Đ. Lê Đức Thọ, Phường 16, Gò Vấp, Thành phố Hồ Chí Minh 70000, Vietnam",10.8463217,106.6704441,"https://www.google.com/maps/place/MINISTOP%2B-%2BL%C3%AA%2B%C4%90%E1%BB%A9c%2BTh%E1%BB%8D/@10.8463217,106.6704441,17z/data=!3m1!4b1!4m6!3m5!1s0x31752976c24363db:0xbec98fd9626dabe5!8m2!3d10.8463217!4d106.6704441!16s/g/11syj81266","https://www.google.com/maps/place/MINISTOP%2B-%2BL%C3%AA%2B%C4%90%E1%BB%A9c%2BTh%E1%BB%8D/@10.8463217,106.6704441,17z/data=!3m1!4b1!4m6!3m5!1s0x31752976c24363db:0xbec98fd9626dabe5!8m2!3d10.8463217!4d106.6704441!16s/g/11syj81266",search+selected_place,527 Lê Đức Thọ P.16 Q.Gò Vấp,0.78717697,"https://www.google.com/maps/place/MINISTOP+-+L%C3%AA+%C4%90%E1%BB%A9c+Th%E1%BB%8D/@10.8463217,106.6704441,17z/data=!3m1!4b1!4m6!3m5!1s0x31752976c24363db:0xbec98fd9626dabe5!8m2!3d10.8463217!4d106.6704441!16s%2Fg%2F11syj81266?entry=ttu&g_ep=EgoyMDI1MTEwNC4xIKXMDSoASAFQAw%3D%3D"
31,Ministop -  Tô Hiệu,"58k Đ. Tô Hiệu, Tân Thới Hoà, Tân Phú, Thành phố Hồ Chí Minh, Vietnam",10.7699177,106.6268392,"https://www.google.com/maps/place/Ministop%2BT%C3%B4%2BHi%E1%BB%87u/@10.7699177,106.6268392,17z/data=!3m1!4b1!4m6!3m5!1s0x31752d0960436181:0x3d00848b49f7f57a!8m2!3d10.7699177!4d106.6268392!16s/g/11rzs45rsb","https://www.google.com/maps/place/Ministop%2BT%C3%B4%2BHi%E1%BB%87u/@10.7699177,106.6268392,17z/data=!3m1!4b1!4m6!3m5!1s0x31752d0960436181:0x3d00848b49f7f57a!8m2!3d10.7699177!4d106.6268392!16s/g/11rzs45rsb",search+selected_place,"57K Tô Hiệu, P.Hiệp Tân, Q.Tân Phú",0.7694231,"https://www.google.com/maps/place/Ministop+T%C3%B4+Hi%E1%BB%87u/@10.7699177,106.6268392,17z/data=!3m1!4b1!4m6!3m5!1s0x31752d0960436181:0x3d00848b49f7f57a!8m2!3d10.7699177!4d106.6268392!16s%2Fg%2F11rzs45rsb?entry=ttu&g_ep=EgoyMDI1MTEwNC4xIKXMDSoASAFQAw%3D%3D"
32,Ministop -  Sunwah Pearl,"QPQ9+F8G, Đường D8, Saigon Pearl, Bình Thạnh, Thành phố Hồ Chí Minh, Vietnam",10.7886989,106.7183382,"https://www.google.com/maps/place/MINISTOP/@10.7886989,106.7183382,17z/data=!3m1!4b1!4m6!3m5!1s0x317529bc0e30cb97:0x2ed053856213a833!8m2!3d10.7886989!4d106.7183382!16s/g/11q26250s8","https://www.google.com/maps/place/MINISTOP/@10.7886989,106.7183382,17z/data=!3m1!4b1!4m6!3m5!1s0x317529bc0e30cb97:0x2ed053856213a833!8m2!3d10.7886989!4d106.7183382!16s/g/11q26250s8",search+selected_place,"Căn hộ thương mại số S-16 gồm 01 Tầng Thuộc Dự Án Sunwah Pearl, số 90 Nguyễn Hữu Cảnh, phường 22, quận Bình Thạnh, TP. HCM",0.60164243,"https://www.google.com/maps/place/MINISTOP/@10.7886863,106.7177796,19z/data=!4m9!1m2!2m1!1zQ8SDbiBo4buZIHRoxrDGoW5nIG3huqFpIHPhu5EgUy0xNiBn4buTbSAwMSBU4bqnbmcgVGh14buZYyBE4buxIMOBbiBTdW53YWggUGVhcmwsIHPhu5EgOTAgTmd1eeG7hW4gSOG7r3UgQ-G6o25oLCBwaMaw4budbmcgMjIsIHF14bqtbiBCw6xuaCBUaOG6oW5oLCBUUC4gSENN!3m5!1s0x317529bc0e30cb97:0x2ed053856213a833!8m2!3d10.7886989!4d106.7183382!16s%2Fg%2F11q26250s8?entry=ttu&g_ep=EgoyMDI1MTEwNC4xIKXMDSoASAFQAw%3D%3D"
33,Ministop -  Safira D,"179 Đ. Võ Chí Công, Bình Trưng Đông, Thủ Đức, Thành phố Hồ Chí Minh, Vietnam",10.801393,106.7938978,"https://www.google.com/maps/place/Ministop%2BSafira/@10.801393,106.7938978,17z/data=!3m1!4b1!4m6!3m5!1s0x3175270047803f49:0x420d5f80cd7f5213!8m2!3d10.801393!4d106.7938978!16s/g/11w1jy8c8l","https://www.google.com/maps/place/Ministop%2BSafira/@10.801393,106.7938978,17z/data=!3m1!4b1!4m6!3m5!1s0x3175270047803f49:0x420d5f80cd7f5213!8m2!3d10.801393!4d106.7938978!16s/g/11w1jy8c8l",search+selected_place,"Căn D2.01.04-TM tại tầng 01 và tầng 02 của tháp D2 thuộc Khu nhà ở cao tầng Công ty Saphire tại số 454 đường Võ Chí Công, Khu phố 2, phường Phú Hữu, Tp. Thủ Đức, TP.HCM.",0.5909495,"https://www.google.com/maps/place/Ministop+Safira/@10.801393,106.7928035,18z/data=!4m10!1m2!2m1!1zQ8SDbiBEMi4wMS4wNC1UTSB04bqhaSB04bqnbmcgMDEgdsOgIHThuqduZyAwMiBj4bunYSB0aMOhcCBEMiB0aHXhu5ljIEtodSBuaMOgIOG7nyBjYW8gdOG6p25nIEPDtG5nIHR5IFNhcGhpcmUgdOG6oWkgc-G7kSA0NTQgxJHGsOG7nW5nIFbDtSBDaMOtIEPDtG5nLCBLaHUgcGjhu5EgMiwgcGjGsOG7nW5nIFBow7ogSOG7r3UsIFRwLiBUaOG7pyDEkOG7qWMsIFRQLkhDTS4!3m6!1s0x3175270047803f49:0x420d5f80cd7f5213!8m2!3d10.801393!4d106.7938978!15sCtQBQ8SDbiBEMi4wMS4wNC1UTSB04bqhaSB04bqnbmcgMDEgdsOgIHThuqduZyAwMiBj4bunYSB0aMOhcCBEMiB0aHXhu5ljIEtodSBuaMOgIOG7nyBjYW8gdOG6p25nIEPDtG5nIHR5IFNhcGhpcmUgdOG6oWkgc-G7kSA0NTQgxJHGsOG7nW5nIFbDtSBDaMOtIEPDtG5nLCBLaHUgcGjhu5EgMiwgcGjGsOG7nW5nIFBow7ogSOG7r3UsIFRwLiBUaOG7pyDEkOG7qWMsIFRQLkhDTS5apQEiogFjxINuIGQyIDAxLjA0IHRtIHThuqFpIHThuqduZyAwMSB2w6AgdOG6p25nIDAyIGPhu6dhIHRow6FwIGQyIHRodeG7mWMga2h1IG5ow6Ag4bufIGNhbyB04bqnbmcgY8O0bmcgdHkgc2FwaGlyZSB04bqhaSBz4buRIDQ1NCDEkcaw4budbmcgdsO1IGNow60gY8O0bmcga2h1IHBo4buRIDKSARFjb252ZW5pZW5jZV9zdG9yZZoBJENoZERTVWhOTUc5blMwVkpRMEZuVFVOWmRVbDJTR3RuUlJBQuABAPoBBAgpEBw!16s%2Fg%2F11w1jy8c8l?entry=ttu&g_ep=EgoyMDI1MTEwNC4xIKXMDSoASAFQAw%3D%3D"
34,Ministop -  HaDo Centrosa Garden,"200 Đ. 3 Tháng 2, Phường 12, Quận 10, Thành phố Hồ Chí Minh 70000, Vietnam",10.7753466,106.6780884,"https://www.google.com/maps/place/B%C3%A1n%2BV%C3%A0%2BCho%2BThu%C3%AA%2BH%C3%A0%2B%C4%90%C3%B4%2BCentrosa%2BQu%E1%BA%ADn%2B10/@10.7753466,106.6780884,17z/data=!3m1!4b1!4m6!3m5!1s0x31752f1706b84a3f:0xf087de792371f0bc!8m2!3d10.7753466!4d106.6780884!16s/g/11sl0c4t3t","https://www.google.com/maps/place/B%C3%A1n%2BV%C3%A0%2BCho%2BThu%C3%AA%2BH%C3%A0%2B%C4%90%C3%B4%2BCentrosa%2BQu%E1%BA%ADn%2B10/@10.7753466,106.6780884,17z/data=!3m1!4b1!4m6!3m5!1s0x31752f1706b84a3f:0xf087de792371f0bc!8m2!3d10.7753466!4d106.6780884!16s/g/11sl0c4t3t",search+selected_place,"I-1.TM.05, Khu vực thương mại khối Iris(I), Khu Phức Hợp HaDo Centrosa, số 200, đường 3/2, Phường 12, Quận 10, TP. HCM.",0.6270785,"https://www.google.com/maps/place/Mini+stop/@10.7753088,106.6779535,17z/data=!3m1!4b1!4m6!3m5!1s0x31752fcdeccf645b:0xf1937807031f5fdf!8m2!3d10.7753088!4d106.6779535!16s%2Fg%2F11nnsbhg2s?entry=ttu&g_ep=EgoyMDI1MTEwNC4xIKXMDSoASAFQAw%3D%3D"
35,Ministop -  Sài Gòn South,"Phước Kiển, Nhà Bè, Ho Chi Minh City, Vietnam",10.7204206,106.7042296,"https://www.google.com/maps/place/MINISTOP%2BSAIGON%2BSOUTH/@10.7204206,106.7042296,17z/data=!3m1!4b1!4m6!3m5!1s0x31752f812b64f4cf:0x62e617975563ed87!8m2!3d10.7204206!4d106.7042296!16s/g/11n103g8qb","https://www.google.com/maps/place/MINISTOP%2BSAIGON%2BSOUTH/@10.7204206,106.7042296,17z/data=!3m1!4b1!4m6!3m5!1s0x31752f812b64f4cf:0x62e617975563ed87!8m2!3d10.7204206!4d106.7042296!16s/g/11n103g8qb",search+selected_place,"Căn D0.02 Khu nhà ở xã Phước Kiển, huyện Nhà Bè – Khu nhà ở Nam Sài Gòn Residences, ấp 5, xã Phước Kiển, huyện Nhà Bè, TP.Hồ Chí Minh",0.7603097,"https://www.google.com/maps/place/MINISTOP+SAIGON+SOUTH/@10.7204206,106.7042296,17z/data=!4m6!3m5!1s0x31752f812b64f4cf:0x62e617975563ed87!8m2!3d10.7204206!4d106.7042296!16s%2Fg%2F11n103g8qb?entry=ttu&g_ep=EgoyMDI1MTEwNC4xIKXMDSoASAFQAw%3D%3D"
36,Ministop -  Saigon Royal,"Tháp A, Bến Vân Đồn, Phường 12, Quận 4, Thành phố Hồ Chí Minh, Vietnam",10.7669506,106.7039699,"https://www.google.com/maps/place/Ministop%2BSaigon%2BRoyal/@10.7669506,106.7039699,17z/data=!3m1!4b1!4m6!3m5!1s0x31752f6a75f3d199:0x82676162b98eaf9b!8m2!3d10.7669506!4d106.7039699!16s/g/11rb61366v","https://www.google.com/maps/place/Ministop%2BSaigon%2BRoyal/@10.7669506,106.7039699,17z/data=!3m1!4b1!4m6!3m5!1s0x31752f6a75f3d199:0x82676162b98eaf9b!8m2!3d10.7669506!4d106.7039699!16s/g/11rb61366v",search+selected_place,"A.1.02 tại Tầng 01, tháp A thuộc Trung tâm Thương mại – Dịch vụ, Officetel và Căn hộ ở tại số 34 – 35 Bến Vân Đồn, Phường 13, Quận 4, TPHCM",0.7488159,"https://www.google.com/maps/place/Ministop+Saigon+Royal/@10.7669577,106.7034359,19z/data=!4m10!1m2!2m1!1zQS4xLjAyIHThuqFpIFThuqduZyAwMSwgdGjDoXAgQSB0aHXhu5ljIFRydW5nIHTDom0gVGjGsMahbmcgbeG6oWkg4oCTIEThu4tjaCB24bulLCBPZmZpY2V0ZWwgdsOgIEPEg24gaOG7mSDhu58gdOG6oWkgc-G7kSAzNCDigJMgMzUgQuG6v24gVsOibiDEkOG7k24sIFBoxrDhu51uZyAxMywgUXXhuq1uIDQsIFRQSENN!3m6!1s0x31752f6a75f3d199:0x82676162b98eaf9b!8m2!3d10.7669506!4d106.7039699!15sCrQBQS4xLjAyIHThuqFpIFThuqduZyAwMSwgdGjDoXAgQSB0aHXhu5ljIFRydW5nIHTDom0gVGjGsMahbmcgbeG6oWkg4oCTIEThu4tjaCB24bulLCBPZmZpY2V0ZWwgdsOgIEPEg24gaOG7mSDhu58gdOG6oWkgc-G7kSAzNCDigJMgMzUgQuG6v24gVsOibiDEkOG7k24sIFBoxrDhu51uZyAxMywgUXXhuq1uIDQsIFRQSENNWqoBIqcBYSAxLjAyIHThuqFpIHThuqduZyAwMSB0aMOhcCBhIHRodeG7mWMgdHJ1bmcgdMOibSB0aMawxqFuZyBt4bqhaSBk4buLY2ggduG7pSBvZmZpY2V0ZWwgdsOgIGPEg24gaOG7mSDhu58gdOG6oWkgc-G7kSAzNCAzNSBi4bq_biB2w6JuIMSR4buTbiBwaMaw4budbmcgMTMgcXXhuq1uIDQgdHBoY22SARFjb252ZW5pZW5jZV9zdG9yZZoBJENoZERTVWhOTUc5blMwVkpRMEZuU1VSd2FVOHlXVjkzUlJBQuABAPoBBAgAEDw!16s%2Fg%2F11rb61366v?entry=ttu&g_ep=EgoyMDI1MTEwNC4xIKXMDSoASAFQAw%3D%3D"
37,Ministop -  The CBD,"123/7 Đ. Đồng Văn Cống, Phường Thạnh Mỹ Lợi, Quận 2, Thành phố Hồ Chí Minh, Vietnam",10.7745241,106.7621116,"https://www.google.com/maps/place/Ministop%2BCBD%2B%C4%90%E1%BB%93ng%2BV%C4%83n%2BC%E1%BB%91ng/@10.7745241,106.7621116,17z/data=!3m1!4b1!4m6!3m5!1s0x317525a968055a4f:0x8475e87e6bdabc67!8m2!3d10.7745241!4d106.7621116!16s/g/11j99c6pk9","https://www.google.com/maps/place/Ministop%2BCBD%2B%C4%90%E1%BB%93ng%2BV%C4%83n%2BC%E1%BB%91ng/@10.7745241,106.7621116,17z/data=!3m1!4b1!4m6!3m5!1s0x317525a968055a4f:0x8475e87e6bdabc67!8m2!3d10.7745241!4d106.7621116!16s/g/11j99c6pk9",search+selected_place,"A1-1-5, Tầng số 1 Tháp A Tòa Nhà The CBD tại số 125 Đường Đồng Văn Cống, Phường Thạnh Mỹ Lợi, Tp. Thủ Đức, TP.HCM.",0.64714503,"https://www.google.com/maps/place/Ministop+CBD+%C4%90%E1%BB%93ng+V%C4%83n+C%E1%BB%91ng/@10.7745424,106.7577177,16z/data=!4m10!1m2!2m1!1zQTEtMS01LCBU4bqnbmcgc-G7kSAxIFRow6FwIEEgVMOyYSBOaMOgIFRoZSBDQkQgdOG6oWkgc-G7kSAxMjUgxJDGsOG7nW5nIMSQ4buTbmcgVsSDbiBD4buRbmcsIFBoxrDhu51uZyBUaOG6oW5oIE3hu7kgTOG7o2ksIFRwLiBUaOG7pyDEkOG7qWMsIFRQLkhDTS4!3m6!1s0x317525a968055a4f:0x8475e87e6bdabc67!8m2!3d10.7745241!4d106.7621116!15sCpUBQTEtMS01LCBU4bqnbmcgc-G7kSAxIFRow6FwIEEgVMOyYSBOaMOgIFRoZSBDQkQgdOG6oWkgc-G7kSAxMjUgxJDGsOG7nW5nIMSQ4buTbmcgVsSDbiBD4buRbmcsIFBoxrDhu51uZyBUaOG6oW5oIE3hu7kgTOG7o2ksIFRwLiBUaOG7pyDEkOG7qWMsIFRQLkhDTS5akgEijwFhMSAxIDUgdOG6p25nIHPhu5EgMSB0aMOhcCBhIHTDsmEgbmjDoCB0aGUgY2JkIHThuqFpIHPhu5EgMTI1IMSRxrDhu51uZyDEkeG7k25nIHbEg24gY-G7kW5nIHBoxrDhu51uZyB0aOG6oW5oIG3hu7kgbOG7o2kgdHAgdGjhu6cgxJHhu6ljIHRwIGhjbZIBEWNvbnZlbmllbmNlX3N0b3JlmgEjQ2haRFNVaE5NRzluUzBWSlEwRm5TVU5xY1haRE1tUjNFQUXgAQD6AQQIKBA1!16s%2Fg%2F11j99c6pk9?entry=ttu&g_ep=EgoyMDI1MTEwNC4xIKXMDSoASAFQAw%3D%3D"
38,Ministop -  Điện Biên Phủ,"475A Điện Biên Phủ, Phường 25, Bình Thạnh, Thành phố Hồ Chí Minh, Vietnam",10.8025372,106.7146403,"https://www.google.com/maps/place/MINISTOP%2BHUTECH/@10.8025372,106.7146403,17z/data=!3m1!4b1!4m6!3m5!1s0x317528a450d7cb9f:0xf65d8cc95cd2683f!8m2!3d10.8025372!4d106.7146403!16s/g/11c4nwfd12","https://www.google.com/maps/place/MINISTOP%2BHUTECH/@10.8025372,106.7146403,17z/data=!3m1!4b1!4m6!3m5!1s0x317528a450d7cb9f:0xf65d8cc95cd2683f!8m2!3d10.8025372!4d106.7146403!16s/g/11c4nwfd12",search+selected_place,"563 Điện Biên Phủ, Phường 1, Quận 3, TP.HCM.",0.7119019,"https://www.google.com/maps/place/Ministop+563+%C4%90i%E1%BB%87n+Bi%C3%AAn+Ph%E1%BB%A7/@10.7702968,106.6765775,17z/data=!3m1!4b1!4m6!3m5!1s0x31752f35fee20605:0xb087a3467cdb3288!8m2!3d10.7702968!4d106.6765775!16s%2Fg%2F11sts4sk99?entry=ttu&g_ep=EgoyMDI1MTEwNC4xIKXMDSoASAFQAw%3D%3D"
39,Ministop -  Bùi Đình Túy 2,"247 C Bùi Đình Tuý, Phường 14, Bình Thạnh, Thành phố Hồ Chí Minh, Vietnam",10.8075409,106.701661,"https://www.google.com/maps/place/Ministop/@10.8075409,106.701661,17z/data=!3m1!4b1!4m6!3m5!1s0x317528bf0dc25777:0x265855396e6251a5!8m2!3d10.8075409!4d106.701661!16s/g/11fyls00d5","https://www.google.com/maps/place/Ministop/@10.8075409,106.701661,17z/data=!3m1!4b1!4m6!3m5!1s0x317528bf0dc25777:0x265855396e6251a5!8m2!3d10.8075409!4d106.701661!16s/g/11fyls00d5",search+selected_place,"114 Bùi Đình Túy, Phường 12, Quận Bình Thạnh, Tp.HCM",0.78308356,"https://www.google.com/maps/place/MINISTOP/@10.8080689,106.7053902,17z/data=!3m1!4b1!4m6!3m5!1s0x317529996d3191e9:0x696ea167b67544d2!8m2!3d10.8080689!4d106.7053902!16s%2Fg%2F11jp105w7v?entry=ttu&g_ep=EgoyMDI1MTEwNC4xIKXMDSoASAFQAw%3D%3D"
40,Ministop -  Đại học Ngân Hàng,"Bắc Sơn, Trảng Bom District, Dong Nai, Vietnam",10.9663656,106.9547279,"https://www.google.com/maps/place/Mini%2BStop/@10.9663656,106.9547279,17z/data=!3m1!4b1!4m6!3m5!1s0x3174e721466e4a0f:0xcf898445c430840!8m2!3d10.9663656!4d106.9547279!16s/g/11hm427vtn","https://www.google.com/maps/place/Mini%2BStop/@10.9663656,106.9547279,17z/data=!3m1!4b1!4m6!3m5!1s0x3174e721466e4a0f:0xcf898445c430840!8m2!3d10.9663656!4d106.9547279!16s/g/11hm427vtn",search+selected_place,"56 Hoàng Diệu 2, Phường Linh Chiểu, Tp. Thủ Đức, Tp.HCM",0.511684,"https://www.google.com/maps/place/MINI+STOP/@10.8578065,106.7633672,17z/data=!3m1!4b1!4m6!3m5!1s0x317527a3aab4bbb7:0x6c6be78465fa5bad!8m2!3d10.8578065!4d106.7633672!16s%2Fg%2F11j48glwqk?entry=ttu&g_ep=EgoyMDI1MTEwNC4xIKXMDSoASAFQAw%3D%3D"
41,Ministop -  Homyland Riverside,"360 Nguyễn Duy Trinh, Phường Bình Trưng Tây, Quận 2, Thành phố Hồ Chí Minh, Vietnam",10.7894095,106.7686563,"https://www.google.com/maps/place/Ministop%2BHomyland%2BRiverside/@10.7894095,106.7686563,17z/data=!3m1!4b1!4m6!3m5!1s0x317527abe6891fff:0x43b240654865d4ed!8m2!3d10.7894095!4d106.7686563!16s/g/11fr0cjpj4","https://www.google.com/maps/place/Ministop%2BHomyland%2BRiverside/@10.7894095,106.7686563,17z/data=!3m1!4b1!4m6!3m5!1s0x317527abe6891fff:0x43b240654865d4ed!8m2!3d10.7894095!4d106.7686563!16s/g/11fr0cjpj4",search+selected_place,"Lô thương mại SH1 thuộc chung cư cao cấp Homyland Riverside, 14 Đường số 1-THM, Phường Bình Trưng Đông, Thành phố Thủ Đức, Thành phố Hồ Chí Minh.",0.69138414,"https://www.google.com/maps/place/Ministop+Homyland+Riverside/@10.7894095,106.7686563,17z/data=!4m6!3m5!1s0x317527abe6891fff:0x43b240654865d4ed!8m2!3d10.7894095!4d106.7686563!16s%2Fg%2F11fr0cjpj4?entry=ttu&g_ep=EgoyMDI1MTEwNC4xIKXMDSoASAFQAw%3D%3D"
42,Ministop -  Cityland,"P5-00.13 Cityland Park Hills, 18 Đ. Phan Văn Trị, Phường 10, Gò Vấp, Thành phố Hồ Chí Minh, Vietnam",10.836833,106.6675504,"https://www.google.com/maps/place/Ministop/@10.836833,106.6675504,17z/data=!3m1!4b1!4m6!3m5!1s0x3175292161caf477:0x479077db8b93dede!8m2!3d10.836833!4d106.6675504!16s/g/11ftwg106f","https://www.google.com/maps/place/Ministop/@10.836833,106.6675504,17z/data=!3m1!4b1!4m6!3m5!1s0x3175292161caf477:0x479077db8b93dede!8m2!3d10.836833!4d106.6675504!16s/g/11ftwg106f",search+selected_place,"Park Hills P5-00.10, Tầng 1, Tòa nhà chung cư CH1, số 18 Phan Văn Trị, Phường 10, Quận Gò Vấp, Thành phố Hồ Chí Minh.",0.7676968,"https://www.google.com/maps/place/Ministop/@10.836833,106.6500409,14z/data=!4m10!1m2!2m1!1zbWluaXN0b3AgUGFyayBIaWxscyBQNS0wMC4xMCwgVOG6p25nIDEsIFTDsmEgbmjDoCBjaHVuZyBjxrAgQ0gxLCBz4buRIDE4IFBoYW4gVsSDbiBUcuG7iywgUGjGsOG7nW5nIDEwLCBRdeG6rW4gR8OyIFbhuqVwLCBUaMOgbmggcGjhu5EgSOG7kyBDaMOtIE1pbmgu!3m6!1s0x3175292161caf477:0x479077db8b93dede!8m2!3d10.836833!4d106.6675504!15sCpYBbWluaXN0b3AgUGFyayBIaWxscyBQNS0wMC4xMCwgVOG6p25nIDEsIFTDsmEgbmjDoCBjaHVuZyBjxrAgQ0gxLCBz4buRIDE4IFBoYW4gVsSDbiBUcuG7iywgUGjGsOG7nW5nIDEwLCBRdeG6rW4gR8OyIFbhuqVwLCBUaMOgbmggcGjhu5EgSOG7kyBDaMOtIE1pbmguIgOIAQFakgEijwFtaW5pc3RvcCBwYXJrIGhpbGxzIHA1IDAwLjEwIHThuqduZyAxIHTDsmEgbmjDoCBjaHVuZyBjxrAgY2gxIHPhu5EgMTggcGhhbiB2xINuIHRy4buLIHBoxrDhu51uZyAxMCBxdeG6rW4gZ8OyIHbhuqVwIHRow6BuaCBwaOG7kSBo4buTIGNow60gbWluaJIBEWNvbnZlbmllbmNlX3N0b3JlmgEkQ2hkRFNVaE5NRzluUzBWSlEwRm5TVVJ3YlZsVWVUaFJSUkFC4AEA-gEECAAQDA!16s%2Fg%2F11ftwg106f?entry=ttu&g_ep=EgoyMDI1MTEwNC4xIKXMDSoASAFQAw%3D%3D"
43,Ministop -  Ni Sư Huỳnh Liên,"71 Ni Sư Huỳnh Liên, Phường 10, Tân Bình, Thành phố Hồ Chí Minh, Vietnam",10.7834972,106.6487679,"https://www.google.com/maps/place/MINISTOP/@10.7834972,106.6487679,17z/data=!3m1!4b1!4m6!3m5!1s0x31752fcb666b12af:0xba70b8e0c20999fa!8m2!3d10.7834972!4d106.6487679!16s/g/11fr3fyzd4","https://www.google.com/maps/place/MINISTOP/@10.7834972,106.6487679,17z/data=!3m1!4b1!4m6!3m5!1s0x31752fcb666b12af:0xba70b8e0c20999fa!8m2!3d10.7834972!4d106.6487679!16s/g/11fr3fyzd4",search+selected_place,"73 Ni Sư Huỳnh Liên, Phường 10, Quận Tân Bình, TP.HCM",0.846231,"https://www.google.com/maps/place/MINISTOP/@10.7834972,106.6487679,17z/data=!3m1!4b1!4m6!3m5!1s0x31752fcb666b12af:0xba70b8e0c20999fa!8m2!3d10.7834972!4d106.6487679!16s%2Fg%2F11fr3fyzd4?entry=ttu&g_ep=EgoyMDI1MTEwNC4xIKXMDSoASAFQAw%3D%3D"
44,Ministop -  Hồ Văn Huê,"113 Đ. Thích Quảng Đức, Phường 4, Phú Nhuận, Thành phố Hồ Chí Minh, Vietnam",10.8056129,106.681758,"https://www.google.com/maps/place/Ministop/@10.8056129,106.681758,17z/data=!3m1!4b1!4m6!3m5!1s0x317528d95bcf658d:0x1827e2d1cb9e6cc4!8m2!3d10.8056129!4d106.681758!16s/g/11h9zgpv4_","https://www.google.com/maps/place/Ministop/@10.8056129,106.681758,17z/data=!3m1!4b1!4m6!3m5!1s0x317528d95bcf658d:0x1827e2d1cb9e6cc4!8m2!3d10.8056129!4d106.681758!16s/g/11h9zgpv4_",search+selected_place,"43F Hồ Văn Huê, Phường 9, Quận Phú Nhuận",0.71036315,"https://www.google.com/maps/place/43F+H%E1%BB%93+V%C4%83n+Hu%C3%AA,+Ph%C6%B0%E1%BB%9Dng+9,+Ph%C3%BA+Nhu%E1%BA%ADn,+Th%C3%A0nh+ph%E1%BB%91+H%E1%BB%93+Ch%C3%AD+Minh,+Vietnam/@10.8027246,106.6762805,21z/data=!4m15!1m8!3m7!1s0x317528d87533a97f:0xdedcff9c829df8a!2zNDNGIEjhu5MgVsSDbiBIdcOqLCBQaMaw4budbmcgOSwgUGjDuiBOaHXhuq1uLCBUaMOgbmggcGjhu5EgSOG7kyBDaMOtIE1pbmgsIFZpZXRuYW0!3b1!8m2!3d10.8027246!4d106.6764172!16s%2Fg%2F11rg5x5jc6!3m5!1s0x317528d87533a97f:0xdedcff9c829df8a!8m2!3d10.8027246!4d106.6764172!16s%2Fg%2F11rg5x5jc6?entry=ttu&g_ep=EgoyMDI1MTEwNC4xIKXMDSoASAFQAw%3D%3D"
45,Ministop -  Đảo Kim Cương,"Đảo Kim Cương, Quận 2, Thủ Đức, Thành phố Hồ Chí Minh, Vietnam",10.7796021,106.746944,"https://www.google.com/maps/place/MINISTOP/@10.7796021,106.746944,17z/data=!3m1!4b1!4m6!3m5!1s0x31752511b4cfc54d:0x2593883397efdd9a!8m2!3d10.7796021!4d106.746944!16s/g/11h0yg8xq0","https://www.google.com/maps/place/MINISTOP/@10.7796021,106.746944,17z/data=!3m1!4b1!4m6!3m5!1s0x31752511b4cfc54d:0x2593883397efdd9a!8m2!3d10.7796021!4d106.746944!16s/g/11h0yg8xq0",search+selected_place,"Căn B2.2G, Tầng B2, Tháp Hawaii, Đảo Kim Cương, Số 1 Đường 104 - BTT, KP. 3, P. Bình Trưng Tây, TP. Thủ Đức, TP. HCM",0.6976985,"https://www.google.com/maps/place/MINISTOP/@10.7796021,106.746944,17z/data=!4m6!3m5!1s0x31752511b4cfc54d:0x2593883397efdd9a!8m2!3d10.7796021!4d106.746944!16s%2Fg%2F11h0yg8xq0?entry=ttu&g_ep=EgoyMDI1MTEwNC4xIKXMDSoASAFQAw%3D%3D"
46,Ministop -  Vinhomes Golden River (Bason),"2 Tôn Đức Thắng, Bến Nghé, Quận 1, Thành phố Hồ Chí Minh, Vietnam",10.7867421,106.710601,"https://www.google.com/maps/place/MINISTOP%2B-%2BVinhomes%2BGolden%2BRiver/@10.7867421,106.710601,17z/data=!3m1!4b1!4m6!3m5!1s0x31752f8b320ad723:0xffcfda53d640e5af!8m2!3d10.7867421!4d106.710601!16s/g/11h0mj3mzd","https://www.google.com/maps/place/MINISTOP%2B-%2BVinhomes%2BGolden%2BRiver/@10.7867421,106.710601,17z/data=!3m1!4b1!4m6!3m5!1s0x31752f8b320ad723:0xffcfda53d640e5af!8m2!3d10.7867421!4d106.710601!16s/g/11h0mj3mzd",search+selected_place,"Căn A2SH09 tầng trệt và tầng 01 tòa A2 Vinhomes Golden River, 02 Tôn Đức Thắng, Phường Bến Nghé, Quận 1",0.7544945,"https://www.google.com/maps/place/MINISTOP+-+Vinhomes+Golden+River/@10.7867421,106.710601,17z/data=!3m1!4b1!4m6!3m5!1s0x31752f8b320ad723:0xffcfda53d640e5af!8m2!3d10.7867421!4d106.710601!16s%2Fg%2F11h0mj3mzd?entry=ttu&g_ep=EgoyMDI1MTEwNC4xIKXMDSoASAFQAw%3D%3D"
47,Ministop -  Đường 3/2,"200 Đ. 3 Tháng 2, Phường 12, Quận 10, Thành phố Hồ Chí Minh, Vietnam",10.7753088,106.6779535,"https://www.google.com/maps/place/Mini%2Bstop/@10.7753088,106.6779535,17z/data=!3m1!4b1!4m6!3m5!1s0x31752fcdeccf645b:0xf1937807031f5fdf!8m2!3d10.7753088!4d106.6779535!16s/g/11nnsbhg2s","https://www.google.com/maps/place/Mini%2Bstop/@10.7753088,106.6779535,17z/data=!3m1!4b1!4m6!3m5!1s0x31752fcdeccf645b:0xf1937807031f5fdf!8m2!3d10.7753088!4d106.6779535!16s/g/11nnsbhg2s",search+selected_place,"666/64 Đường 3/2, Phường 14, Quận 10",0.67996395,"https://www.google.com/maps/place/Ministop/@10.7677709,106.6606281,17z/data=!3m1!4b1!4m6!3m5!1s0x31752f788c47d899:0x7294615f4d12e3a0!8m2!3d10.7677709!4d106.6606281!16s%2Fg%2F11gmcxkpfn?entry=ttu&g_ep=EgoyMDI1MTEwNC4xIKXMDSoASAFQAw%3D%3D"
48,Ministop -  Phùng Văn Cung,"94d Đ. Phùng Văn Cung, Phường 7, Phú Nhuận, Thành phố Hồ Chí Minh, Vietnam",10.8020394,106.6846612,"https://www.google.com/maps/place/MINISTOP-S123/@10.8020394,106.6846612,17z/data=!3m1!4b1!4m6!3m5!1s0x3175299e7efd92ad:0x88d612b73553d988!8m2!3d10.8020394!4d106.6846612!16s/g/11kd9mtbvl","https://www.google.com/maps/place/MINISTOP-S123/@10.8020394,106.6846612,17z/data=!3m1!4b1!4m6!3m5!1s0x3175299e7efd92ad:0x88d612b73553d988!8m2!3d10.8020394!4d106.6846612!16s/g/11kd9mtbvl",search+selected_place,"94D2 Phùng Văn Cung, Phường 7, Quận Phú Nhuận",0.8478812,"https://www.google.com/maps/place/MINISTOP-S123/@10.8020394,106.6846612,17z/data=!3m1!4b1!4m6!3m5!1s0x3175299e7efd92ad:0x88d612b73553d988!8m2!3d10.8020394!4d106.6846612!16s%2Fg%2F11kd9mtbvl?entry=ttu&g_ep=EgoyMDI1MTEwNC4xIKXMDSoASAFQAw%3D%3D"
49,Ministop -  Phổ Quang 2,"104 Đ. Phổ Quang, Phường 2, Tân Bình, Thành phố Hồ Chí Minh, Vietnam",10.8084579,106.6702581,"https://www.google.com/maps/place/MINISTOP/@10.8084579,106.6702581,17z/data=!3m1!4b1!4m6!3m5!1s0x31752941bac1867b:0xc0091c3348ee3902!8m2!3d10.8084579!4d106.6702581!16s/g/11sx50qnwg","https://www.google.com/maps/place/MINISTOP/@10.8084579,106.6702581,17z/data=!3m1!4b1!4m6!3m5!1s0x31752941bac1867b:0xc0091c3348ee3902!8m2!3d10.8084579!4d106.6702581!16s/g/11sx50qnwg",search+selected_place,"DH.7 thuộc Khu cao ốc văn phòng và Căn hộ chung cư số 5B đường Phổ Quang, Phường 2, Quận Tân Bình, Thành phố Hồ Chí Minh.",0.7000364,"https://www.google.com/maps/place/Ministop/@10.8063522,106.6662933,21z/data=!4m9!1m2!2m1!1zREguNyB0aHXhu5ljIEtodSBjYW8g4buRYyB2xINuIHBow7JuZyB2w6AgQ8SDbiBo4buZIGNodW5nIGPGsCBz4buRIDVCIMSRxrDhu51uZyBQaOG7lSBRdWFuZywgUGjGsOG7nW5nIDIsIFF14bqtbiBUw6JuIELDrG5oLCBUaMOgbmggcGjhu5EgSOG7kyBDaMOtIE1pbmgu!3m5!1s0x3175290041797fc3:0xd230798bd98e70de!8m2!3d10.8063547!4d106.6663717!16s%2Fg%2F11x6r5yt3f?entry=ttu&g_ep=EgoyMDI1MTEwNC4xIKXMDSoASAFQAw%3D%3D"
50,Ministop -  New City Thủ Thiêm,"17 Mai Chí Thọ, Phường An Khánh, Thủ Đức, Thành phố Hồ Chí Minh, Vietnam",10.7822175,106.7360938,"https://www.google.com/maps/place/Ministop%2BNew%2BCity/@10.7822175,106.7360938,17z/data=!3m1!4b1!4m6!3m5!1s0x317525e34fedf0ef:0xecee2d2cbabb516c!8m2!3d10.7822175!4d106.7360938!16s/g/11gf5s4130","https://www.google.com/maps/place/Ministop%2BNew%2BCity/@10.7822175,106.7360938,17z/data=!3m1!4b1!4m6!3m5!1s0x317525e34fedf0ef:0xecee2d2cbabb516c!8m2!3d10.7822175!4d106.7360938!16s/g/11gf5s4130",search+selected_place,"Gian hàng số BB-S01, Tầng trệt, KDC New City, Số 17 Mai Chí Thọ, KP.3, Phường An Khánh, TP. Thủ Đức, TP. HCM",0.7301603,"https://www.google.com/maps/place/Ministop+New+City/@10.7822175,106.7360938,17z/data=!3m1!4b1!4m6!3m5!1s0x317525e34fedf0ef:0xecee2d2cbabb516c!8m2!3d10.7822175!4d106.7360938!16s%2Fg%2F11gf5s4130?entry=ttu&g_ep=EgoyMDI1MTEwNC4xIKXMDSoASAFQAw%3D%3D"
51,Ministop -  Suối Tiên,"120 Song Hành Xa Lộ Hà Nội, P, Thủ Đức, Thành phố Hồ Chí Minh, Vietnam",10.8660597,106.8024359,"https://www.google.com/maps/place/MINISTOP/@10.8660597,106.8024359,17z/data=!3m1!4b1!4m6!3m5!1s0x3175275971ad014d:0x39d693bae6626097!8m2!3d10.8660597!4d106.8024359!16s/g/11h9rwsfv9","https://www.google.com/maps/place/MINISTOP/@10.8660597,106.8024359,17z/data=!3m1!4b1!4m6!3m5!1s0x3175275971ad014d:0x39d693bae6626097!8m2!3d10.8660597!4d106.8024359!16s/g/11h9rwsfv9",search+selected_place,"120 Xa Lộ Hà Nội, Phường Tân Phú, TP. Thủ Đức, TP. HCM",0.73619175,"https://www.google.com/maps/place/MINISTOP/@10.8660597,106.8024359,17z/data=!3m1!4b1!4m6!3m5!1s0x3175275971ad014d:0x39d693bae6626097!8m2!3d10.8660597!4d106.8024359!16s%2Fg%2F11h9rwsfv9?entry=ttu&g_ep=EgoyMDI1MTEwNC4xIKXMDSoASAFQAw%3D%3D"
52,Ministop -  Thành Thái 2,"136 Đ. Thành Thái, Phường 14, Quận 10, Thành phố Hồ Chí Minh, Vietnam",10.7749558,106.6643185,"https://www.google.com/maps/place/Ministop%2BCN%2BTh%C3%A0nh%2BTh%C3%A1i./@10.7749558,106.6643185,17z/data=!3m1!4b1!4m6!3m5!1s0x31752fdb6089e127:0x4aeec3df51b47bb2!8m2!3d10.7749558!4d106.6643185!16s/g/11f5psjp1d","https://www.google.com/maps/place/Ministop%2BCN%2BTh%C3%A0nh%2BTh%C3%A1i./@10.7749558,106.6643185,17z/data=!3m1!4b1!4m6!3m5!1s0x31752fdb6089e127:0x4aeec3df51b47bb2!8m2!3d10.7749558!4d106.6643185!16s/g/11f5psjp1d",search+selected_place,"7A/7 Thành Thái, Phường 14, Quận 10",0.78012276,"https://www.google.com/maps/place/MINISTOP/@10.7703318,106.6625664,17z/data=!3m1!4b1!4m6!3m5!1s0x31752ec291336d79:0xc82f238fe3679cde!8m2!3d10.7703318!4d106.6625664!16s%2Fg%2F11h9w1py2z?entry=ttu&g_ep=EgoyMDI1MTEwNC4xIKXMDSoASAFQAw%3D%3D"
53,Ministop -  Hutech 2,"475A Điện Biên Phủ, Phường 25, Bình Thạnh, Thành phố Hồ Chí Minh, Vietnam",10.8025372,106.7146403,"https://www.google.com/maps/place/MINISTOP%2BHUTECH/@10.8025372,106.7146403,17z/data=!3m1!4b1!4m6!3m5!1s0x317528a450d7cb9f:0xf65d8cc95cd2683f!8m2!3d10.8025372!4d106.7146403!16s/g/11c4nwfd12","https://www.google.com/maps/place/MINISTOP%2BHUTECH/@10.8025372,106.7146403,17z/data=!3m1!4b1!4m6!3m5!1s0x317528a450d7cb9f:0xf65d8cc95cd2683f!8m2!3d10.8025372!4d106.7146403!16s/g/11c4nwfd12",search+selected_place,"15A Phân khu E1, Khu Công Nghệ Cao, Xa Lộ Hà Nội, Phường Hiệp Phú, TP. Thủ Đức, TP. HCM",0.5657121,"https://www.google.com/maps/place/MINISTOP-HUTECH+KHU+E/@10.8554246,106.7156212,12z/data=!4m10!1m2!2m1!1zTUlOSVNUT1AgMTVBIFBow6JuIGtodSBFMSwgS2h1IEPDtG5nIE5naOG7hyBDYW8sIFhhIEzhu5kgSMOgIE7hu5lpLCBQaMaw4budbmcgSGnhu4dwIFBow7osIFRQLiBUaOG7pyDEkOG7qWMsIFRQLiBIQ00!3m6!1s0x31752709bc5097b7:0x43d68e139b456316!8m2!3d10.8554246!4d106.785659!15sCnRNSU5JU1RPUCAxNUEgUGjDom4ga2h1IEUxLCBLaHUgQ8O0bmcgTmdo4buHIENhbywgWGEgTOG7mSBIw6AgTuG7mWksIFBoxrDhu51uZyBIaeG7h3AgUGjDuiwgVFAuIFRo4bunIMSQ4bupYywgVFAuIEhDTSIDiAEBWm8ibW1pbmlzdG9wIDE1YSBwaMOibiBraHUgZTEga2h1IGPDtG5nIG5naOG7hyBjYW8geGEgbOG7mSBow6AgbuG7mWkgcGjGsOG7nW5nIGhp4buHcCBwaMO6IHRwIHRo4bunIMSR4bupYyB0cCBoY22SARFjb252ZW5pZW5jZV9zdG9yZZoBI0NoWkRTVWhOTUc5blMwVkpRMEZuVFVOdk1IWnBTR0ZCRUFF4AEA-gEECAAQQA!16s%2Fg%2F11f5ms4_1z?entry=ttu&g_ep=EgoyMDI1MTEwNC4xIKXMDSoASAFQAw%3D%3D"
54,Ministop -  Đại Học Hồng Bàng,"QM37+X6M, Đ. Hồng Bàng, Phường 11, Quận 5, Thành phố Hồ Chí Minh, Vietnam",10.7549556,106.663059,"https://www.google.com/maps/place/%E3%83%9F%E3%83%8B%E3%82%B9%E3%83%88%E3%83%83%E3%83%97/@10.7549556,106.663059,17z/data=!3m1!4b1!4m6!3m5!1s0x31752fa5611074bb:0xdc0b1a4b850d8fae!8m2!3d10.7549556!4d106.663059!16s/g/11j4n_h7zv","https://www.google.com/maps/place/%E3%83%9F%E3%83%8B%E3%82%B9%E3%83%88%E3%83%83%E3%83%97/@10.7549556,106.663059,17z/data=!3m1!4b1!4m6!3m5!1s0x31752fa5611074bb:0xdc0b1a4b850d8fae!8m2!3d10.7549556!4d106.663059!16s/g/11j4n_h7zv",search+selected_place,"215 Điện Biên Phủ, Phường 2, Quận Bình Thạnh, Thành phố Hồ Chí Minh.",0.70642686,"https://www.google.com/maps/place/Ministop+Vietnam+company+limited/@10.8004298,106.7046096,17z/data=!4m10!1m2!2m1!1zbWluaXN0b3AgMjE1IMSQaeG7h24gQmnDqm4gUGjhu6c!3m6!1s0x31752f373ef3a5b1:0x569a2a75929fd426!8m2!3d10.8004298!4d106.7067983!15sCiBtaW5pc3RvcCAyMTUgxJBp4buHbiBCacOqbiBQaOG7pyIDiAEBkgERY29udmVuaWVuY2Vfc3RvcmXgAQA!16s%2Fg%2F11f2b70817?entry=ttu&g_ep=EgoyMDI1MTEwNC4xIKXMDSoASAFQAw%3D%3D"
55,Ministop -  Hoàng Diệu,"58 Đ. Hoàng Diệu 2, Linh Chiểu, Thủ Đức, Thành phố Hồ Chí Minh, Vietnam",10.8578065,106.7633672,"https://www.google.com/maps/place/MINI%2BSTOP/@10.8578065,106.7633672,17z/data=!3m1!4b1!4m6!3m5!1s0x317527a3aab4bbb7:0x6c6be78465fa5bad!8m2!3d10.8578065!4d106.7633672!16s/g/11j48glwqk","https://www.google.com/maps/place/MINI%2BSTOP/@10.8578065,106.7633672,17z/data=!3m1!4b1!4m6!3m5!1s0x317527a3aab4bbb7:0x6c6be78465fa5bad!8m2!3d10.8578065!4d106.7633672!16s/g/11j48glwqk",search+selected_place,"192A Hoàng Diệu, Phường 9, Quận 4",0.6906792,"https://www.google.com/maps/place/Ministop+Ho%C3%A0ng+Di%E1%BB%87u/@10.762689,106.7026494,17z/data=!3m1!4b1!4m6!3m5!1s0x31752f6b763101b7:0x9f26ecc76c41f8ee!8m2!3d10.762689!4d106.7026494!16s%2Fg%2F11f040skkz?entry=ttu&g_ep=EgoyMDI1MTEwNC4xIKXMDSoASAFQAw%3D%3D"
56,Ministop -  Masteri Thảo Điền,"41 Thái Ly, Thảo Điền, Thủ Đức, Thành phố Hồ Chí Minh, Vietnam",10.8060976,106.7310936,"https://www.google.com/maps/place/MINISTOP/@10.8060976,106.7310936,17z/data=!3m1!4b1!4m6!3m5!1s0x31752619190912c3:0xfd4bac9708a5182c!8m2!3d10.8060976!4d106.7310936!16s/g/11f3tj736w","https://www.google.com/maps/place/MINISTOP/@10.8060976,106.7310936,17z/data=!3m1!4b1!4m6!3m5!1s0x31752619190912c3:0xfd4bac9708a5182c!8m2!3d10.8060976!4d106.7310936!16s/g/11f3tj736w",search+selected_place,"T5-B01.03+04, tại tầng 1 thuộc dự án Khu nhà ở chung cư cao cấp Masteri Thảo Điền, số 159 Võ Nguyên Giáp, Phường Thảo Điền, Thành phố Thủ Đức, Thành phố Hồ Chí Minh.",0.72179747,"https://www.google.com/maps/place/Ministop/@10.8044627,106.7365124,16z/data=!4m10!1m2!2m1!1sministop+masteri+thao+dien!3m6!1s0x3175270034743f85:0x5e713213f91f5ce4!8m2!3d10.8028279!4d106.7419312!15sChptaW5pc3RvcCBtYXN0ZXJpIHRoYW8gZGllbiIDiAEBWhwiGm1pbmlzdG9wIG1hc3RlcmkgdGhhbyBkaWVukgERY29udmVuaWVuY2Vfc3RvcmWaAURDaTlEUVVsUlFVTnZaRU5vZEhsalJqbHZUMjFhWmxOcVpGcGhWVEZNVDFSU2RtTkhlRWxQVlVaWlQwVldabFpzUlJBQuABAPoBBAgAECc!16s%2Fg%2F11x7pptdj9?entry=ttu&g_ep=EgoyMDI1MTEwNC4xIKXMDSoASAFQAw%3D%3D"
57,Ministop -  Vũ Tông Phan,"8 Vũ Tông Phan, An Phú, Thủ Đức, Thành phố Hồ Chí Minh, Vietnam",10.7978134,106.7428493,"https://www.google.com/maps/place/Ministop%2BVu%2BTong%2BPhan/@10.7978134,106.7428493,17z/data=!3m1!4b1!4m6!3m5!1s0x3175261275f934bd:0xf84c37ce15bb39d!8m2!3d10.7978134!4d106.7428493!16s/g/11csr6xmsg","https://www.google.com/maps/place/Ministop%2BVu%2BTong%2BPhan/@10.7978134,106.7428493,17z/data=!3m1!4b1!4m6!3m5!1s0x3175261275f934bd:0xf84c37ce15bb39d!8m2!3d10.7978134!4d106.7428493!16s/g/11csr6xmsg",search+selected_place,"8 Vũ Tông Phan, Phường An Phú, TP. Thủ Đức, TP. HCM",0.8382989,"https://www.google.com/maps/place/Ministop+Vu+Tong+Phan/@10.7978134,106.7428493,17z/data=!3m1!4b1!4m6!3m5!1s0x3175261275f934bd:0xf84c37ce15bb39d!8m2!3d10.7978134!4d106.7428493!16s%2Fg%2F11csr6xmsg?entry=ttu&g_ep=EgoyMDI1MTEwNC4xIKXMDSoASAFQAw%3D%3D"
58,Ministop -  Hoàng Hoa Thám 2,"10A Hoàng Hoa Thám, Phường 7, Bình Thạnh, Thành phố Hồ Chí Minh, Vietnam",10.8047072,106.6918625,"https://www.google.com/maps/place/MINISTOP/@10.8047072,106.6918625,17z/data=!3m1!4b1!4m6!3m5!1s0x317528c467f81b55:0xa0c0e32a7fb95e48!8m2!3d10.8047072!4d106.6918625!16s/g/11btrs3q_0","https://www.google.com/maps/place/MINISTOP/@10.8047072,106.6918625,17z/data=!3m1!4b1!4m6!3m5!1s0x317528c467f81b55:0xa0c0e32a7fb95e48!8m2!3d10.8047072!4d106.6918625!16s/g/11btrs3q_0",search+selected_place,"18 Hoàng Hoa Thám, Phường 12, Quận Tân Bình",0.6669471,"https://www.google.com/maps/place/Ministop+-+Ho%C3%A0ng+Hoa+Th%C3%A1m/@10.7972824,106.6471526,17z/data=!3m1!4b1!4m6!3m5!1s0x3175294bfdb49e61:0x1f5b6477bf41144b!8m2!3d10.7972824!4d106.6471526!16s%2Fg%2F11ggzlysn2?entry=ttu&g_ep=EgoyMDI1MTEwNC4xIKXMDSoASAFQAw%3D%3D"
59,Ministop -   KTX Đại Học Quốc Gia (Khu A),"Đường Tạ Quang Bửu, Khu phố 33, Dĩ An, Thành phố Hồ Chí Minh, Vietnam",10.8782463,106.8062905,"https://www.google.com/maps/place/HCMC%2BNational%2BUniversity%2BDormitory%2BZone%2BA/@10.8782463,106.8062905,17z/data=!3m1!4b1!4m6!3m5!1s0x3174d8a5f4e477e9:0x29d5aeb365cee20b!8m2!3d10.8782463!4d106.8062905!16s/g/1tncqcyc","https://www.google.com/maps/place/HCMC%2BNational%2BUniversity%2BDormitory%2BZone%2BA/@10.8782463,106.8062905,17z/data=!3m1!4b1!4m6!3m5!1s0x3174d8a5f4e477e9:0x29d5aeb365cee20b!8m2!3d10.8782463!4d106.8062905!16s/g/1tncqcyc",search+selected_place,"Nhà A19 - Ký túc xá Khu A Đại học Quốc Gia, Khu phố Tân Lập, Phường Đông Hòa, Thành phố Dĩ An, Tỉnh Bình Dương",0.7138035,"https://www.google.com/maps/place/HCMC+National+University+Dormitory+Zone+A/@10.8782463,106.8062905,17z/data=!3m1!4b1!4m6!3m5!1s0x3174d8a5f4e477e9:0x29d5aeb365cee20b!8m2!3d10.8782463!4d106.8062905!16s%2Fg%2F1tncqcyc?entry=ttu&g_ep=EgoyMDI1MTEwNC4xIKXMDSoASAFQAw%3D%3D"
60,Ministop -  Nguyễn Trọng Tuyển,"41 Nguyễn Trọng Tuyển, Phường 15, Phú Nhuận, Thành phố Hồ Chí Minh, Vietnam",10.7971661,106.6799951,"https://www.google.com/maps/place/MINISTOP/@10.7971661,106.6799951,17z/data=!3m1!4b1!4m6!3m5!1s0x317528d6ed138855:0x7830bf62c32124c2!8m2!3d10.7971661!4d106.6799951!16s/g/11f03ssw88","https://www.google.com/maps/place/MINISTOP/@10.7971661,106.6799951,17z/data=!3m1!4b1!4m6!3m5!1s0x317528d6ed138855:0x7830bf62c32124c2!8m2!3d10.7971661!4d106.6799951!16s/g/11f03ssw88",search+selected_place,"351A Nguyễn Trọng Tuyển, Phường 1, Quận Tân Bình",0.7971616,"https://www.google.com/maps/place/Ministop+-+Nguy%E1%BB%85n+Tr%E1%BB%8Dng+Tuy%E1%BB%83n/@10.7982727,106.6675063,17z/data=!3m1!4b1!4m6!3m5!1s0x3175292ef7b27bf5:0xd45450a361979a51!8m2!3d10.7982727!4d106.6675063!16s%2Fg%2F11c5_lgxkt?entry=ttu&g_ep=EgoyMDI1MTEwNC4xIKXMDSoASAFQAw%3D%3D"
61,Ministop -  Trương Công Định,"88 Trương Công Định, Phường Tân Bình, Tân Bình, Thành phố Hồ Chí Minh, Vietnam",10.7964744,106.6409175,"https://www.google.com/maps/place/MINISTOP%2B-%2BTruong%2BCong%2BDinh/@10.7964744,106.6409175,17z/data=!3m1!4b1!4m6!3m5!1s0x3175294d8aaa746f:0xf19309f6fbe8ecf1!8m2!3d10.7964744!4d106.6409175!16s/g/11c1r6w2x8","https://www.google.com/maps/place/MINISTOP%2B-%2BTruong%2BCong%2BDinh/@10.7964744,106.6409175,17z/data=!3m1!4b1!4m6!3m5!1s0x3175294d8aaa746f:0xf19309f6fbe8ecf1!8m2!3d10.7964744!4d106.6409175!16s/g/11c1r6w2x8",search+selected_place,"88-88A-90-92 Trương Công Định, Phường 14, Quận Tân Bình Số điện thoại:",0.80926186,"https://www.google.com/maps/place/MINISTOP+-+Truong+Cong+Dinh/@10.7964744,106.6409175,17z/data=!3m1!4b1!4m6!3m5!1s0x3175294d8aaa746f:0xf19309f6fbe8ecf1!8m2!3d10.7964744!4d106.6409175!16s%2Fg%2F11c1r6w2x8?entry=ttu&g_ep=EgoyMDI1MTEwNC4xIKXMDSoASAFQAw%3D%3D"
62,Ministop -  Bạch Đằng 2,"165 Đ. Bạch Đằng, Phường 2, Tân Bình, Thành phố Hồ Chí Minh, Vietnam",10.8156808,106.6750274,"https://www.google.com/maps/place/Ministop%2BB%E1%BA%A1ch%2B%C4%90%E1%BA%B1ng/@10.8156808,106.6750274,17z/data=!3m1!4b1!4m6!3m5!1s0x3175291e371024f3:0x69a71bf965aa85ca!8m2!3d10.8156808!4d106.6750274!16s/g/11crztn8nw","https://www.google.com/maps/place/Ministop%2BB%E1%BA%A1ch%2B%C4%90%E1%BA%B1ng/@10.8156808,106.6750274,17z/data=!3m1!4b1!4m6!3m5!1s0x3175291e371024f3:0x69a71bf965aa85ca!8m2!3d10.8156808!4d106.6750274!16s/g/11crztn8nw",search+selected_place,"B22 Bạch Đằng, Phường 2, Quận Tân Bình Số điện thoại:",0.70519555,"https://www.google.com/maps/place/Ministop+B22+B%E1%BA%A1ch+%C4%90%E1%BA%B1ng/@10.8150325,106.6680035,17z/data=!3m1!4b1!4m6!3m5!1s0x31752918f9dc4129:0x541a8fb2d2ee720c!8m2!3d10.8150325!4d106.6680035!16s%2Fg%2F11cls_wfvc?entry=ttu&g_ep=EgoyMDI1MTEwNC4xIKXMDSoASAFQAw%3D%3D"
63,Ministop -  Hậu Giang,"Số 45 Hậu Giang, Phường 4, Tân Bình, Thành phố Hồ Chí Minh, Vietnam",10.8078959,106.6624332,"https://www.google.com/maps/place/Ministop%2B-%2BH%E1%BA%ADu%2BGiang/@10.8078959,106.6624332,17z/data=!3m1!4b1!4m6!3m5!1s0x3175293c9c881bfd:0x93b83ccb85e4f199!8m2!3d10.8078959!4d106.6624332!16s/g/11c4wxbf93","https://www.google.com/maps/place/Ministop%2B-%2BH%E1%BA%ADu%2BGiang/@10.8078959,106.6624332,17z/data=!3m1!4b1!4m6!3m5!1s0x3175293c9c881bfd:0x93b83ccb85e4f199!8m2!3d10.8078959!4d106.6624332!16s/g/11c4wxbf93",search+selected_place,"45 Hậu Giang, Phường 4, Quận Tân Bình Số điện thoại:",0.8497348,"https://www.google.com/maps/place/Ministop+-+H%E1%BA%ADu+Giang/@10.8078959,106.6624332,17z/data=!3m1!4b1!4m6!3m5!1s0x3175293c9c881bfd:0x93b83ccb85e4f199!8m2!3d10.8078959!4d106.6624332!16s%2Fg%2F11c4wxbf93?entry=ttu&g_ep=EgoyMDI1MTEwNC4xIKXMDSoASAFQAw%3D%3D"
64,Ministop -  Trần Doãn Khanh,"2 Đ. Trần Doãn Khanh, Đa Kao, Quận 1, Thành phố Hồ Chí Minh, Vietnam",10.7886669,106.69775,"https://www.google.com/maps/place/MINISTOP/@10.7886669,106.69775,17z/data=!3m1!4b1!4m6!3m5!1s0x31752f3530228871:0x9ed43bba8815786!8m2!3d10.7886669!4d106.69775!16s/g/11c5ssqzxz","https://www.google.com/maps/place/MINISTOP/@10.7886669,106.69775,17z/data=!3m1!4b1!4m6!3m5!1s0x31752f3530228871:0x9ed43bba8815786!8m2!3d10.7886669!4d106.69775!16s/g/11c5ssqzxz",search+selected_place,"02 Trần Doãn Khanh, Phường Đa Kao, Quận 1 Số điện thoại:",0.7919472,"https://www.google.com/maps/place/MINISTOP/@10.7886669,106.69775,17z/data=!3m1!4b1!4m6!3m5!1s0x31752f3530228871:0x9ed43bba8815786!8m2!3d10.7886669!4d106.69775!16s%2Fg%2F11c5ssqzxz?entry=ttu&g_ep=EgoyMDI1MTEwNC4xIKXMDSoASAFQAw%3D%3D"
65,MINISTOP -  Nguyễn Hồng Đào,"191 Đ. Nguyễn Hồng Đào, Phường Tân Bình, Tân Bình, Thành phố Hồ Chí Minh, Vietnam",10.7930031,106.6421615,"https://www.google.com/maps/place/Ministop/@10.7930031,106.6421615,17z/data=!3m1!4b1!4m6!3m5!1s0x3175294d4edea821:0xca237e6c06bb6378!8m2!3d10.7930031!4d106.6421615!16s/g/11b67njyft","https://www.google.com/maps/place/Ministop/@10.7930031,106.6421615,17z/data=!3m1!4b1!4m6!3m5!1s0x3175294d4edea821:0xca237e6c06bb6378!8m2!3d10.7930031!4d106.6421615!16s/g/11b67njyft",search+selected_place,"191 - 193 Nguyễn Hồng Đào, Phường 14, Quận Tân Bình",0.8492036,"https://www.google.com/maps/place/Ministop/@10.7930031,106.6421615,17z/data=!3m1!4b1!4m6!3m5!1s0x3175294d4edea821:0xca237e6c06bb6378!8m2!3d10.7930031!4d106.6421615!16s%2Fg%2F11b67njyft?entry=ttu&g_ep=EgoyMDI1MTEwNC4xIKXMDSoASAFQAw%3D%3D"
