input_url,extracted_address,latitude,longitude,final_url,cleaned_url,url_type
"https://www.google.com/maps/place/Ministop+-+318+Nguy%E1%BB%85n+Tr%C3%A3i/@10.7560026,106.674836,17z/data=!3m1!4b1!4m6!3m5!1s0x31752f0067d157b3:0xe0577ff0296c36cc!8m2!3d10.7560026!4d106.674836!16s%2Fg%2F11xvtqltwj?entry=ttu&g_ep=EgoyMDI1MTEwNC4xIKXMDSoASAFQAw%3D%3D","318 Nguyễn Trãi, Phường 7, Quận 5, Thành phố Hồ Chí Minh, Vietnam",10.7560026,106.674836,"https://www.google.com/maps/place/Ministop%2B-%2B318%2BNguy%E1%BB%85n%2BTr%C3%A3i/@10.7560026,106.674836,17z/data=!3m1!4b1!4m6!3m5!1s0x31752f0067d157b3:0xe0577ff0296c36cc!8m2!3d10.7560026!4d106.674836!16s/g/11xvtqltwj","https://www.google.com/maps/place/Ministop%2B-%2B318%2BNguy%E1%BB%85n%2BTr%C3%A3i/@10.7560026,106.674836,17z/data=!3m1!4b1!4m6!3m5!1s0x31752f0067d157b3:0xe0577ff0296c36cc!8m2!3d10.7560026!4d106.674836!16s/g/11xvtqltwj",place
"https://www.google.com/maps/place/MINISTOP+S268+-+SCENIC+VALLEY+2/@10.7313368,106.7172979,17z/data=!3m1!4b1!4m6!3m5!1s0x31752f0051cd8381:0x85abd69c5c6fa519!8m2!3d10.7313368!4d106.7172979!16s%2Fg%2F11xz0js1mz?entry=ttu&g_ep=EgoyMDI1MTEwNC4xIKXMDSoASAFQAw%3D%3D","2 Đ. Quán Âm Bồ Tát, Tân Phú, Quận 7, Thành phố Hồ Chí Minh, Vietnam",10.7313368,106.7172979,"https://www.google.com/maps/place/MINISTOP%2BS268%2B-%2BSCENIC%2BVALLEY%2B2/@10.7313368,106.7172979,17z/data=!3m1!4b1!4m6!3m5!1s0x31752f0051cd8381:0x85abd69c5c6fa519!8m2!3d10.7313368!4d106.7172979!16s/g/11xz0js1mz","https://www.google.com/maps/place/MINISTOP%2BS268%2B-%2BSCENIC%2BVALLEY%2B2/@10.7313368,106.7172979,17z/data=!3m1!4b1!4m6!3m5!1s0x31752f0051cd8381:0x85abd69c5c6fa519!8m2!3d10.7313368!4d106.7172979!16s/g/11xz0js1mz",place
"https://www.google.com/maps/place/CHTL+Ministop+-+S256+-+T%C3%A2n+S%C6%A1n+Nh%C3%AC/@10.7990691,106.6318827,17z/data=!3m1!4b1!4m6!3m5!1s0x3175290077e3f453:0x59a2d476e31264d7!8m2!3d10.7990691!4d106.6318827!16s%2Fg%2F11vxygdcwx?entry=ttu&g_ep=EgoyMDI1MTEwNC4xIKXMDSoASAFQAw%3D%3D","200a Tân Sơn Nhì, Tân Phú, Thành phố Hồ Chí Minh, Vietnam",10.7990691,106.6318827,"https://www.google.com/maps/place/CHTL%2BMinistop%2B-%2BS256%2B-%2BT%C3%A2n%2BS%C6%A1n%2BNh%C3%AC/@10.7990691,106.6318827,17z/data=!3m1!4b1!4m6!3m5!1s0x3175290077e3f453:0x59a2d476e31264d7!8m2!3d10.7990691!4d106.6318827!16s/g/11vxygdcwx","https://www.google.com/maps/place/CHTL%2BMinistop%2B-%2BS256%2B-%2BT%C3%A2n%2BS%C6%A1n%2BNh%C3%AC/@10.7990691,106.6318827,17z/data=!3m1!4b1!4m6!3m5!1s0x3175290077e3f453:0x59a2d476e31264d7!8m2!3d10.7990691!4d106.6318827!16s/g/11vxygdcwx",place
"https://www.google.com/maps/place/MINISTOP+-+Tan+Ky+Tan+Quy/@10.803264,106.6221479,15z/data=!4m10!1m2!2m1!1zbWluaXN0b3AgMTY0QSBUw6JuIEvhu7MgVMOibiBRdcO9LCBQaMaw4budbmcgU8ahbiBL4buzLCBRdeG6rW4gVMOibiBQaMO6LCBUaMOgbmggcGjhu5EgSOG7kyBDaMOtIE1pbmgu!3m6!1s0x317529000bfa0347:0x3c73f3c990def354!8m2!3d10.803264!4d106.6309026!15sCmZtaW5pc3RvcCAxNjRBIFTDom4gS-G7syBUw6JuIFF1w70sIFBoxrDhu51uZyBTxqFuIEvhu7MsIFF14bqtbiBUw6JuIFBow7osIFRow6BuaCBwaOG7kSBI4buTIENow60gTWluaC4iA4gBAVpkImJtaW5pc3RvcCAxNjRhIHTDom4ga-G7syB0w6JuIHF1w70gcGjGsOG7nW5nIHPGoW4ga-G7syBxdeG6rW4gdMOibiBwaMO6IHRow6BuaCBwaOG7kSBo4buTIGNow60gbWluaJIBEWNvbnZlbmllbmNlX3N0b3JlmgEjQ2haRFNVaE5NRzluUzBWSlEwRm5TVVJpT1hKUVdWcFJFQUXgAQD6AQQIABBD!16s%2Fg%2F11v_4pv2c9?entry=ttu&g_ep=EgoyMDI1MTEwNC4xIKXMDSoASAFQAw%3D%3D","164a Đ. Tân Kỳ Tân Quý, Tân Sơn Nhì, Tân Phú, Thành phố Hồ Chí Minh, Vietnam",10.803264,106.6309026,"https://www.google.com/maps/place/MINISTOP%2B-%2BTan%2BKy%2BTan%2BQuy/@10.803264,106.6309026,17z/data=!3m1!4b1!4m6!3m5!1s0x317529000bfa0347:0x3c73f3c990def354!8m2!3d10.803264!4d106.6309026!16s/g/11v_4pv2c9","https://www.google.com/maps/place/MINISTOP%2B-%2BTan%2BKy%2BTan%2BQuy/@10.803264,106.6309026,17z/data=!3m1!4b1!4m6!3m5!1s0x317529000bfa0347:0x3c73f3c990def354!8m2!3d10.803264!4d106.6309026!16s/g/11v_4pv2c9",place
"https://www.google.com/maps/place/CHTL+-+MINISTOP+-+S254+-+Celadon+City/@10.8043461,106.6161862,18.49z/data=!4m6!3m5!1s0x31752b005445caf1:0xb75d59c613fde84!8m2!3d10.8039193!4d106.6167408!16s%2Fg%2F11w3lspy4c?entry=ttu&g_ep=EgoyMDI1MTEwNC4xIKXMDSoASAFQAw%3D%3D","S2.0.02 Đ. Tân Thạnh, Sơn Kỳ, Tân Phú, Thành phố Hồ Chí Minh 70000, Vietnam",10.8039193,106.6167408,"https://www.google.com/maps/place/CHTL%2B-%2BMINISTOP%2B-%2BS254%2B-%2BCeladon%2BCity/@10.8039193,106.6167408,17z/data=!3m1!4b1!4m6!3m5!1s0x31752b005445caf1:0xb75d59c613fde84!8m2!3d10.8039193!4d106.6167408!16s/g/11w3lspy4c","https://www.google.com/maps/place/CHTL%2B-%2BMINISTOP%2B-%2BS254%2B-%2BCeladon%2BCity/@10.8039193,106.6167408,17z/data=!3m1!4b1!4m6!3m5!1s0x31752b005445caf1:0xb75d59c613fde84!8m2!3d10.8039193!4d106.6167408!16s/g/11w3lspy4c",place
"https://www.google.com/maps/place/Ministop+-+Westgate/@10.6904507,106.5865452,17z/data=!4m6!3m5!1s0x317533000fa7efe7:0x6c66ad9c7427587c!8m2!3d10.6902398!4d106.5862555!16s%2Fg%2F11y43xgh7w?entry=ttu&g_ep=EgoyMDI1MTEwNC4xIKXMDSoASAFQAw%3D%3D","MHRP+3G Chung cư Westgate, TT. Tân Túc, Bình Chánh, Thành phố Hồ Chí Minh, Vietnam",10.6902398,106.5862555,"https://www.google.com/maps/place/Ministop%2B-%2BWestgate/@10.6902398,106.5862555,17z/data=!3m1!4b1!4m6!3m5!1s0x317533000fa7efe7:0x6c66ad9c7427587c!8m2!3d10.6902398!4d106.5862555!16s/g/11y43xgh7w","https://www.google.com/maps/place/Ministop%2B-%2BWestgate/@10.6902398,106.5862555,17z/data=!3m1!4b1!4m6!3m5!1s0x317533000fa7efe7:0x6c66ad9c7427587c!8m2!3d10.6902398!4d106.5862555!16s/g/11y43xgh7w",place
"https://www.google.com/maps/place/Ministop+-+UOA+Tower/@10.7301206,106.7246932,17z/data=!3m1!4b1!4m6!3m5!1s0x31752500042a5461:0xebe8bf52a1f4bea1!8m2!3d10.7301206!4d106.7246932!16s%2Fg%2F11y3vq_2r4?entry=ttu&g_ep=EgoyMDI1MTEwNC4xIKXMDSoASAFQAw%3D%3D","6 Tân Trào, Tân Phú, Quận 7, Thành phố Hồ Chí Minh, Vietnam",10.7301206,106.7246932,"https://www.google.com/maps/place/Ministop%2B-%2BUOA%2BTower/@10.7301206,106.7246932,17z/data=!3m1!4b1!4m6!3m5!1s0x31752500042a5461:0xebe8bf52a1f4bea1!8m2!3d10.7301206!4d106.7246932!16s/g/11y3vq_2r4","https://www.google.com/maps/place/Ministop%2B-%2BUOA%2BTower/@10.7301206,106.7246932,17z/data=!3m1!4b1!4m6!3m5!1s0x31752500042a5461:0xebe8bf52a1f4bea1!8m2!3d10.7301206!4d106.7246932!16s/g/11y3vq_2r4",place
"https://www.google.com/maps/place/CHTL+-+MINISTOP+-+246+-+%C4%90i%E1%BB%87n+Bi%C3%AAn+Ph%E1%BB%A7/@10.7974295,106.6993773,16z/data=!4m10!1m2!2m1!1zbWluaXN0b3AgMTUzIMSQaeG7h24gQmnDqm4gUGjhu6csIFBoxrDhu51uZyAyLCBRdeG6rW4gQsOsbmggVGjhuqFuaCwgVGjDoG5oIHBo4buRIEjhu5MgQ2jDrSBNaW5oLg!3m6!1s0x317529003a924565:0x20fa51ea59cde12d!8m2!3d10.7974295!4d106.7037547!15sCmFtaW5pc3RvcCAxNTMgxJBp4buHbiBCacOqbiBQaOG7pywgUGjGsOG7nW5nIDIsIFF14bqtbiBCw6xuaCBUaOG6oW5oLCBUaMOgbmggcGjhu5EgSOG7kyBDaMOtIE1pbmguIgOIAQGSAQxvdXRsZXRfc3RvcmXgAQA!16s%2Fg%2F11lnwmwb71?entry=ttu&g_ep=EgoyMDI1MTEwNC4xIKXMDSoASAFQAw%3D%3D","153 Điện Biên Phủ, Phường 2, Bình Thạnh, Thành phố Hồ Chí Minh, Vietnam",10.7974295,106.7037547,"https://www.google.com/maps/place/CHTL%2B-%2BMINISTOP%2B-%2B246%2B-%2B%C4%90i%E1%BB%87n%2BBi%C3%AAn%2BPh%E1%BB%A7/@10.7974295,106.7037547,17z/data=!3m1!4b1!4m6!3m5!1s0x317529003a924565:0x20fa51ea59cde12d!8m2!3d10.7974295!4d106.7037547!16s/g/11lnwmwb71","https://www.google.com/maps/place/CHTL%2B-%2BMINISTOP%2B-%2B246%2B-%2B%C4%90i%E1%BB%87n%2BBi%C3%AAn%2BPh%E1%BB%A7/@10.7974295,106.7037547,17z/data=!3m1!4b1!4m6!3m5!1s0x317529003a924565:0x20fa51ea59cde12d!8m2!3d10.7974295!4d106.7037547!16s/g/11lnwmwb71",place
"https://www.google.com/maps/place/Ministop/@10.8063378,106.679345,14z/data=!4m10!1m2!2m1!1zbWluaXN0b3AgOTcgTMOqIFF1YW5nIMSQ4buLbmgsIFBoxrDhu51uZyAxNCwgUXXhuq1uIELDrG5oIFRo4bqhbmgsIFRow6BuaCBwaOG7kSBI4buTIENow60gTWluaC4!3m6!1s0x31752900179abc1b:0xcca34a06295501ee!8m2!3d10.8063378!4d106.6968545!15sCl9taW5pc3RvcCA5NyBMw6ogUXVhbmcgxJDhu4tuaCwgUGjGsOG7nW5nIDE0LCBRdeG6rW4gQsOsbmggVGjhuqFuaCwgVGjDoG5oIHBo4buRIEjhu5MgQ2jDrSBNaW5oLiIDiAEBkgERY29udmVuaWVuY2Vfc3RvcmXgAQA!16s%2Fg%2F11vwnh8zv7?entry=ttu&g_ep=EgoyMDI1MTEwNC4xIKXMDSoASAFQAw%3D%3D","97 Lê Quang Định, Phường 14, Bình Thạnh, Thành phố Hồ Chí Minh, Vietnam",10.8063378,106.6968545,"https://www.google.com/maps/place/Ministop/@10.8063378,106.6968545,17z/data=!3m1!4b1!4m6!3m5!1s0x31752900179abc1b:0xcca34a06295501ee!8m2!3d10.8063378!4d106.6968545!16s/g/11vwnh8zv7","https://www.google.com/maps/place/Ministop/@10.8063378,106.6968545,17z/data=!3m1!4b1!4m6!3m5!1s0x31752900179abc1b:0xcca34a06295501ee!8m2!3d10.8063378!4d106.6968545!16s/g/11vwnh8zv7",place
"https://www.google.com/maps/place/Ministop+V%C4%83n+Lang+-+C%C6%A1+S%E1%BB%9F+2/@10.812495,106.6942517,17z/data=!3m1!4b1!4m6!3m5!1s0x3175290025a7cfe9:0xf9a88d897c7f1f17!8m2!3d10.812495!4d106.6942517!16s%2Fg%2F11y37b8zld?entry=ttu&g_ep=EgoyMDI1MTEwNC4xIKXMDSoASAFQAw%3D%3D","233A Đ. Phan Văn Trị, Phường 11, Bình Thạnh, Thành phố Hồ Chí Minh, Vietnam",10.812495,106.6942517,"https://www.google.com/maps/place/Ministop%2BV%C4%83n%2BLang%2B-%2BC%C6%A1%2BS%E1%BB%9F%2B2/@10.812495,106.6942517,17z/data=!3m1!4b1!4m6!3m5!1s0x3175290025a7cfe9:0xf9a88d897c7f1f17!8m2!3d10.812495!4d106.6942517!16s/g/11y37b8zld","https://www.google.com/maps/place/Ministop%2BV%C4%83n%2BLang%2B-%2BC%C6%A1%2BS%E1%BB%9F%2B2/@10.812495,106.6942517,17z/data=!3m1!4b1!4m6!3m5!1s0x3175290025a7cfe9:0xf9a88d897c7f1f17!8m2!3d10.812495!4d106.6942517!16s/g/11y37b8zld",place
"https://www.google.com/maps/place/MINISTOP+-+S235+-+Ho%C3%A0ng+Hoa+Th%C3%A1m/@10.8047562,106.6430689,16z/data=!4m10!1m2!2m1!1zbWluaXN0b3AgMTUzQSBIb8OgbmcgSG9hIFRow6FtLCBQaMaw4budbmcgMTMsIFF14bqtbiBUw6JuIELDrG5oLCBUaMOgbmggcGjhu5EgSOG7kyBDaMOtIE1pbmgu!3m6!1s0x317529001bb91ded:0xebd9359dae21fe29!8m2!3d10.8047562!4d106.6474463!15sCl1taW5pc3RvcCAxNTNBIEhvw6BuZyBIb2EgVGjDoW0sIFBoxrDhu51uZyAxMywgUXXhuq1uIFTDom4gQsOsbmgsIFRow6BuaCBwaOG7kSBI4buTIENow60gTWluaC4iA4gBAZIBEWNvbnZlbmllbmNlX3N0b3Jl4AEA!16s%2Fg%2F11y45kc44q?entry=ttu&g_ep=EgoyMDI1MTEwNC4xIKXMDSoASAFQAw%3D%3D","153a Hoàng Hoa Thám, Phường 13, Tân Bình, Thành phố Hồ Chí Minh 700000, Vietnam",10.8047562,106.6474463,"https://www.google.com/maps/place/MINISTOP%2B-%2BS235%2B-%2BHo%C3%A0ng%2BHoa%2BTh%C3%A1m/@10.8047562,106.6474463,17z/data=!3m1!4b1!4m6!3m5!1s0x317529001bb91ded:0xebd9359dae21fe29!8m2!3d10.8047562!4d106.6474463!16s/g/11y45kc44q","https://www.google.com/maps/place/MINISTOP%2B-%2BS235%2B-%2BHo%C3%A0ng%2BHoa%2BTh%C3%A1m/@10.8047562,106.6474463,17z/data=!3m1!4b1!4m6!3m5!1s0x317529001bb91ded:0xebd9359dae21fe29!8m2!3d10.8047562!4d106.6474463!16s/g/11y45kc44q",place
"https://www.google.com/maps/place/MINISTOP-S233/@10.8398526,106.6660438,18z/data=!4m6!3m5!1s0x317529fe448fa325:0xf201aa42b5fd24fd!8m2!3d10.8398546!4d106.6670188!16s%2Fg%2F11w3p1wg60?entry=ttu&g_ep=EgoyMDI1MTEwNC4xIKXMDSoASAFQAw%3D%3D","87, street 11, district Go Vap, Phường 16, Gò Vấp, Thành phố Hồ Chí Minh, Vietnam",10.8398546,106.6670188,"https://www.google.com/maps/place/MINISTOP-S233/@10.8398546,106.6670188,17z/data=!3m1!4b1!4m6!3m5!1s0x317529fe448fa325:0xf201aa42b5fd24fd!8m2!3d10.8398546!4d106.6670188!16s/g/11w3p1wg60","https://www.google.com/maps/place/MINISTOP-S233/@10.8398546,106.6670188,17z/data=!3m1!4b1!4m6!3m5!1s0x317529fe448fa325:0xf201aa42b5fd24fd!8m2!3d10.8398546!4d106.6670188!16s/g/11w3p1wg60",place
"https://www.google.com/maps/place/Ministop/@10.83559,106.6656871,18z/data=!4m10!1m2!2m1!1zTMO0IHRoxrDGoW5nIG3huqFpIFRNRFYwMyB04bqhaSB04bqnbmcgMSwgxJHhu4thIGNo4buJIHPhu5EgMC4wOCBDaHVuZyBjxrAgQ0gzLCDEkMaw4budbmcgc-G7kSA4LCBLaHUgZMOibiBjxrAgQ2l0eWxhbmQsIFBoxrDhu51uZyAxMCwgUXXhuq1uIEfDsiBW4bqlcCwgVGjDoG5oIHBo4buRIEjhu5MgQ2jDrSBNaW5oLg!3m6!1s0x317529006995cb15:0x92026f344c60d9d0!8m2!3d10.8355893!4d106.6667895!15sCrUBTMO0IHRoxrDGoW5nIG3huqFpIFRNRFYwMyB04bqhaSB04bqnbmcgMSwgxJHhu4thIGNo4buJIHPhu5EgMC4wOCBDaHVuZyBjxrAgQ0gzLCDEkMaw4budbmcgc-G7kSA4LCBLaHUgZMOibiBjxrAgQ2l0eWxhbmQsIFBoxrDhu51uZyAxMCwgUXXhuq1uIEfDsiBW4bqlcCwgVGjDoG5oIHBo4buRIEjhu5MgQ2jDrSBNaW5oLlqxASKuAWzDtCB0aMawxqFuZyBt4bqhaSB0bWR2MDMgdOG6oWkgdOG6p25nIDEgxJHhu4thIGNo4buJIHPhu5EgMC4wOCBjaHVuZyBjxrAgY2gzIMSRxrDhu51uZyBz4buRIDgga2h1IGTDom4gY8awIGNpdHlsYW5kIHBoxrDhu51uZyAxMCBxdeG6rW4gZ8OyIHbhuqVwIHRow6BuaCBwaOG7kSBo4buTIGNow60gbWluaJIBDWdyb2Nlcnlfc3RvcmWaASRDaGREU1VoTk1HOW5TMFZKUTBGblRVUnZkMWxIU1ROblJSQULgAQD6AQQIABA1!16s%2Fg%2F11wfx04pgc?entry=ttu&g_ep=EgoyMDI1MTEwNC4xIKXMDSoASAFQAw%3D%3D","P1 - 11.11 CH3 P1 - 11.11 CH3, Chung Cư CityLand, Khu phố 0, Gò Vấp, Thành phố Hồ Chí Minh, Vietnam",10.8355893,106.6667895,"https://www.google.com/maps/place/Ministop/@10.8355893,106.6667895,17z/data=!3m1!4b1!4m6!3m5!1s0x317529006995cb15:0x92026f344c60d9d0!8m2!3d10.8355893!4d106.6667895!16s/g/11wfx04pgc","https://www.google.com/maps/place/Ministop/@10.8355893,106.6667895,17z/data=!3m1!4b1!4m6!3m5!1s0x317529006995cb15:0x92026f344c60d9d0!8m2!3d10.8355893!4d106.6667895!16s/g/11wfx04pgc",place
"https://www.google.com/maps/place/Ministop+-+S228+Khu+D%C3%A2n+C%C6%B0+V%C4%A9nh+L%E1%BB%99c+-+%C4%90%C6%B0%E1%BB%9Dng+S%E1%BB%91+8/@10.8043218,106.593699,17z/data=!3m1!4b1!4m6!3m5!1s0x31752bd600f0d39d:0x18722e932b402d1d!8m2!3d10.8043218!4d106.593699!16s%2Fg%2F11vl501_f7?entry=ttu&g_ep=EgoyMDI1MTEwNC4xIKXMDSoASAFQAw%3D%3D","1 Đ. A8, Khu Phố 5, Bình Tân, Thành phố Hồ Chí Minh 700000, Vietnam",10.8043218,106.593699,"https://www.google.com/maps/place/Ministop%2B-%2BS228%2BKhu%2BD%C3%A2n%2BC%C6%B0%2BV%C4%A9nh%2BL%E1%BB%99c%2B-%2B%C4%90%C6%B0%E1%BB%9Dng%2BS%E1%BB%91%2B8/@10.8043218,106.593699,17z/data=!3m1!4b1!4m6!3m5!1s0x31752bd600f0d39d:0x18722e932b402d1d!8m2!3d10.8043218!4d106.593699!16s/g/11vl501_f7","https://www.google.com/maps/place/Ministop%2B-%2BS228%2BKhu%2BD%C3%A2n%2BC%C6%B0%2BV%C4%A9nh%2BL%E1%BB%99c%2B-%2B%C4%90%C6%B0%E1%BB%9Dng%2BS%E1%BB%91%2B8/@10.8043218,106.593699,17z/data=!3m1!4b1!4m6!3m5!1s0x31752bd600f0d39d:0x18722e932b402d1d!8m2!3d10.8043218!4d106.593699!16s/g/11vl501_f7",place
"https://www.google.com/maps/place/MINISTOP+-+S225+-+Cao+%E1%BB%91c+Res11/@10.8043218,106.593699,13z/data=!4m10!1m2!2m1!1zbWluaXN0b3AgVOG6p25nIDEmMiDigJMgVE1EViAwMyDigJMgQ2FvIOG7kWMgUkVTMTEsIDIwNSBM4bqhYyBMb25nIFF1w6JuLCBQaMaw4budbmcgMDMsIFF14bqtbiAxMSwgVGjDoG5oIHBo4buRIEjhu5MgQ2jDrSBNaW5oLg!3m6!1s0x31752f001e56f52f:0xc470499605e6a34d!8m2!3d10.763596!4d106.6418318!15sCn9taW5pc3RvcCBU4bqnbmcgMSYyIOKAkyBUTURWIDAzIOKAkyBDYW8g4buRYyBSRVMxMSwgMjA1IEzhuqFjIExvbmcgUXXDom4sIFBoxrDhu51uZyAwMywgUXXhuq1uIDExLCBUaMOgbmggcGjhu5EgSOG7kyBDaMOtIE1pbmguIgOIAQFadCJybWluaXN0b3AgdOG6p25nIDEmMiB0bWR2IDAzIGNhbyDhu5FjIHJlczExIDIwNSBs4bqhYyBsb25nIHF1w6JuIHBoxrDhu51uZyAwMyBxdeG6rW4gMTEgdGjDoG5oIHBo4buRIGjhu5MgY2jDrSBtaW5okgERY29udmVuaWVuY2Vfc3RvcmWaASNDaFpEU1VoTk1HOW5TMFZNWDBsMlNsQTRiMkpMUkZGQkVBReABAPoBBAgAEDI!16s%2Fg%2F11vs7pg277?entry=ttu&g_ep=EgoyMDI1MTEwNC4xIKXMDSoASAFQAw%3D%3D","205 Lạc Long Quân, Phường 03, Quận 11, Thành phố Hồ Chí Minh, Vietnam",10.763596,106.6418318,"https://www.google.com/maps/place/MINISTOP%2B-%2BS225%2B-%2BCao%2B%E1%BB%91c%2BRes11/@10.763596,106.6418318,17z/data=!3m1!4b1!4m6!3m5!1s0x31752f001e56f52f:0xc470499605e6a34d!8m2!3d10.763596!4d106.6418318!16s/g/11vs7pg277","https://www.google.com/maps/place/MINISTOP%2B-%2BS225%2B-%2BCao%2B%E1%BB%91c%2BRes11/@10.763596,106.6418318,17z/data=!3m1!4b1!4m6!3m5!1s0x31752f001e56f52f:0xc470499605e6a34d!8m2!3d10.763596!4d106.6418318!16s/g/11vs7pg277",place
"https://www.google.com/maps/place/MINISTOP+-+T%C3%82N+K%E1%BB%B2+T%C3%82N+QU%C3%9D/@10.8021666,106.6178258,15z/data=!4m10!1m2!2m1!1zbWluaXN0b3AgMTkyIC0gMTk0IFTDom4gUXXDvSwgUGjGsOG7nW5nIFTDom4gUXXDvSwgUXXhuq1uIFTDom4gUGjDuiwgVGjDoG5oIHBo4buRIEjhu5MgQ2jDrSBNaW5oLg!3m6!1s0x31752b4ff1f46ee3:0x5e8717e2631358fa!8m2!3d10.8021666!4d106.6265805!15sCmFtaW5pc3RvcCAxOTIgLSAxOTQgVMOibiBRdcO9LCBQaMaw4budbmcgVMOibiBRdcO9LCBRdeG6rW4gVMOibiBQaMO6LCBUaMOgbmggcGjhu5EgSOG7kyBDaMOtIE1pbmguIgOIAQFaXSJbbWluaXN0b3AgMTkyIDE5NCB0w6JuIHF1w70gcGjGsOG7nW5nIHTDom4gcXXDvSBxdeG6rW4gdMOibiBwaMO6IHRow6BuaCBwaOG7kSBo4buTIGNow60gbWluaJIBEWNvbnZlbmllbmNlX3N0b3JlmgEkQ2hkRFNVaE5NRzluUzBWSlEwRm5TVU42ZG5ONVdUTlJSUkFC4AEA-gEECAAQSQ!16s%2Fg%2F11pf681q26?entry=ttu&g_ep=EgoyMDI1MTEwNC4xIKXMDSoASAFQAw%3D%3D","293 Đ. Tân Kỳ Tân Quý, Tân Sơn Nhì, Tân Phú, Thành phố Hồ Chí Minh, Vietnam",10.8021666,106.6265805,"https://www.google.com/maps/place/MINISTOP%2B-%2BT%C3%82N%2BK%E1%BB%B2%2BT%C3%82N%2BQU%C3%9D/@10.8021666,106.6265805,17z/data=!3m1!4b1!4m6!3m5!1s0x31752b4ff1f46ee3:0x5e8717e2631358fa!8m2!3d10.8021666!4d106.6265805!16s/g/11pf681q26","https://www.google.com/maps/place/MINISTOP%2B-%2BT%C3%82N%2BK%E1%BB%B2%2BT%C3%82N%2BQU%C3%9D/@10.8021666,106.6265805,17z/data=!3m1!4b1!4m6!3m5!1s0x31752b4ff1f46ee3:0x5e8717e2631358fa!8m2!3d10.8021666!4d106.6265805!16s/g/11pf681q26",place
"https://www.google.com/maps/place/MINISTOP/@10.8127055,106.6879861,17z/data=!3m1!4b1!4m6!3m5!1s0x3175295cffff2989:0x3d988226a14d5c63!8m2!3d10.8127055!4d106.6879861!16s%2Fg%2F11krtx7b82?entry=ttu&g_ep=EgoyMDI1MTEwNC4xIKXMDSoASAFQAw%3D%3D","52A Trần Bình Trọng, Phường 5, Bình Thạnh, Thành phố Hồ Chí Minh, Vietnam",10.8127055,106.6879861,"https://www.google.com/maps/place/MINISTOP/@10.8127055,106.6879861,17z/data=!3m1!4b1!4m6!3m5!1s0x3175295cffff2989:0x3d988226a14d5c63!8m2!3d10.8127055!4d106.6879861!16s/g/11krtx7b82","https://www.google.com/maps/place/MINISTOP/@10.8127055,106.6879861,17z/data=!3m1!4b1!4m6!3m5!1s0x3175295cffff2989:0x3d988226a14d5c63!8m2!3d10.8127055!4d106.6879861!16s/g/11krtx7b82",place
"https://www.google.com/maps/place/MNS+M%C3%A3+L%C3%B2/@10.7648187,106.604,21z/data=!4m15!1m8!3m7!1s0x31752c477365dacf:0x521265656c22a6c3!2zMTY4IE3DoyBMw7IsIELDrG5oIFRy4buLIMSQw7RuZyBBLCBCw6xuaCBUw6JuLCBUaMOgbmggcGjhu5EgSOG7kyBDaMOtIE1pbmgsIFZpZXRuYW0!3b1!8m2!3d10.7648115!4d106.6040554!16s%2Fg%2F11hblpwb_8!3m5!1s0x31752d0053e378cd:0xd2294277bff55dce!8m2!3d10.7648218!4d106.6041478!16s%2Fg%2F11vt0m6b3z?entry=ttu&g_ep=EgoyMDI1MTEwNC4xIKXMDSoASAFQAw%3D%3D",,10.7648115,106.6040554,"https://www.google.com/maps/place/MNS%2BM%C3%A3%2BL%C3%B2/@10.7648115,106.6040554,17z/data=!3m1!4b1!4m6!3m5!1s0x31752c477365dacf:0x521265656c22a6c3!8m2!3d10.7648115!4d106.6040554!16s/g/11hblpwb_8","https://www.google.com/maps/place/MNS%2BM%C3%A3%2BL%C3%B2/@10.7648115,106.6040554,17z/data=!3m1!4b1!4m6!3m5!1s0x31752c477365dacf:0x521265656c22a6c3!8m2!3d10.7648115!4d106.6040554!16s/g/11hblpwb_8",place
"https://www.google.com/maps/place/Ministop/@10.8541806,106.652736,16z/data=!4m10!1m2!2m1!1zbWluaXN0b3AgMTE3NyBMw6ogxJDhu6ljIFRo4buNLCBQaMaw4budbmcgMTUsIFF14bqtbiBHw7IgVuG6pXAsIFRow6BuaCBwaOG7kSBI4buTIENow60gTWluaC4!3m6!1s0x3175297c7530748f:0xa0e494ffd4ec42c6!8m2!3d10.8541806!4d106.6571134!15sClxtaW5pc3RvcCAxMTc3IEzDqiDEkOG7qWMgVGjhu40sIFBoxrDhu51uZyAxNSwgUXXhuq1uIEfDsiBW4bqlcCwgVGjDoG5oIHBo4buRIEjhu5MgQ2jDrSBNaW5oLiIDiAEBWloiWG1pbmlzdG9wIDExNzcgbMOqIMSR4bupYyB0aOG7jSBwaMaw4budbmcgMTUgcXXhuq1uIGfDsiB24bqlcCB0aMOgbmggcGjhu5EgaOG7kyBjaMOtIG1pbmiSAQ1ncm9jZXJ5X3N0b3Jl4AEA!16s%2Fg%2F11v4jglpwz?entry=ttu&g_ep=EgoyMDI1MTEwNC4xIKXMDSoASAFQAw%3D%3D","1177 Đ. Lê Đức Thọ, Phường 15, Gò Vấp, Thành phố Hồ Chí Minh, Vietnam",10.8541806,106.6571134,"https://www.google.com/maps/place/Ministop/@10.8541806,106.6571134,17z/data=!3m1!4b1!4m6!3m5!1s0x3175297c7530748f:0xa0e494ffd4ec42c6!8m2!3d10.8541806!4d106.6571134!16s/g/11v4jglpwz","https://www.google.com/maps/place/Ministop/@10.8541806,106.6571134,17z/data=!3m1!4b1!4m6!3m5!1s0x3175297c7530748f:0xa0e494ffd4ec42c6!8m2!3d10.8541806!4d106.6571134!16s/g/11v4jglpwz",place
"https://www.google.com/maps/place/Mini+Stop/@10.7717869,106.6544805,21z/data=!4m15!1m8!3m7!1s0x31752ec044e8b2a9:0xfd67c0b8a52d1744!2zNzdCIMSQxrDhu51uZyBT4buRIDIsIFBoxrDhu51uZyAxNSwgUXXhuq1uIDExLCBUaMOgbmggcGjhu5EgSOG7kyBDaMOtIE1pbmgsIFZpZXRuYW0!3b1!8m2!3d10.7718043!4d106.6546874!16s%2Fg%2F11t40gjcm9!3m5!1s0x31752f27fd7bd077:0x1c7d2e440ee8a00!8m2!3d10.7717332!4d106.6546196!16s%2Fg%2F11l5x2kb43?entry=ttu&g_ep=EgoyMDI1MTEwNC4xIKXMDSoASAFQAw%3D%3D",,10.7718043,106.6546874,"https://www.google.com/maps/place/Mini%2BStop/@10.7718043,106.6546874,17z/data=!3m1!4b1!4m6!3m5!1s0x31752ec044e8b2a9:0xfd67c0b8a52d1744!8m2!3d10.7718043!4d106.6546874!16s/g/11t40gjcm9","https://www.google.com/maps/place/Mini%2BStop/@10.7718043,106.6546874,17z/data=!3m1!4b1!4m6!3m5!1s0x31752ec044e8b2a9:0xfd67c0b8a52d1744!8m2!3d10.7718043!4d106.6546874!16s/g/11t40gjcm9",place
"https://www.google.com/maps/place/Ministop+One+Verandah/@10.7768961,106.7515739,17z/data=!3m1!4b1!4m6!3m5!1s0x317525000c1ced8d:0xdd9e4e798fcefed7!8m2!3d10.7768961!4d106.7515739!16s%2Fg%2F11vpdlvtwk?entry=ttu&g_ep=EgoyMDI1MTEwNC4xIKXMDSoASAFQAw%3D%3D","1 Tạ Hiện, Phường Thạnh Mỹ Lợi, Thủ Đức, Thành phố Hồ Chí Minh, Vietnam",10.7768961,106.7515739,"https://www.google.com/maps/place/Ministop%2BOne%2BVerandah/@10.7768961,106.7515739,17z/data=!3m1!4b1!4m6!3m5!1s0x317525000c1ced8d:0xdd9e4e798fcefed7!8m2!3d10.7768961!4d106.7515739!16s/g/11vpdlvtwk","https://www.google.com/maps/place/Ministop%2BOne%2BVerandah/@10.7768961,106.7515739,17z/data=!3m1!4b1!4m6!3m5!1s0x317525000c1ced8d:0xdd9e4e798fcefed7!8m2!3d10.7768961!4d106.7515739!16s/g/11vpdlvtwk",place
"https://www.google.com/maps/place/Ministop+L%C3%BD+Th%C3%A1nh+T%C3%B4ng+-+S200/@10.7670654,106.6300416,17z/data=!3m1!4b1!4m6!3m5!1s0x31752f08c027c90b:0x54828d333b192a3!8m2!3d10.7670654!4d106.6300416!16s%2Fg%2F11st68zc7k?entry=ttu&g_ep=EgoyMDI1MTEwNC4xIKXMDSoASAFQAw%3D%3D","46 Lý Thánh Tông, Tân Thới Hoà, Tân Phú, Thành phố Hồ Chí Minh 70000, Vietnam",10.7670654,106.6300416,"https://www.google.com/maps/place/Ministop%2BL%C3%BD%2BTh%C3%A1nh%2BT%C3%B4ng%2B-%2BS200/@10.7670654,106.6300416,17z/data=!3m1!4b1!4m6!3m5!1s0x31752f08c027c90b:0x54828d333b192a3!8m2!3d10.7670654!4d106.6300416!16s/g/11st68zc7k","https://www.google.com/maps/place/Ministop%2BL%C3%BD%2BTh%C3%A1nh%2BT%C3%B4ng%2B-%2BS200/@10.7670654,106.6300416,17z/data=!3m1!4b1!4m6!3m5!1s0x31752f08c027c90b:0x54828d333b192a3!8m2!3d10.7670654!4d106.6300416!16s/g/11st68zc7k",place
"https://www.google.com/maps/place/Ministops/@10.854558,106.6509065,20z/data=!4m14!1m7!3m6!1s0x317529007927a555:0x18b1ab7f4b421f2a!2sMinistops!8m2!3d10.8546417!4d106.6511678!16s%2Fg%2F11xgrc78d_!3m5!1s0x317529007927a555:0x18b1ab7f4b421f2a!8m2!3d10.8546417!4d106.6511678!16s%2Fg%2F11xgrc78d_?entry=ttu&g_ep=EgoyMDI1MTEwNC4xIKXMDSoASAFQAw%3D%3D","7 Đ. 59, Phường 14, Gò Vấp, Thành phố Hồ Chí Minh, Vietnam",10.8546417,106.6511678,"https://www.google.com/maps/place/Ministops/@10.8546417,106.6511678,17z/data=!3m1!4b1!4m6!3m5!1s0x317529007927a555:0x18b1ab7f4b421f2a!8m2!3d10.8546417!4d106.6511678!16s/g/11xgrc78d_","https://www.google.com/maps/place/Ministops/@10.8546417,106.6511678,17z/data=!3m1!4b1!4m6!3m5!1s0x317529007927a555:0x18b1ab7f4b421f2a!8m2!3d10.8546417!4d106.6511678!16s/g/11xgrc78d_",place
"https://www.google.com/maps/place/MINISTOP/@10.7790501,106.6248131,17z/data=!3m1!4b1!4m6!3m5!1s0x31752d376d9e8e07:0xf01cfa3edc78d52c!8m2!3d10.7790501!4d106.6248131!16s%2Fg%2F11txfbgz5_?entry=ttu&g_ep=EgoyMDI1MTEwNC4xIKXMDSoASAFQAw%3D%3D","280 Đ. Thạch Lam, Phú Thạnh, Tân Phú, Thành phố Hồ Chí Minh, Vietnam",10.7790501,106.6248131,"https://www.google.com/maps/place/MINISTOP/@10.7790501,106.6248131,17z/data=!3m1!4b1!4m6!3m5!1s0x31752d376d9e8e07:0xf01cfa3edc78d52c!8m2!3d10.7790501!4d106.6248131!16s/g/11txfbgz5_","https://www.google.com/maps/place/MINISTOP/@10.7790501,106.6248131,17z/data=!3m1!4b1!4m6!3m5!1s0x31752d376d9e8e07:0xf01cfa3edc78d52c!8m2!3d10.7790501!4d106.6248131!16s/g/11txfbgz5_",place
"https://www.google.com/maps/place/MINISTOP/@10.8350598,106.6395588,17z/data=!3m1!4b1!4m6!3m5!1s0x317529fd3f45ac89:0x446f7a34c821a828!8m2!3d10.8350598!4d106.6395588!16s%2Fg%2F11jt4g1qq0?entry=ttu&g_ep=EgoyMDI1MTEwNC4xIKXMDSoASAFQAw%3D%3D","92-94 Bùi Quang Là, Phường 12, Gò Vấp, Thành phố Hồ Chí Minh 700000, Vietnam",10.8350598,106.6395588,"https://www.google.com/maps/place/MINISTOP/@10.8350598,106.6395588,17z/data=!3m1!4b1!4m6!3m5!1s0x317529fd3f45ac89:0x446f7a34c821a828!8m2!3d10.8350598!4d106.6395588!16s/g/11jt4g1qq0","https://www.google.com/maps/place/MINISTOP/@10.8350598,106.6395588,17z/data=!3m1!4b1!4m6!3m5!1s0x317529fd3f45ac89:0x446f7a34c821a828!8m2!3d10.8350598!4d106.6395588!16s/g/11jt4g1qq0",place
"https://www.google.com/maps/place/Ministop/@10.7379039,106.677294,17z/data=!4m10!1m2!2m1!1zbWluaXN0b3AgQ2h1bmcgY8awIFRvcGF6IENpdHkgLSAzOSBDYW8gTOG7lywgUGjGsOG7nW5nIDA0LCBRdeG6rW4gMDgsIFRow6BuaCBwaOG7kSBI4buTIENow60gTWluaC4!3m6!1s0x31752f25e4c62179:0x8dfb9a685bbfdf8e!8m2!3d10.7379039!4d106.6794827!15sCmJtaW5pc3RvcCBDaHVuZyBjxrAgVG9wYXogQ2l0eSAtIDM5IENhbyBM4buXLCBQaMaw4budbmcgMDQsIFF14bqtbiAwOCwgVGjDoG5oIHBo4buRIEjhu5MgQ2jDrSBNaW5oLiIDiAEBWl4iXG1pbmlzdG9wIGNodW5nIGPGsCB0b3BheiBjaXR5IDM5IGNhbyBs4buXIHBoxrDhu51uZyAwNCBxdeG6rW4gMDggdGjDoG5oIHBo4buRIGjhu5MgY2jDrSBtaW5okgERY29udmVuaWVuY2Vfc3RvcmWaAURDaTlEUVVsUlFVTnZaRU5vZEhsalJqbHZUMnQzTkdGR2JGWk1XRlp6WlVVMVdXSjVNVk5hTW04MVV6Sk9kMDR4UlJBQuABAPoBBAgAEEM!16s%2Fg%2F11tspyl5t4?entry=ttu&g_ep=EgoyMDI1MTEwNC4xIKXMDSoASAFQAw%3D%3D","39 Cao Lỗ, Phường 4, Quận 8, Thành phố Hồ Chí Minh, Vietnam",10.7379039,106.6794827,"https://www.google.com/maps/place/Ministop/@10.7379039,106.6794827,17z/data=!3m1!4b1!4m6!3m5!1s0x31752f25e4c62179:0x8dfb9a685bbfdf8e!8m2!3d10.7379039!4d106.6794827!16s/g/11tspyl5t4","https://www.google.com/maps/place/Ministop/@10.7379039,106.6794827,17z/data=!3m1!4b1!4m6!3m5!1s0x31752f25e4c62179:0x8dfb9a685bbfdf8e!8m2!3d10.7379039!4d106.6794827!16s/g/11tspyl5t4",place
"https://www.google.com/maps/place/Ministop/@10.7532715,106.6274072,17z/data=!3m1!4b1!4m6!3m5!1s0x31752d37bd48e7f5:0x8a79f93f7ef4be34!8m2!3d10.7532715!4d106.6274072!16s%2Fg%2F11s86f18rh?entry=ttu&g_ep=EgoyMDI1MTEwNC4xIKXMDSoASAFQAw%3D%3D","86 Đường số 10, P.13, Quận 6, Thành phố Hồ Chí Minh, Vietnam",10.7532715,106.6274072,"https://www.google.com/maps/place/Ministop/@10.7532715,106.6274072,17z/data=!3m1!4b1!4m6!3m5!1s0x31752d37bd48e7f5:0x8a79f93f7ef4be34!8m2!3d10.7532715!4d106.6274072!16s/g/11s86f18rh","https://www.google.com/maps/place/Ministop/@10.7532715,106.6274072,17z/data=!3m1!4b1!4m6!3m5!1s0x31752d37bd48e7f5:0x8a79f93f7ef4be34!8m2!3d10.7532715!4d106.6274072!16s/g/11s86f18rh",place
"https://www.google.com/maps/place/Ministop/@10.657796,106.4596771,17z/data=!3m1!4b1!4m6!3m5!1s0x310acd0357c09003:0x350b48a2bcbd7abb!8m2!3d10.657796!4d106.4596771!16s%2Fg%2F11tbz0ptw6?entry=ttu&g_ep=EgoyMDI1MTEwNC4xIKXMDSoASAFQAw%3D%3D","MF55+4WJ, An Thạnh, Bến Lức, Long An, Vietnam",10.657796,106.4596771,"https://www.google.com/maps/place/Ministop/@10.657796,106.4596771,17z/data=!3m1!4b1!4m6!3m5!1s0x310acd0357c09003:0x350b48a2bcbd7abb!8m2!3d10.657796!4d106.4596771!16s/g/11tbz0ptw6","https://www.google.com/maps/place/Ministop/@10.657796,106.4596771,17z/data=!3m1!4b1!4m6!3m5!1s0x310acd0357c09003:0x350b48a2bcbd7abb!8m2!3d10.657796!4d106.4596771!16s/g/11tbz0ptw6",place
"https://www.google.com/maps/place/Aeon+Ministop+Akari+City+AK5/@10.7173998,106.6073924,17z/data=!3m1!4b1!4m6!3m5!1s0x31752d11b5c44b9f:0x7c85383277859d81!8m2!3d10.7173998!4d106.6073924!16s%2Fg%2F11t4cc6r10?entry=ttu&g_ep=EgoyMDI1MTEwNC4xIKXMDSoASAFQAw%3D%3D","PJ84+WXV, 77 Võ Văn Kiệt, An Lạc, Bình Tân, Thành phố Hồ Chí Minh, Vietnam",10.7173998,106.6073924,"https://www.google.com/maps/place/Aeon%2BMinistop%2BAkari%2BCity%2BAK5/@10.7173998,106.6073924,17z/data=!3m1!4b1!4m6!3m5!1s0x31752d11b5c44b9f:0x7c85383277859d81!8m2!3d10.7173998!4d106.6073924!16s/g/11t4cc6r10","https://www.google.com/maps/place/Aeon%2BMinistop%2BAkari%2BCity%2BAK5/@10.7173998,106.6073924,17z/data=!3m1!4b1!4m6!3m5!1s0x31752d11b5c44b9f:0x7c85383277859d81!8m2!3d10.7173998!4d106.6073924!16s/g/11t4cc6r10",place
"https://www.google.com/maps/place/Ministop/@10.7535445,106.618983,17z/data=!3m1!4b1!4m6!3m5!1s0x31752d005d5d485b:0x1f2aafef8ccb1c65!8m2!3d10.7535445!4d106.618983!16s%2Fg%2F11wwhsq81q?entry=ttu&g_ep=EgoyMDI1MTEwNC4xIKXMDSoASAFQAw%3D%3D","165 Đ. Số 6, An Lạc A, Bình Tân, Thành phố Hồ Chí Minh, Vietnam",10.7535445,106.618983,"https://www.google.com/maps/place/Ministop/@10.7535445,106.618983,17z/data=!3m1!4b1!4m6!3m5!1s0x31752d005d5d485b:0x1f2aafef8ccb1c65!8m2!3d10.7535445!4d106.618983!16s/g/11wwhsq81q","https://www.google.com/maps/place/Ministop/@10.7535445,106.618983,17z/data=!3m1!4b1!4m6!3m5!1s0x31752d005d5d485b:0x1f2aafef8ccb1c65!8m2!3d10.7535445!4d106.618983!16s/g/11wwhsq81q",place
"https://www.google.com/maps/place/MINISTOP+-+L%C3%AA+%C4%90%E1%BB%A9c+Th%E1%BB%8D/@10.8463217,106.6704441,17z/data=!3m1!4b1!4m6!3m5!1s0x31752976c24363db:0xbec98fd9626dabe5!8m2!3d10.8463217!4d106.6704441!16s%2Fg%2F11syj81266?entry=ttu&g_ep=EgoyMDI1MTEwNC4xIKXMDSoASAFQAw%3D%3D","527 Đ. Lê Đức Thọ, Phường 16, Gò Vấp, Thành phố Hồ Chí Minh 70000, Vietnam",10.8463217,106.6704441,"https://www.google.com/maps/place/MINISTOP%2B-%2BL%C3%AA%2B%C4%90%E1%BB%A9c%2BTh%E1%BB%8D/@10.8463217,106.6704441,17z/data=!3m1!4b1!4m6!3m5!1s0x31752976c24363db:0xbec98fd9626dabe5!8m2!3d10.8463217!4d106.6704441!16s/g/11syj81266","https://www.google.com/maps/place/MINISTOP%2B-%2BL%C3%AA%2B%C4%90%E1%BB%A9c%2BTh%E1%BB%8D/@10.8463217,106.6704441,17z/data=!3m1!4b1!4m6!3m5!1s0x31752976c24363db:0xbec98fd9626dabe5!8m2!3d10.8463217!4d106.6704441!16s/g/11syj81266",place
"https://www.google.com/maps/place/Ministop+T%C3%B4+Hi%E1%BB%87u/@10.7699177,106.6268392,17z/data=!3m1!4b1!4m6!3m5!1s0x31752d0960436181:0x3d00848b49f7f57a!8m2!3d10.7699177!4d106.6268392!16s%2Fg%2F11rzs45rsb?entry=ttu&g_ep=EgoyMDI1MTEwNC4xIKXMDSoASAFQAw%3D%3D","58k Đ. Tô Hiệu, Tân Thới Hoà, Tân Phú, Thành phố Hồ Chí Minh, Vietnam",10.7699177,106.6268392,"https://www.google.com/maps/place/Ministop%2BT%C3%B4%2BHi%E1%BB%87u/@10.7699177,106.6268392,17z/data=!3m1!4b1!4m6!3m5!1s0x31752d0960436181:0x3d00848b49f7f57a!8m2!3d10.7699177!4d106.6268392!16s/g/11rzs45rsb","https://www.google.com/maps/place/Ministop%2BT%C3%B4%2BHi%E1%BB%87u/@10.7699177,106.6268392,17z/data=!3m1!4b1!4m6!3m5!1s0x31752d0960436181:0x3d00848b49f7f57a!8m2!3d10.7699177!4d106.6268392!16s/g/11rzs45rsb",place
"https://www.google.com/maps/place/MINISTOP/@10.7886863,106.7177796,19z/data=!4m9!1m2!2m1!1zQ8SDbiBo4buZIHRoxrDGoW5nIG3huqFpIHPhu5EgUy0xNiBn4buTbSAwMSBU4bqnbmcgVGh14buZYyBE4buxIMOBbiBTdW53YWggUGVhcmwsIHPhu5EgOTAgTmd1eeG7hW4gSOG7r3UgQ-G6o25oLCBwaMaw4budbmcgMjIsIHF14bqtbiBCw6xuaCBUaOG6oW5oLCBUUC4gSENN!3m5!1s0x317529bc0e30cb97:0x2ed053856213a833!8m2!3d10.7886989!4d106.7183382!16s%2Fg%2F11q26250s8?entry=ttu&g_ep=EgoyMDI1MTEwNC4xIKXMDSoASAFQAw%3D%3D","QPQ9+F8G, Đường D8, Saigon Pearl, Bình Thạnh, Thành phố Hồ Chí Minh, Vietnam",10.7886989,106.7183382,"https://www.google.com/maps/place/MINISTOP/@10.7886989,106.7183382,17z/data=!3m1!4b1!4m6!3m5!1s0x317529bc0e30cb97:0x2ed053856213a833!8m2!3d10.7886989!4d106.7183382!16s/g/11q26250s8","https://www.google.com/maps/place/MINISTOP/@10.7886989,106.7183382,17z/data=!3m1!4b1!4m6!3m5!1s0x317529bc0e30cb97:0x2ed053856213a833!8m2!3d10.7886989!4d106.7183382!16s/g/11q26250s8",place
"https://www.google.com/maps/place/Ministop+Safira/@10.801393,106.7928035,18z/data=!4m10!1m2!2m1!1zQ8SDbiBEMi4wMS4wNC1UTSB04bqhaSB04bqnbmcgMDEgdsOgIHThuqduZyAwMiBj4bunYSB0aMOhcCBEMiB0aHXhu5ljIEtodSBuaMOgIOG7nyBjYW8gdOG6p25nIEPDtG5nIHR5IFNhcGhpcmUgdOG6oWkgc-G7kSA0NTQgxJHGsOG7nW5nIFbDtSBDaMOtIEPDtG5nLCBLaHUgcGjhu5EgMiwgcGjGsOG7nW5nIFBow7ogSOG7r3UsIFRwLiBUaOG7pyDEkOG7qWMsIFRQLkhDTS4!3m6!1s0x3175270047803f49:0x420d5f80cd7f5213!8m2!3d10.801393!4d106.7938978!15sCtQBQ8SDbiBEMi4wMS4wNC1UTSB04bqhaSB04bqnbmcgMDEgdsOgIHThuqduZyAwMiBj4bunYSB0aMOhcCBEMiB0aHXhu5ljIEtodSBuaMOgIOG7nyBjYW8gdOG6p25nIEPDtG5nIHR5IFNhcGhpcmUgdOG6oWkgc-G7kSA0NTQgxJHGsOG7nW5nIFbDtSBDaMOtIEPDtG5nLCBLaHUgcGjhu5EgMiwgcGjGsOG7nW5nIFBow7ogSOG7r3UsIFRwLiBUaOG7pyDEkOG7qWMsIFRQLkhDTS5apQEiogFjxINuIGQyIDAxLjA0IHRtIHThuqFpIHThuqduZyAwMSB2w6AgdOG6p25nIDAyIGPhu6dhIHRow6FwIGQyIHRodeG7mWMga2h1IG5ow6Ag4bufIGNhbyB04bqnbmcgY8O0bmcgdHkgc2FwaGlyZSB04bqhaSBz4buRIDQ1NCDEkcaw4budbmcgdsO1IGNow60gY8O0bmcga2h1IHBo4buRIDKSARFjb252ZW5pZW5jZV9zdG9yZZoBJENoZERTVWhOTUc5blMwVkpRMEZuVFVOWmRVbDJTR3RuUlJBQuABAPoBBAgpEBw!16s%2Fg%2F11w1jy8c8l?entry=ttu&g_ep=EgoyMDI1MTEwNC4xIKXMDSoASAFQAw%3D%3D","179 Đ. Võ Chí Công, Bình Trưng Đông, Thủ Đức, Thành phố Hồ Chí Minh, Vietnam",10.801393,106.7938978,"https://www.google.com/maps/place/Ministop%2BSafira/@10.801393,106.7938978,17z/data=!3m1!4b1!4m6!3m5!1s0x3175270047803f49:0x420d5f80cd7f5213!8m2!3d10.801393!4d106.7938978!16s/g/11w1jy8c8l","https://www.google.com/maps/place/Ministop%2BSafira/@10.801393,106.7938978,17z/data=!3m1!4b1!4m6!3m5!1s0x3175270047803f49:0x420d5f80cd7f5213!8m2!3d10.801393!4d106.7938978!16s/g/11w1jy8c8l",place
"https://www.google.com/maps/place/Mini+stop/@10.7753088,106.6779535,17z/data=!3m1!4b1!4m6!3m5!1s0x31752fcdeccf645b:0xf1937807031f5fdf!8m2!3d10.7753088!4d106.6779535!16s%2Fg%2F11nnsbhg2s?entry=ttu&g_ep=EgoyMDI1MTEwNC4xIKXMDSoASAFQAw%3D%3D","200 Đ. 3 Tháng 2, Phường 12, Quận 10, Thành phố Hồ Chí Minh, Vietnam",10.7753088,106.6779535,"https://www.google.com/maps/place/Mini%2Bstop/@10.7753088,106.6779535,17z/data=!3m1!4b1!4m6!3m5!1s0x31752fcdeccf645b:0xf1937807031f5fdf!8m2!3d10.7753088!4d106.6779535!16s/g/11nnsbhg2s","https://www.google.com/maps/place/Mini%2Bstop/@10.7753088,106.6779535,17z/data=!3m1!4b1!4m6!3m5!1s0x31752fcdeccf645b:0xf1937807031f5fdf!8m2!3d10.7753088!4d106.6779535!16s/g/11nnsbhg2s",place
"https://www.google.com/maps/place/MINISTOP+SAIGON+SOUTH/@10.7204206,106.7042296,17z/data=!4m6!3m5!1s0x31752f812b64f4cf:0x62e617975563ed87!8m2!3d10.7204206!4d106.7042296!16s%2Fg%2F11n103g8qb?entry=ttu&g_ep=EgoyMDI1MTEwNC4xIKXMDSoASAFQAw%3D%3D","Phước Kiển, Nhà Bè, Ho Chi Minh City, Vietnam",10.7204206,106.7042296,"https://www.google.com/maps/place/MINISTOP%2BSAIGON%2BSOUTH/@10.7204206,106.7042296,17z/data=!3m1!4b1!4m6!3m5!1s0x31752f812b64f4cf:0x62e617975563ed87!8m2!3d10.7204206!4d106.7042296!16s/g/11n103g8qb","https://www.google.com/maps/place/MINISTOP%2BSAIGON%2BSOUTH/@10.7204206,106.7042296,17z/data=!3m1!4b1!4m6!3m5!1s0x31752f812b64f4cf:0x62e617975563ed87!8m2!3d10.7204206!4d106.7042296!16s/g/11n103g8qb",place
"https://www.google.com/maps/place/Ministop+Saigon+Royal/@10.7669577,106.7034359,19z/data=!4m10!1m2!2m1!1zQS4xLjAyIHThuqFpIFThuqduZyAwMSwgdGjDoXAgQSB0aHXhu5ljIFRydW5nIHTDom0gVGjGsMahbmcgbeG6oWkg4oCTIEThu4tjaCB24bulLCBPZmZpY2V0ZWwgdsOgIEPEg24gaOG7mSDhu58gdOG6oWkgc-G7kSAzNCDigJMgMzUgQuG6v24gVsOibiDEkOG7k24sIFBoxrDhu51uZyAxMywgUXXhuq1uIDQsIFRQSENN!3m6!1s0x31752f6a75f3d199:0x82676162b98eaf9b!8m2!3d10.7669506!4d106.7039699!15sCrQBQS4xLjAyIHThuqFpIFThuqduZyAwMSwgdGjDoXAgQSB0aHXhu5ljIFRydW5nIHTDom0gVGjGsMahbmcgbeG6oWkg4oCTIEThu4tjaCB24bulLCBPZmZpY2V0ZWwgdsOgIEPEg24gaOG7mSDhu58gdOG6oWkgc-G7kSAzNCDigJMgMzUgQuG6v24gVsOibiDEkOG7k24sIFBoxrDhu51uZyAxMywgUXXhuq1uIDQsIFRQSENNWqoBIqcBYSAxLjAyIHThuqFpIHThuqduZyAwMSB0aMOhcCBhIHRodeG7mWMgdHJ1bmcgdMOibSB0aMawxqFuZyBt4bqhaSBk4buLY2ggduG7pSBvZmZpY2V0ZWwgdsOgIGPEg24gaOG7mSDhu58gdOG6oWkgc-G7kSAzNCAzNSBi4bq_biB2w6JuIMSR4buTbiBwaMaw4budbmcgMTMgcXXhuq1uIDQgdHBoY22SARFjb252ZW5pZW5jZV9zdG9yZZoBJENoZERTVWhOTUc5blMwVkpRMEZuU1VSd2FVOHlXVjkzUlJBQuABAPoBBAgAEDw!16s%2Fg%2F11rb61366v?entry=ttu&g_ep=EgoyMDI1MTEwNC4xIKXMDSoASAFQAw%3D%3D","Tháp A, Bến Vân Đồn, Phường 12, Quận 4, Thành phố Hồ Chí Minh, Vietnam",10.7669506,106.7039699,"https://www.google.com/maps/place/Ministop%2BSaigon%2BRoyal/@10.7669506,106.7039699,17z/data=!3m1!4b1!4m6!3m5!1s0x31752f6a75f3d199:0x82676162b98eaf9b!8m2!3d10.7669506!4d106.7039699!16s/g/11rb61366v","https://www.google.com/maps/place/Ministop%2BSaigon%2BRoyal/@10.7669506,106.7039699,17z/data=!3m1!4b1!4m6!3m5!1s0x31752f6a75f3d199:0x82676162b98eaf9b!8m2!3d10.7669506!4d106.7039699!16s/g/11rb61366v",place
"https://www.google.com/maps/place/Ministop+CBD+%C4%90%E1%BB%93ng+V%C4%83n+C%E1%BB%91ng/@10.7745424,106.7577177,16z/data=!4m10!1m2!2m1!1zQTEtMS01LCBU4bqnbmcgc-G7kSAxIFRow6FwIEEgVMOyYSBOaMOgIFRoZSBDQkQgdOG6oWkgc-G7kSAxMjUgxJDGsOG7nW5nIMSQ4buTbmcgVsSDbiBD4buRbmcsIFBoxrDhu51uZyBUaOG6oW5oIE3hu7kgTOG7o2ksIFRwLiBUaOG7pyDEkOG7qWMsIFRQLkhDTS4!3m6!1s0x317525a968055a4f:0x8475e87e6bdabc67!8m2!3d10.7745241!4d106.7621116!15sCpUBQTEtMS01LCBU4bqnbmcgc-G7kSAxIFRow6FwIEEgVMOyYSBOaMOgIFRoZSBDQkQgdOG6oWkgc-G7kSAxMjUgxJDGsOG7nW5nIMSQ4buTbmcgVsSDbiBD4buRbmcsIFBoxrDhu51uZyBUaOG6oW5oIE3hu7kgTOG7o2ksIFRwLiBUaOG7pyDEkOG7qWMsIFRQLkhDTS5akgEijwFhMSAxIDUgdOG6p25nIHPhu5EgMSB0aMOhcCBhIHTDsmEgbmjDoCB0aGUgY2JkIHThuqFpIHPhu5EgMTI1IMSRxrDhu51uZyDEkeG7k25nIHbEg24gY-G7kW5nIHBoxrDhu51uZyB0aOG6oW5oIG3hu7kgbOG7o2kgdHAgdGjhu6cgxJHhu6ljIHRwIGhjbZIBEWNvbnZlbmllbmNlX3N0b3JlmgEjQ2haRFNVaE5NRzluUzBWSlEwRm5TVU5xY1haRE1tUjNFQUXgAQD6AQQIKBA1!16s%2Fg%2F11j99c6pk9?entry=ttu&g_ep=EgoyMDI1MTEwNC4xIKXMDSoASAFQAw%3D%3D","123/7 Đ. Đồng Văn Cống, Phường Thạnh Mỹ Lợi, Quận 2, Thành phố Hồ Chí Minh, Vietnam",10.7745241,106.7621116,"https://www.google.com/maps/place/Ministop%2BCBD%2B%C4%90%E1%BB%93ng%2BV%C4%83n%2BC%E1%BB%91ng/@10.7745241,106.7621116,17z/data=!3m1!4b1!4m6!3m5!1s0x317525a968055a4f:0x8475e87e6bdabc67!8m2!3d10.7745241!4d106.7621116!16s/g/11j99c6pk9","https://www.google.com/maps/place/Ministop%2BCBD%2B%C4%90%E1%BB%93ng%2BV%C4%83n%2BC%E1%BB%91ng/@10.7745241,106.7621116,17z/data=!3m1!4b1!4m6!3m5!1s0x317525a968055a4f:0x8475e87e6bdabc67!8m2!3d10.7745241!4d106.7621116!16s/g/11j99c6pk9",place
"https://www.google.com/maps/place/Ministop+563+%C4%90i%E1%BB%87n+Bi%C3%AAn+Ph%E1%BB%A7/@10.7702968,106.6765775,17z/data=!3m1!4b1!4m6!3m5!1s0x31752f35fee20605:0xb087a3467cdb3288!8m2!3d10.7702968!4d106.6765775!16s%2Fg%2F11sts4sk99?entry=ttu&g_ep=EgoyMDI1MTEwNC4xIKXMDSoASAFQAw%3D%3D","563 Điện Biên Phủ, Phường 1, Quận 3, Thành phố Hồ Chí Minh, Vietnam",10.7702968,106.6765775,"https://www.google.com/maps/place/Ministop%2B563%2B%C4%90i%E1%BB%87n%2BBi%C3%AAn%2BPh%E1%BB%A7/@10.7702968,106.6765775,17z/data=!3m1!4b1!4m6!3m5!1s0x31752f35fee20605:0xb087a3467cdb3288!8m2!3d10.7702968!4d106.6765775!16s/g/11sts4sk99","https://www.google.com/maps/place/Ministop%2B563%2B%C4%90i%E1%BB%87n%2BBi%C3%AAn%2BPh%E1%BB%A7/@10.7702968,106.6765775,17z/data=!3m1!4b1!4m6!3m5!1s0x31752f35fee20605:0xb087a3467cdb3288!8m2!3d10.7702968!4d106.6765775!16s/g/11sts4sk99",place
"https://www.google.com/maps/place/MINISTOP/@10.8080689,106.7053902,17z/data=!3m1!4b1!4m6!3m5!1s0x317529996d3191e9:0x696ea167b67544d2!8m2!3d10.8080689!4d106.7053902!16s%2Fg%2F11jp105w7v?entry=ttu&g_ep=EgoyMDI1MTEwNC4xIKXMDSoASAFQAw%3D%3D","114 Bùi Đình Tuý, Phường 14, Bình Thạnh, Thành phố Hồ Chí Minh, Vietnam",10.8080689,106.7053902,"https://www.google.com/maps/place/MINISTOP/@10.8080689,106.7053902,17z/data=!3m1!4b1!4m6!3m5!1s0x317529996d3191e9:0x696ea167b67544d2!8m2!3d10.8080689!4d106.7053902!16s/g/11jp105w7v","https://www.google.com/maps/place/MINISTOP/@10.8080689,106.7053902,17z/data=!3m1!4b1!4m6!3m5!1s0x317529996d3191e9:0x696ea167b67544d2!8m2!3d10.8080689!4d106.7053902!16s/g/11jp105w7v",place
"https://www.google.com/maps/place/MINI+STOP/@10.8578065,106.7633672,17z/data=!3m1!4b1!4m6!3m5!1s0x317527a3aab4bbb7:0x6c6be78465fa5bad!8m2!3d10.8578065!4d106.7633672!16s%2Fg%2F11j48glwqk?entry=ttu&g_ep=EgoyMDI1MTEwNC4xIKXMDSoASAFQAw%3D%3D","58 Đ. Hoàng Diệu 2, Linh Chiểu, Thủ Đức, Thành phố Hồ Chí Minh, Vietnam",10.8578065,106.7633672,"https://www.google.com/maps/place/MINI%2BSTOP/@10.8578065,106.7633672,17z/data=!3m1!4b1!4m6!3m5!1s0x317527a3aab4bbb7:0x6c6be78465fa5bad!8m2!3d10.8578065!4d106.7633672!16s/g/11j48glwqk","https://www.google.com/maps/place/MINI%2BSTOP/@10.8578065,106.7633672,17z/data=!3m1!4b1!4m6!3m5!1s0x317527a3aab4bbb7:0x6c6be78465fa5bad!8m2!3d10.8578065!4d106.7633672!16s/g/11j48glwqk",place
"https://www.google.com/maps/place/Ministop+Homyland+Riverside/@10.7894095,106.7686563,17z/data=!4m6!3m5!1s0x317527abe6891fff:0x43b240654865d4ed!8m2!3d10.7894095!4d106.7686563!16s%2Fg%2F11fr0cjpj4?entry=ttu&g_ep=EgoyMDI1MTEwNC4xIKXMDSoASAFQAw%3D%3D","360 Nguyễn Duy Trinh, Phường Bình Trưng Tây, Quận 2, Thành phố Hồ Chí Minh, Vietnam",10.7894095,106.7686563,"https://www.google.com/maps/place/Ministop%2BHomyland%2BRiverside/@10.7894095,106.7686563,17z/data=!3m1!4b1!4m6!3m5!1s0x317527abe6891fff:0x43b240654865d4ed!8m2!3d10.7894095!4d106.7686563!16s/g/11fr0cjpj4","https://www.google.com/maps/place/Ministop%2BHomyland%2BRiverside/@10.7894095,106.7686563,17z/data=!3m1!4b1!4m6!3m5!1s0x317527abe6891fff:0x43b240654865d4ed!8m2!3d10.7894095!4d106.7686563!16s/g/11fr0cjpj4",place
"https://www.google.com/maps/place/Ministop/@10.836833,106.6500409,14z/data=!4m10!1m2!2m1!1zbWluaXN0b3AgUGFyayBIaWxscyBQNS0wMC4xMCwgVOG6p25nIDEsIFTDsmEgbmjDoCBjaHVuZyBjxrAgQ0gxLCBz4buRIDE4IFBoYW4gVsSDbiBUcuG7iywgUGjGsOG7nW5nIDEwLCBRdeG6rW4gR8OyIFbhuqVwLCBUaMOgbmggcGjhu5EgSOG7kyBDaMOtIE1pbmgu!3m6!1s0x3175292161caf477:0x479077db8b93dede!8m2!3d10.836833!4d106.6675504!15sCpYBbWluaXN0b3AgUGFyayBIaWxscyBQNS0wMC4xMCwgVOG6p25nIDEsIFTDsmEgbmjDoCBjaHVuZyBjxrAgQ0gxLCBz4buRIDE4IFBoYW4gVsSDbiBUcuG7iywgUGjGsOG7nW5nIDEwLCBRdeG6rW4gR8OyIFbhuqVwLCBUaMOgbmggcGjhu5EgSOG7kyBDaMOtIE1pbmguIgOIAQFakgEijwFtaW5pc3RvcCBwYXJrIGhpbGxzIHA1IDAwLjEwIHThuqduZyAxIHTDsmEgbmjDoCBjaHVuZyBjxrAgY2gxIHPhu5EgMTggcGhhbiB2xINuIHRy4buLIHBoxrDhu51uZyAxMCBxdeG6rW4gZ8OyIHbhuqVwIHRow6BuaCBwaOG7kSBo4buTIGNow60gbWluaJIBEWNvbnZlbmllbmNlX3N0b3JlmgEkQ2hkRFNVaE5NRzluUzBWSlEwRm5TVVJ3YlZsVWVUaFJSUkFC4AEA-gEECAAQDA!16s%2Fg%2F11ftwg106f?entry=ttu&g_ep=EgoyMDI1MTEwNC4xIKXMDSoASAFQAw%3D%3D","P5-00.13 Cityland Park Hills, 18 Đ. Phan Văn Trị, Phường 10, Gò Vấp, Thành phố Hồ Chí Minh, Vietnam",10.836833,106.6675504,"https://www.google.com/maps/place/Ministop/@10.836833,106.6675504,17z/data=!3m1!4b1!4m6!3m5!1s0x3175292161caf477:0x479077db8b93dede!8m2!3d10.836833!4d106.6675504!16s/g/11ftwg106f","https://www.google.com/maps/place/Ministop/@10.836833,106.6675504,17z/data=!3m1!4b1!4m6!3m5!1s0x3175292161caf477:0x479077db8b93dede!8m2!3d10.836833!4d106.6675504!16s/g/11ftwg106f",place
"https://www.google.com/maps/place/MINISTOP/@10.7834972,106.6487679,17z/data=!3m1!4b1!4m6!3m5!1s0x31752fcb666b12af:0xba70b8e0c20999fa!8m2!3d10.7834972!4d106.6487679!16s%2Fg%2F11fr3fyzd4?entry=ttu&g_ep=EgoyMDI1MTEwNC4xIKXMDSoASAFQAw%3D%3D","71 Ni Sư Huỳnh Liên, Phường 10, Tân Bình, Thành phố Hồ Chí Minh, Vietnam",10.7834972,106.6487679,"https://www.google.com/maps/place/MINISTOP/@10.7834972,106.6487679,17z/data=!3m1!4b1!4m6!3m5!1s0x31752fcb666b12af:0xba70b8e0c20999fa!8m2!3d10.7834972!4d106.6487679!16s/g/11fr3fyzd4","https://www.google.com/maps/place/MINISTOP/@10.7834972,106.6487679,17z/data=!3m1!4b1!4m6!3m5!1s0x31752fcb666b12af:0xba70b8e0c20999fa!8m2!3d10.7834972!4d106.6487679!16s/g/11fr3fyzd4",place
"https://www.google.com/maps/place/43F+H%E1%BB%93+V%C4%83n+Hu%C3%AA,+Ph%C6%B0%E1%BB%9Dng+9,+Ph%C3%BA+Nhu%E1%BA%ADn,+Th%C3%A0nh+ph%E1%BB%91+H%E1%BB%93+Ch%C3%AD+Minh,+Vietnam/@10.8027246,106.6762805,21z/data=!4m15!1m8!3m7!1s0x317528d87533a97f:0xdedcff9c829df8a!2zNDNGIEjhu5MgVsSDbiBIdcOqLCBQaMaw4budbmcgOSwgUGjDuiBOaHXhuq1uLCBUaMOgbmggcGjhu5EgSOG7kyBDaMOtIE1pbmgsIFZpZXRuYW0!3b1!8m2!3d10.8027246!4d106.6764172!16s%2Fg%2F11rg5x5jc6!3m5!1s0x317528d87533a97f:0xdedcff9c829df8a!8m2!3d10.8027246!4d106.6764172!16s%2Fg%2F11rg5x5jc6?entry=ttu&g_ep=EgoyMDI1MTEwNC4xIKXMDSoASAFQAw%3D%3D",,10.8027246,106.6764172,"https://www.google.com/maps/place/43F%2BH%E1%BB%93%2BV%C4%83n%2BHu%C3%AA%2C%2BPh%C6%B0%E1%BB%9Dng%2B9%2C%2BPh%C3%BA%2BNhu%E1%BA%ADn%2C%2BTh%C3%A0nh%2Bph%E1%BB%91%2BH%E1%BB%93%2BCh%C3%AD%2BMinh%2C%2BVietnam/@10.8027246,106.6764172,17z/data=!3m1!4b1!4m6!3m5!1s0x317528d87533a97f:0xdedcff9c829df8a!8m2!3d10.8027246!4d106.6764172!16s/g/11rg5x5jc6","https://www.google.com/maps/place/43F%2BH%E1%BB%93%2BV%C4%83n%2BHu%C3%AA%2C%2BPh%C6%B0%E1%BB%9Dng%2B9%2C%2BPh%C3%BA%2BNhu%E1%BA%ADn%2C%2BTh%C3%A0nh%2Bph%E1%BB%91%2BH%E1%BB%93%2BCh%C3%AD%2BMinh%2C%2BVietnam/@10.8027246,106.6764172,17z/data=!3m1!4b1!4m6!3m5!1s0x317528d87533a97f:0xdedcff9c829df8a!8m2!3d10.8027246!4d106.6764172!16s/g/11rg5x5jc6",place
"https://www.google.com/maps/place/MINISTOP/@10.7796021,106.746944,17z/data=!4m6!3m5!1s0x31752511b4cfc54d:0x2593883397efdd9a!8m2!3d10.7796021!4d106.746944!16s%2Fg%2F11h0yg8xq0?entry=ttu&g_ep=EgoyMDI1MTEwNC4xIKXMDSoASAFQAw%3D%3D","Đảo Kim Cương, Quận 2, Thủ Đức, Thành phố Hồ Chí Minh, Vietnam",10.7796021,106.746944,"https://www.google.com/maps/place/MINISTOP/@10.7796021,106.746944,17z/data=!3m1!4b1!4m6!3m5!1s0x31752511b4cfc54d:0x2593883397efdd9a!8m2!3d10.7796021!4d106.746944!16s/g/11h0yg8xq0","https://www.google.com/maps/place/MINISTOP/@10.7796021,106.746944,17z/data=!3m1!4b1!4m6!3m5!1s0x31752511b4cfc54d:0x2593883397efdd9a!8m2!3d10.7796021!4d106.746944!16s/g/11h0yg8xq0",place
"https://www.google.com/maps/place/MINISTOP+-+Vinhomes+Golden+River/@10.7867421,106.710601,17z/data=!3m1!4b1!4m6!3m5!1s0x31752f8b320ad723:0xffcfda53d640e5af!8m2!3d10.7867421!4d106.710601!16s%2Fg%2F11h0mj3mzd?entry=ttu&g_ep=EgoyMDI1MTEwNC4xIKXMDSoASAFQAw%3D%3D","2 Tôn Đức Thắng, Bến Nghé, Quận 1, Thành phố Hồ Chí Minh, Vietnam",10.7867421,106.710601,"https://www.google.com/maps/place/MINISTOP%2B-%2BVinhomes%2BGolden%2BRiver/@10.7867421,106.710601,17z/data=!3m1!4b1!4m6!3m5!1s0x31752f8b320ad723:0xffcfda53d640e5af!8m2!3d10.7867421!4d106.710601!16s/g/11h0mj3mzd","https://www.google.com/maps/place/MINISTOP%2B-%2BVinhomes%2BGolden%2BRiver/@10.7867421,106.710601,17z/data=!3m1!4b1!4m6!3m5!1s0x31752f8b320ad723:0xffcfda53d640e5af!8m2!3d10.7867421!4d106.710601!16s/g/11h0mj3mzd",place
"https://www.google.com/maps/place/Ministop/@10.7677709,106.6606281,17z/data=!3m1!4b1!4m6!3m5!1s0x31752f788c47d899:0x7294615f4d12e3a0!8m2!3d10.7677709!4d106.6606281!16s%2Fg%2F11gmcxkpfn?entry=ttu&g_ep=EgoyMDI1MTEwNC4xIKXMDSoASAFQAw%3D%3D","666/64 3 Tháng 2, Phường 14, Quận 10, Thành phố Hồ Chí Minh, Vietnam",10.7677709,106.6606281,"https://www.google.com/maps/place/Ministop/@10.7677709,106.6606281,17z/data=!3m1!4b1!4m6!3m5!1s0x31752f788c47d899:0x7294615f4d12e3a0!8m2!3d10.7677709!4d106.6606281!16s/g/11gmcxkpfn","https://www.google.com/maps/place/Ministop/@10.7677709,106.6606281,17z/data=!3m1!4b1!4m6!3m5!1s0x31752f788c47d899:0x7294615f4d12e3a0!8m2!3d10.7677709!4d106.6606281!16s/g/11gmcxkpfn",place
"https://www.google.com/maps/place/MINISTOP-S123/@10.8020394,106.6846612,17z/data=!3m1!4b1!4m6!3m5!1s0x3175299e7efd92ad:0x88d612b73553d988!8m2!3d10.8020394!4d106.6846612!16s%2Fg%2F11kd9mtbvl?entry=ttu&g_ep=EgoyMDI1MTEwNC4xIKXMDSoASAFQAw%3D%3D","94d Đ. Phùng Văn Cung, Phường 7, Phú Nhuận, Thành phố Hồ Chí Minh, Vietnam",10.8020394,106.6846612,"https://www.google.com/maps/place/MINISTOP-S123/@10.8020394,106.6846612,17z/data=!3m1!4b1!4m6!3m5!1s0x3175299e7efd92ad:0x88d612b73553d988!8m2!3d10.8020394!4d106.6846612!16s/g/11kd9mtbvl","https://www.google.com/maps/place/MINISTOP-S123/@10.8020394,106.6846612,17z/data=!3m1!4b1!4m6!3m5!1s0x3175299e7efd92ad:0x88d612b73553d988!8m2!3d10.8020394!4d106.6846612!16s/g/11kd9mtbvl",place
"https://www.google.com/maps/place/Ministop/@10.8063522,106.6662933,21z/data=!4m9!1m2!2m1!1zREguNyB0aHXhu5ljIEtodSBjYW8g4buRYyB2xINuIHBow7JuZyB2w6AgQ8SDbiBo4buZIGNodW5nIGPGsCBz4buRIDVCIMSRxrDhu51uZyBQaOG7lSBRdWFuZywgUGjGsOG7nW5nIDIsIFF14bqtbiBUw6JuIELDrG5oLCBUaMOgbmggcGjhu5EgSOG7kyBDaMOtIE1pbmgu!3m5!1s0x3175290041797fc3:0xd230798bd98e70de!8m2!3d10.8063547!4d106.6663717!16s%2Fg%2F11x6r5yt3f?entry=ttu&g_ep=EgoyMDI1MTEwNC4xIKXMDSoASAFQAw%3D%3D","Block A Sky Center, 5b Đ. Phổ Quang, Phường 2, Tân Bình, Thành phố Hồ Chí Minh 70000, Vietnam",10.8063547,106.6663717,"https://www.google.com/maps/place/Ministop/@10.8063547,106.6663717,17z/data=!3m1!4b1!4m6!3m5!1s0x3175290041797fc3:0xd230798bd98e70de!8m2!3d10.8063547!4d106.6663717!16s/g/11x6r5yt3f","https://www.google.com/maps/place/Ministop/@10.8063547,106.6663717,17z/data=!3m1!4b1!4m6!3m5!1s0x3175290041797fc3:0xd230798bd98e70de!8m2!3d10.8063547!4d106.6663717!16s/g/11x6r5yt3f",place
"https://www.google.com/maps/place/Ministop+New+City/@10.7822175,106.7360938,17z/data=!3m1!4b1!4m6!3m5!1s0x317525e34fedf0ef:0xecee2d2cbabb516c!8m2!3d10.7822175!4d106.7360938!16s%2Fg%2F11gf5s4130?entry=ttu&g_ep=EgoyMDI1MTEwNC4xIKXMDSoASAFQAw%3D%3D","17 Mai Chí Thọ, Phường An Khánh, Thủ Đức, Thành phố Hồ Chí Minh, Vietnam",10.7822175,106.7360938,"https://www.google.com/maps/place/Ministop%2BNew%2BCity/@10.7822175,106.7360938,17z/data=!3m1!4b1!4m6!3m5!1s0x317525e34fedf0ef:0xecee2d2cbabb516c!8m2!3d10.7822175!4d106.7360938!16s/g/11gf5s4130","https://www.google.com/maps/place/Ministop%2BNew%2BCity/@10.7822175,106.7360938,17z/data=!3m1!4b1!4m6!3m5!1s0x317525e34fedf0ef:0xecee2d2cbabb516c!8m2!3d10.7822175!4d106.7360938!16s/g/11gf5s4130",place
"https://www.google.com/maps/place/MINISTOP/@10.8660597,106.8024359,17z/data=!3m1!4b1!4m6!3m5!1s0x3175275971ad014d:0x39d693bae6626097!8m2!3d10.8660597!4d106.8024359!16s%2Fg%2F11h9rwsfv9?entry=ttu&g_ep=EgoyMDI1MTEwNC4xIKXMDSoASAFQAw%3D%3D","120 Song Hành Xa Lộ Hà Nội, P, Thủ Đức, Thành phố Hồ Chí Minh, Vietnam",10.8660597,106.8024359,"https://www.google.com/maps/place/MINISTOP/@10.8660597,106.8024359,17z/data=!3m1!4b1!4m6!3m5!1s0x3175275971ad014d:0x39d693bae6626097!8m2!3d10.8660597!4d106.8024359!16s/g/11h9rwsfv9","https://www.google.com/maps/place/MINISTOP/@10.8660597,106.8024359,17z/data=!3m1!4b1!4m6!3m5!1s0x3175275971ad014d:0x39d693bae6626097!8m2!3d10.8660597!4d106.8024359!16s/g/11h9rwsfv9",place
"https://www.google.com/maps/place/MINISTOP/@10.7703318,106.6625664,17z/data=!3m1!4b1!4m6!3m5!1s0x31752ec291336d79:0xc82f238fe3679cde!8m2!3d10.7703318!4d106.6625664!16s%2Fg%2F11h9w1py2z?entry=ttu&g_ep=EgoyMDI1MTEwNC4xIKXMDSoASAFQAw%3D%3D","7a/7 Thành Thái, Phường 14, Quận 10, Thành phố Hồ Chí Minh, Vietnam",10.7703318,106.6625664,"https://www.google.com/maps/place/MINISTOP/@10.7703318,106.6625664,17z/data=!3m1!4b1!4m6!3m5!1s0x31752ec291336d79:0xc82f238fe3679cde!8m2!3d10.7703318!4d106.6625664!16s/g/11h9w1py2z","https://www.google.com/maps/place/MINISTOP/@10.7703318,106.6625664,17z/data=!3m1!4b1!4m6!3m5!1s0x31752ec291336d79:0xc82f238fe3679cde!8m2!3d10.7703318!4d106.6625664!16s/g/11h9w1py2z",place
"https://www.google.com/maps/place/MINISTOP-HUTECH+KHU+E/@10.8554246,106.7156212,12z/data=!4m10!1m2!2m1!1zTUlOSVNUT1AgMTVBIFBow6JuIGtodSBFMSwgS2h1IEPDtG5nIE5naOG7hyBDYW8sIFhhIEzhu5kgSMOgIE7hu5lpLCBQaMaw4budbmcgSGnhu4dwIFBow7osIFRQLiBUaOG7pyDEkOG7qWMsIFRQLiBIQ00!3m6!1s0x31752709bc5097b7:0x43d68e139b456316!8m2!3d10.8554246!4d106.785659!15sCnRNSU5JU1RPUCAxNUEgUGjDom4ga2h1IEUxLCBLaHUgQ8O0bmcgTmdo4buHIENhbywgWGEgTOG7mSBIw6AgTuG7mWksIFBoxrDhu51uZyBIaeG7h3AgUGjDuiwgVFAuIFRo4bunIMSQ4bupYywgVFAuIEhDTSIDiAEBWm8ibW1pbmlzdG9wIDE1YSBwaMOibiBraHUgZTEga2h1IGPDtG5nIG5naOG7hyBjYW8geGEgbOG7mSBow6AgbuG7mWkgcGjGsOG7nW5nIGhp4buHcCBwaMO6IHRwIHRo4bunIMSR4bupYyB0cCBoY22SARFjb252ZW5pZW5jZV9zdG9yZZoBI0NoWkRTVWhOTUc5blMwVkpRMEZuVFVOdk1IWnBTR0ZCRUFF4AEA-gEECAAQQA!16s%2Fg%2F11f5ms4_1z?entry=ttu&g_ep=EgoyMDI1MTEwNC4xIKXMDSoASAFQAw%3D%3D","Vietnam, Thành phố Hồ Chí Minh, Thủ Đức, Hiệp Phú, Song Hành Xa Lộ Hà Nội",10.8554246,106.785659,"https://www.google.com/maps/place/MINISTOP-HUTECH%2BKHU%2BE/@10.8554246,106.785659,17z/data=!3m1!4b1!4m6!3m5!1s0x31752709bc5097b7:0x43d68e139b456316!8m2!3d10.8554246!4d106.785659!16s/g/11f5ms4_1z","https://www.google.com/maps/place/MINISTOP-HUTECH%2BKHU%2BE/@10.8554246,106.785659,17z/data=!3m1!4b1!4m6!3m5!1s0x31752709bc5097b7:0x43d68e139b456316!8m2!3d10.8554246!4d106.785659!16s/g/11f5ms4_1z",place
"https://www.google.com/maps/place/Ministop+Vietnam+company+limited/@10.8004298,106.7046096,17z/data=!4m10!1m2!2m1!1zbWluaXN0b3AgMjE1IMSQaeG7h24gQmnDqm4gUGjhu6c!3m6!1s0x31752f373ef3a5b1:0x569a2a75929fd426!8m2!3d10.8004298!4d106.7067983!15sCiBtaW5pc3RvcCAyMTUgxJBp4buHbiBCacOqbiBQaOG7pyIDiAEBkgERY29udmVuaWVuY2Vfc3RvcmXgAQA!16s%2Fg%2F11f2b70817?entry=ttu&g_ep=EgoyMDI1MTEwNC4xIKXMDSoASAFQAw%3D%3D","215 Điện Biên Phủ, Phường 2, Bình Thạnh, Thành phố Hồ Chí Minh, Vietnam",10.8004298,106.7067983,"https://www.google.com/maps/place/Ministop%2BVietnam%2Bcompany%2Blimited/@10.8004298,106.7067983,17z/data=!3m1!4b1!4m6!3m5!1s0x31752f373ef3a5b1:0x569a2a75929fd426!8m2!3d10.8004298!4d106.7067983!16s/g/11f2b70817","https://www.google.com/maps/place/Ministop%2BVietnam%2Bcompany%2Blimited/@10.8004298,106.7067983,17z/data=!3m1!4b1!4m6!3m5!1s0x31752f373ef3a5b1:0x569a2a75929fd426!8m2!3d10.8004298!4d106.7067983!16s/g/11f2b70817",place
"https://www.google.com/maps/place/Ministop+Ho%C3%A0ng+Di%E1%BB%87u/@10.762689,106.7026494,17z/data=!3m1!4b1!4m6!3m5!1s0x31752f6b763101b7:0x9f26ecc76c41f8ee!8m2!3d10.762689!4d106.7026494!16s%2Fg%2F11f040skkz?entry=ttu&g_ep=EgoyMDI1MTEwNC4xIKXMDSoASAFQAw%3D%3D","192A Hoàng Diệu, Phường 9, Quận 4, Thành phố Hồ Chí Minh, Vietnam",10.762689,106.7026494,"https://www.google.com/maps/place/Ministop%2BHo%C3%A0ng%2BDi%E1%BB%87u/@10.762689,106.7026494,17z/data=!3m1!4b1!4m6!3m5!1s0x31752f6b763101b7:0x9f26ecc76c41f8ee!8m2!3d10.762689!4d106.7026494!16s/g/11f040skkz","https://www.google.com/maps/place/Ministop%2BHo%C3%A0ng%2BDi%E1%BB%87u/@10.762689,106.7026494,17z/data=!3m1!4b1!4m6!3m5!1s0x31752f6b763101b7:0x9f26ecc76c41f8ee!8m2!3d10.762689!4d106.7026494!16s/g/11f040skkz",place
"https://www.google.com/maps/place/Ministop/@10.8044627,106.7365124,16z/data=!4m10!1m2!2m1!1sministop+masteri+thao+dien!3m6!1s0x3175270034743f85:0x5e713213f91f5ce4!8m2!3d10.8028279!4d106.7419312!15sChptaW5pc3RvcCBtYXN0ZXJpIHRoYW8gZGllbiIDiAEBWhwiGm1pbmlzdG9wIG1hc3RlcmkgdGhhbyBkaWVukgERY29udmVuaWVuY2Vfc3RvcmWaAURDaTlEUVVsUlFVTnZaRU5vZEhsalJqbHZUMjFhWmxOcVpGcGhWVEZNVDFSU2RtTkhlRWxQVlVaWlQwVldabFpzUlJBQuABAPoBBAgAECc!16s%2Fg%2F11x7pptdj9?entry=ttu&g_ep=EgoyMDI1MTEwNC4xIKXMDSoASAFQAw%3D%3D","RP3R+4Q7, Thảo Điền, Thủ Đức, Thành phố Hồ Chí Minh, Vietnam",10.8028279,106.7419312,"https://www.google.com/maps/place/Ministop/@10.8028279,106.7419312,17z/data=!3m1!4b1!4m6!3m5!1s0x3175270034743f85:0x5e713213f91f5ce4!8m2!3d10.8028279!4d106.7419312!16s/g/11x7pptdj9","https://www.google.com/maps/place/Ministop/@10.8028279,106.7419312,17z/data=!3m1!4b1!4m6!3m5!1s0x3175270034743f85:0x5e713213f91f5ce4!8m2!3d10.8028279!4d106.7419312!16s/g/11x7pptdj9",place
"https://www.google.com/maps/place/Ministop+Vu+Tong+Phan/@10.7978134,106.7428493,17z/data=!3m1!4b1!4m6!3m5!1s0x3175261275f934bd:0xf84c37ce15bb39d!8m2!3d10.7978134!4d106.7428493!16s%2Fg%2F11csr6xmsg?entry=ttu&g_ep=EgoyMDI1MTEwNC4xIKXMDSoASAFQAw%3D%3D","8 Vũ Tông Phan, An Phú, Thủ Đức, Thành phố Hồ Chí Minh, Vietnam",10.7978134,106.7428493,"https://www.google.com/maps/place/Ministop%2BVu%2BTong%2BPhan/@10.7978134,106.7428493,17z/data=!3m1!4b1!4m6!3m5!1s0x3175261275f934bd:0xf84c37ce15bb39d!8m2!3d10.7978134!4d106.7428493!16s/g/11csr6xmsg","https://www.google.com/maps/place/Ministop%2BVu%2BTong%2BPhan/@10.7978134,106.7428493,17z/data=!3m1!4b1!4m6!3m5!1s0x3175261275f934bd:0xf84c37ce15bb39d!8m2!3d10.7978134!4d106.7428493!16s/g/11csr6xmsg",place
"https://www.google.com/maps/place/Ministop+-+Ho%C3%A0ng+Hoa+Th%C3%A1m/@10.7972824,106.6471526,17z/data=!3m1!4b1!4m6!3m5!1s0x3175294bfdb49e61:0x1f5b6477bf41144b!8m2!3d10.7972824!4d106.6471526!16s%2Fg%2F11ggzlysn2?entry=ttu&g_ep=EgoyMDI1MTEwNC4xIKXMDSoASAFQAw%3D%3D","18 Hoàng Hoa Thám, Phường 12, Tân Bình, Thành phố Hồ Chí Minh, Vietnam",10.7972824,106.6471526,"https://www.google.com/maps/place/Ministop%2B-%2BHo%C3%A0ng%2BHoa%2BTh%C3%A1m/@10.7972824,106.6471526,17z/data=!3m1!4b1!4m6!3m5!1s0x3175294bfdb49e61:0x1f5b6477bf41144b!8m2!3d10.7972824!4d106.6471526!16s/g/11ggzlysn2","https://www.google.com/maps/place/Ministop%2B-%2BHo%C3%A0ng%2BHoa%2BTh%C3%A1m/@10.7972824,106.6471526,17z/data=!3m1!4b1!4m6!3m5!1s0x3175294bfdb49e61:0x1f5b6477bf41144b!8m2!3d10.7972824!4d106.6471526!16s/g/11ggzlysn2",place
"https://www.google.com/maps/place/HCMC+National+University+Dormitory+Zone+A/@10.8782463,106.8062905,17z/data=!3m1!4b1!4m6!3m5!1s0x3174d8a5f4e477e9:0x29d5aeb365cee20b!8m2!3d10.8782463!4d106.8062905!16s%2Fg%2F1tncqcyc?entry=ttu&g_ep=EgoyMDI1MTEwNC4xIKXMDSoASAFQAw%3D%3D","Đường Tạ Quang Bửu, Khu phố 33, Dĩ An, Thành phố Hồ Chí Minh, Vietnam",10.8782463,106.8062905,"https://www.google.com/maps/place/HCMC%2BNational%2BUniversity%2BDormitory%2BZone%2BA/@10.8782463,106.8062905,17z/data=!3m1!4b1!4m6!3m5!1s0x3174d8a5f4e477e9:0x29d5aeb365cee20b!8m2!3d10.8782463!4d106.8062905!16s/g/1tncqcyc","https://www.google.com/maps/place/HCMC%2BNational%2BUniversity%2BDormitory%2BZone%2BA/@10.8782463,106.8062905,17z/data=!3m1!4b1!4m6!3m5!1s0x3174d8a5f4e477e9:0x29d5aeb365cee20b!8m2!3d10.8782463!4d106.8062905!16s/g/1tncqcyc",place
"https://www.google.com/maps/place/Ministop+-+Nguy%E1%BB%85n+Tr%E1%BB%8Dng+Tuy%E1%BB%83n/@10.7982727,106.6675063,17z/data=!3m1!4b1!4m6!3m5!1s0x3175292ef7b27bf5:0xd45450a361979a51!8m2!3d10.7982727!4d106.6675063!16s%2Fg%2F11c5_lgxkt?entry=ttu&g_ep=EgoyMDI1MTEwNC4xIKXMDSoASAFQAw%3D%3D","351A Nguyễn Trọng Tuyển, Phường 1, Tân Bình, Thành phố Hồ Chí Minh, Vietnam",10.7982727,106.6675063,"https://www.google.com/maps/place/Ministop%2B-%2BNguy%E1%BB%85n%2BTr%E1%BB%8Dng%2BTuy%E1%BB%83n/@10.7982727,106.6675063,17z/data=!3m1!4b1!4m6!3m5!1s0x3175292ef7b27bf5:0xd45450a361979a51!8m2!3d10.7982727!4d106.6675063!16s/g/11c5_lgxkt","https://www.google.com/maps/place/Ministop%2B-%2BNguy%E1%BB%85n%2BTr%E1%BB%8Dng%2BTuy%E1%BB%83n/@10.7982727,106.6675063,17z/data=!3m1!4b1!4m6!3m5!1s0x3175292ef7b27bf5:0xd45450a361979a51!8m2!3d10.7982727!4d106.6675063!16s/g/11c5_lgxkt",place
"https://www.google.com/maps/place/MINISTOP+-+Truong+Cong+Dinh/@10.7964744,106.6409175,17z/data=!3m1!4b1!4m6!3m5!1s0x3175294d8aaa746f:0xf19309f6fbe8ecf1!8m2!3d10.7964744!4d106.6409175!16s%2Fg%2F11c1r6w2x8?entry=ttu&g_ep=EgoyMDI1MTEwNC4xIKXMDSoASAFQAw%3D%3D","88 Trương Công Định, Phường Tân Bình, Tân Bình, Thành phố Hồ Chí Minh, Vietnam",10.7964744,106.6409175,"https://www.google.com/maps/place/MINISTOP%2B-%2BTruong%2BCong%2BDinh/@10.7964744,106.6409175,17z/data=!3m1!4b1!4m6!3m5!1s0x3175294d8aaa746f:0xf19309f6fbe8ecf1!8m2!3d10.7964744!4d106.6409175!16s/g/11c1r6w2x8","https://www.google.com/maps/place/MINISTOP%2B-%2BTruong%2BCong%2BDinh/@10.7964744,106.6409175,17z/data=!3m1!4b1!4m6!3m5!1s0x3175294d8aaa746f:0xf19309f6fbe8ecf1!8m2!3d10.7964744!4d106.6409175!16s/g/11c1r6w2x8",place
"https://www.google.com/maps/place/Ministop+B22+B%E1%BA%A1ch+%C4%90%E1%BA%B1ng/@10.8150325,106.6680035,17z/data=!3m1!4b1!4m6!3m5!1s0x31752918f9dc4129:0x541a8fb2d2ee720c!8m2!3d10.8150325!4d106.6680035!16s%2Fg%2F11cls_wfvc?entry=ttu&g_ep=EgoyMDI1MTEwNC4xIKXMDSoASAFQAw%3D%3D","B22 Đ. Bạch Đằng, Phường 2, Tân Bình, Thành phố Hồ Chí Minh, Vietnam",10.8150325,106.6680035,"https://www.google.com/maps/place/Ministop%2BB22%2BB%E1%BA%A1ch%2B%C4%90%E1%BA%B1ng/@10.8150325,106.6680035,17z/data=!3m1!4b1!4m6!3m5!1s0x31752918f9dc4129:0x541a8fb2d2ee720c!8m2!3d10.8150325!4d106.6680035!16s/g/11cls_wfvc","https://www.google.com/maps/place/Ministop%2BB22%2BB%E1%BA%A1ch%2B%C4%90%E1%BA%B1ng/@10.8150325,106.6680035,17z/data=!3m1!4b1!4m6!3m5!1s0x31752918f9dc4129:0x541a8fb2d2ee720c!8m2!3d10.8150325!4d106.6680035!16s/g/11cls_wfvc",place
"https://www.google.com/maps/place/Ministop+-+H%E1%BA%ADu+Giang/@10.8078959,106.6624332,17z/data=!3m1!4b1!4m6!3m5!1s0x3175293c9c881bfd:0x93b83ccb85e4f199!8m2!3d10.8078959!4d106.6624332!16s%2Fg%2F11c4wxbf93?entry=ttu&g_ep=EgoyMDI1MTEwNC4xIKXMDSoASAFQAw%3D%3D","Số 45 Hậu Giang, Phường 4, Tân Bình, Thành phố Hồ Chí Minh, Vietnam",10.8078959,106.6624332,"https://www.google.com/maps/place/Ministop%2B-%2BH%E1%BA%ADu%2BGiang/@10.8078959,106.6624332,17z/data=!3m1!4b1!4m6!3m5!1s0x3175293c9c881bfd:0x93b83ccb85e4f199!8m2!3d10.8078959!4d106.6624332!16s/g/11c4wxbf93","https://www.google.com/maps/place/Ministop%2B-%2BH%E1%BA%ADu%2BGiang/@10.8078959,106.6624332,17z/data=!3m1!4b1!4m6!3m5!1s0x3175293c9c881bfd:0x93b83ccb85e4f199!8m2!3d10.8078959!4d106.6624332!16s/g/11c4wxbf93",place
"https://www.google.com/maps/place/MINISTOP/@10.7886669,106.69775,17z/data=!3m1!4b1!4m6!3m5!1s0x31752f3530228871:0x9ed43bba8815786!8m2!3d10.7886669!4d106.69775!16s%2Fg%2F11c5ssqzxz?entry=ttu&g_ep=EgoyMDI1MTEwNC4xIKXMDSoASAFQAw%3D%3D","2 Đ. Trần Doãn Khanh, Đa Kao, Quận 1, Thành phố Hồ Chí Minh, Vietnam",10.7886669,106.69775,"https://www.google.com/maps/place/MINISTOP/@10.7886669,106.69775,17z/data=!3m1!4b1!4m6!3m5!1s0x31752f3530228871:0x9ed43bba8815786!8m2!3d10.7886669!4d106.69775!16s/g/11c5ssqzxz","https://www.google.com/maps/place/MINISTOP/@10.7886669,106.69775,17z/data=!3m1!4b1!4m6!3m5!1s0x31752f3530228871:0x9ed43bba8815786!8m2!3d10.7886669!4d106.69775!16s/g/11c5ssqzxz",place
"https://www.google.com/maps/place/Ministop/@10.7930031,106.6421615,17z/data=!3m1!4b1!4m6!3m5!1s0x3175294d4edea821:0xca237e6c06bb6378!8m2!3d10.7930031!4d106.6421615!16s%2Fg%2F11b67njyft?entry=ttu&g_ep=EgoyMDI1MTEwNC4xIKXMDSoASAFQAw%3D%3D","191 Đ. Nguyễn Hồng Đào, Phường Tân Bình, Tân Bình, Thành phố Hồ Chí Minh, Vietnam",10.7930031,106.6421615,"https://www.google.com/maps/place/Ministop/@10.7930031,106.6421615,17z/data=!3m1!4b1!4m6!3m5!1s0x3175294d4edea821:0xca237e6c06bb6378!8m2!3d10.7930031!4d106.6421615!16s/g/11b67njyft","https://www.google.com/maps/place/Ministop/@10.7930031,106.6421615,17z/data=!3m1!4b1!4m6!3m5!1s0x3175294d4edea821:0xca237e6c06bb6378!8m2!3d10.7930031!4d106.6421615!16s/g/11b67njyft",place
